client_id,default
CC_0012A082B7B7,0.14005716
CC_0012BC27DFB6,0.13788442
CC_001563B2143D,0.097151026
CC_001B46930B6F,0.10068481
CC_001D771E1C9F,0.05682945
CC_0028BD91E759,0.07798234
CC_0029971D7EF4,0.2712734
CC_002B8C00B239,0.055847816
CC_0035DFA86185,0.7621988
CC_0042D11A6D0F,0.08854514
CC_004D21A4ABB6,0.117920265
CC_004EE05FC2EF,0.5566784
CC_0050E546EDCE,0.6579766
CC_005D7F31F785,0.073992655
CC_0079996ED779,0.18066683
CC_0082B4E1D9CE,0.06600361
CC_00B01C73CEB8,0.15452227
CC_00B74FFEEA53,0.17357528
CC_00BF6791C18C,0.10231651
CC_00C5E30B288C,0.32799214
CC_00C68CE1CC12,0.39594668
CC_00CC4148959F,0.18000416
CC_00D428772D30,0.35400292
CC_00D5806C7783,0.096454844
CC_00D5C677C2AE,0.4335553
CC_00DA781C4D66,0.09987586
CC_00E7E2D6B548,0.20279041
CC_012BC0A68DC1,0.0700323
CC_014911033882,0.15276822
CC_014F7EF4E595,0.60194504
CC_016501B25F2B,0.062712535
CC_016767D9B049,0.0449156
CC_017598512EA2,0.116364256
CC_01941532C804,0.16177681
CC_01A66C6E22FF,0.75580907
CC_01A684355200,0.17920503
CC_01AC62740827,0.105229646
CC_01B0EFE5DB79,0.21904421
CC_01B876B2988F,0.22465809
CC_01CBB64C1DB1,0.3745212
CC_01DBD993A1FC,0.073996276
CC_01DC49D55C2D,0.040156983
CC_01EF18A3ADBC,0.5043359
CC_020252D37557,0.18221402
CC_020BCDBCA8CA,0.33567002
CC_021A6DD97ED4,0.1537823
CC_022054506F33,0.06948009
CC_0225D6231EAA,0.081046924
CC_024B524B0176,0.037215095
CC_0256303A6DC0,0.21524674
CC_02589E6E4714,0.06278731
CC_025927626E10,0.764717
CC_0283023DB294,0.041681524
CC_02903C6FC0C0,0.20870185
CC_0296E572CF21,0.04421153
CC_02999E509460,0.53304625
CC_029E835D91BB,0.08332409
CC_02A32EC3526B,0.11278701
CC_02A393632CD3,0.25277105
CC_02A3E21B28BC,0.7492669
CC_02A4B4644529,0.11056627
CC_02B43865B30E,0.060090445
CC_02B5A1A178A2,0.16080901
CC_02BC4785773C,0.20788372
CC_02BEDD9627DD,0.7209768
CC_02CD2C1EFBB0,0.11133063
CC_02D4430492D3,0.3441243
CC_02F79A06858B,0.117782965
CC_02FA254C9D43,0.04450815
CC_03062402B4EE,0.059602447
CC_03072CF2EC63,0.32035008
CC_0315369B079D,0.10081144
CC_03199242A810,0.1845304
CC_03214BA76DB4,0.24173295
CC_032735A44CC6,0.07749979
CC_0330340F2FE5,0.19190365
CC_033236FAAFDB,0.14085057
CC_0337298F948C,0.05954118
CC_0341CAE5E2E8,0.2596385
CC_03434E2371CD,0.37742603
CC_03547AAB948A,0.2243351
CC_0354D0453D8E,0.10489859
CC_03592E51F427,0.81981254
CC_0365DEB525A3,0.087779604
CC_036782052BC9,0.35349497
CC_036977A50F1A,0.14785163
CC_03720D08B8C2,0.2785723
CC_038AE599BCA8,0.33565396
CC_039E67CDFE1E,0.33248037
CC_03AC962FC717,0.21954441
CC_03B00DFA3A85,0.7992008
CC_03BC6380E968,0.46837243
CC_03BC730E0B02,0.031208074
CC_03BD4F22DA3D,0.1408662
CC_03C7E1EF6F69,0.814332
CC_03C9FA383477,0.08235754
CC_03D1AAE90CA6,0.066884026
CC_03DBB9598F39,0.12821165
CC_03F18B43797C,0.088815436
CC_03F80118E46D,0.048551954
CC_0405E0151A6D,0.15706635
CC_041FEE6C805E,0.35203743
CC_042F88EE269B,0.17605516
CC_043D98ED7F98,0.1918168
CC_044C3537B769,0.12985827
CC_045932C46685,0.13068046
CC_04629624AA8D,0.19060716
CC_04690B4A6AF1,0.23634419
CC_046CF40369FB,0.117075145
CC_046D6EC816AB,0.40556598
CC_0475CD95EDC9,0.12354756
CC_04796F06B82B,0.104594395
CC_04AC7C1CE736,0.3393357
CC_04AEDD051B96,0.33499044
CC_04B42AD0E01A,0.34816343
CC_04BBD1DB360C,0.2913822
CC_04C767FFDA0F,0.46676683
CC_04C7B819B9B9,0.09237002
CC_04D127A775DE,0.09586812
CC_04D9ED00053F,0.058623802
CC_04E0EFC4F548,0.30212682
CC_04E6848903E8,0.038607717
CC_04F69D03ECE1,0.32759953
CC_04FA1CFA1DEB,0.18805099
CC_04FA6842AC62,0.03828025
CC_0502F3791166,0.28252
CC_050B514E15FD,0.16349947
CC_051ADBD6D835,0.08510126
CC_051B4644216C,0.08081634
CC_051C0A644DD3,0.026240967
CC_051CBF566856,0.042960297
CC_051EEA9AE819,0.14604951
CC_0520E27BE904,0.18773207
CC_05224448D290,0.13566017
CC_0525DE4744C0,0.04159956
CC_052F5CD81EFE,0.1685657
CC_05368FAD2E6D,0.08493674
CC_053788B82006,0.094764076
CC_05471A48C6F5,0.14753646
CC_056DBA1A87BA,0.07771888
CC_05901F3E7A0D,0.16520712
CC_05906BC8ED3F,0.14072594
CC_059D55E32C78,0.08421062
CC_05A12EF84A86,0.41179425
CC_05A42D035609,0.15942998
CC_05AD75A5CE38,0.063112766
CC_05BBD4B92613,0.49382043
CC_05C8EF6500D7,0.81723785
CC_05DDB7B07497,0.085318245
CC_05ECAE6E0774,0.23897085
CC_05F11F14DF9E,0.34628522
CC_05FA9192590F,0.12904026
CC_05FD764FB154,0.7607555
CC_0608DBB4DF03,0.2748208
CC_06198383F6D4,0.09483718
CC_06199EBE2B05,0.2339202
CC_062A8881A331,0.066694304
CC_062F74350907,0.049077816
CC_0635AD30F004,0.8230536
CC_0639F539946C,0.3444032
CC_063DDB42CF5C,0.08212927
CC_06405C00E240,0.26358634
CC_064920FC9DAC,0.0585267
CC_0650AB329174,0.8235507
CC_066941B109B9,0.15948188
CC_066AA16F5874,0.3382468
CC_06732311FB8B,0.15894209
CC_06780061F889,0.1191825
CC_068A81B06B74,0.40790036
CC_06A1C5FE269B,0.28915423
CC_06AA7138DAF8,0.043681853
CC_06C0DD0D066E,0.7415719
CC_06C97CFBD476,0.16333699
CC_06D15F523C05,0.22850126
CC_06D35787AD65,0.043887444
CC_06DA375201A2,0.07819923
CC_06DB455FF19B,0.62804896
CC_06F3674E7313,0.40273333
CC_070232DF9996,0.12918398
CC_07141FA77DBF,0.12032539
CC_0715F11CC8CA,0.23471996
CC_07168A9C843C,0.21180797
CC_072AB9F855DD,0.034610815
CC_07337AF6AC2A,0.11401346
CC_07434E4E5C28,0.08510111
CC_074381358A2C,0.031094711
CC_074E7CA75E8A,0.27605617
CC_075D0C618BAB,0.23003638
CC_075D804F7851,0.09308253
CC_0765961D818F,0.32814407
CC_07698F10563E,0.062257472
CC_0773B9BA9E18,0.35976988
CC_0784ABDA7F8C,0.1800811
CC_0790C9F9EC9C,0.09001217
CC_07A996E6CA6C,0.2856176
CC_07B588ED677A,0.16326421
CC_07B730FD7F82,0.13210997
CC_07BE6961D039,0.08203824
CC_07D23A6BAF5C,0.12000541
CC_07E08196A3DB,0.04744861
CC_07E4850039B3,0.102712765
CC_07FAAF8B2D23,0.056790605
CC_07FB3FD9BE0B,0.11422114
CC_080CB94A724F,0.3398429
CC_0837C56711FE,0.09861709
CC_084100A049EE,0.06650506
CC_084113D0951B,0.28186753
CC_0843DDCDD601,0.6673615
CC_0846C14EAAFE,0.05041745
CC_085091ADED2C,0.18466835
CC_087943B4A5D2,0.15520056
CC_08A97B98C405,0.1529782
CC_08AA321BC4AD,0.16569757
CC_08AA44ECBDD5,0.07445683
CC_08AE2EE9D798,0.19431159
CC_08B149462891,0.16622537
CC_08C71A8D2D58,0.056014672
CC_08D645F7B257,0.055472713
CC_08D80BF0B273,0.06276077
CC_08F52B1BE431,0.17877755
CC_0903571AC7E7,0.13227297
CC_090D528C09D0,0.41842782
CC_09106BA6CFC9,0.0917331
CC_0915905A5D48,0.07523508
CC_0918F67CDF01,0.15133393
CC_0925D0B6276C,0.1613212
CC_092A2830E36A,0.78542536
CC_0951489C8F79,0.042380117
CC_0951FA4D5513,0.096989855
CC_095C712064EA,0.080758445
CC_0969AA7BEC71,0.09182714
CC_0974840BED49,0.7759721
CC_097BD371F652,0.0825008
CC_097C8139DBD1,0.06382684
CC_0981CA4DBCE0,0.025545886
CC_09A5D2F129A4,0.23356515
CC_09A9BE38080D,0.093698725
CC_09CDC42E000B,0.19775641
CC_09D8DBAB2A42,0.10604219
CC_09EBB1960580,0.052494526
CC_09EBF206FEE6,0.21302205
CC_09F2AE996181,0.095869124
CC_09F45833F53F,0.12901923
CC_09F4F5C5B4EA,0.8017379
CC_0A04BF4005F8,0.17576468
CC_0A0E563D1060,0.08756334
CC_0A0F781A999D,0.14622295
CC_0A1138C37BC0,0.14378381
CC_0A334A16524B,0.056861922
CC_0A359CD5D73A,0.06619397
CC_0A3E2C273DB5,0.08252755
CC_0A4705B1E08B,0.058645077
CC_0A67EB7C5282,0.17759258
CC_0A6CD64871E5,0.3689223
CC_0A75643FDC7B,0.06446875
CC_0A8066F501AC,0.049596637
CC_0A83017D027D,0.18859977
CC_0A9AB7441D5B,0.3236844
CC_0AAA72FA148E,0.34474346
CC_0AAC488C8AE4,0.43030176
CC_0AC2DB82398C,0.3450514
CC_0ACA2C49A497,0.13045065
CC_0AD4BBEA75ED,0.051092148
CC_0ADCD6553B8C,0.05856748
CC_0ADE56B56C41,0.042567827
CC_0AF4B5B4162F,0.74480057
CC_0AF9BD814AC7,0.107434556
CC_0B083BE0FEA3,0.107022695
CC_0B1384331163,0.068227425
CC_0B216C6AF0F2,0.027722415
CC_0B3465DB0684,0.5901979
CC_0B442B91679E,0.13932216
CC_0B455175F494,0.098546885
CC_0B4C01B4002C,0.21562469
CC_0B544A526D6C,0.05602744
CC_0B5B19AFCD18,0.053230673
CC_0B5BD2D224BF,0.067926794
CC_0B6407C2C9BD,0.16152322
CC_0B73F59991EE,0.07117657
CC_0B7579216681,0.09791426
CC_0B7F3B4B32C1,0.29848313
CC_0B830A67900A,0.11545558
CC_0B84250F96B8,0.21881121
CC_0B92212B8E27,0.32312572
CC_0BB43BC4B3BC,0.12708202
CC_0BB992973640,0.066578016
CC_0BBC41297846,0.096470624
CC_0BDDB468A1E0,0.24746792
CC_0C00A631C2B4,0.08403081
CC_0C011AF6C857,0.3572444
CC_0C0459AB67DE,0.124053374
CC_0C18B07E451D,0.09918958
CC_0C19EB845CA2,0.23258075
CC_0C1A736F37CC,0.08435587
CC_0C335C9D86F7,0.78136647
CC_0C4C24D066E9,0.15757039
CC_0C5499989AF4,0.16957113
CC_0C95548CC1BD,0.14223826
CC_0CA2DE660B41,0.22224215
CC_0CA6D8CFCF2B,0.24036409
CC_0CA9DF9C5C15,0.06640638
CC_0CA9F52C92A8,0.18596786
CC_0CAFB6C41CE7,0.12573469
CC_0CB27D5313F1,0.5245936
CC_0CC9DDDB8B44,0.05252193
CC_0CCA18595BA5,0.28375033
CC_0CD90568D3E6,0.20437251
CC_0CE0D56B0584,0.09046021
CC_0CEA028BF961,0.28471988
CC_0CF67D68AF16,0.31819975
CC_0CFAA0FB0691,0.07376056
CC_0CFFD2785D2D,0.10600766
CC_0D28AF91CE97,0.13222572
CC_0D34E55A580B,0.097482175
CC_0D3663B6524E,0.71625197
CC_0D3C2864ACD2,0.35692436
CC_0D5F4BE8132C,0.18008927
CC_0D6D5ACB0889,0.21039614
CC_0D7BFE8CC0D5,0.13434246
CC_0D8852AAB481,0.18695709
CC_0D97EF394C79,0.37472418
CC_0DA8FDDE6DD0,0.058273293
CC_0DABB89E37CE,0.079123095
CC_0DAF0F2FAA86,0.09354025
CC_0DB9E5F8EDAD,0.08090837
CC_0DBC64F88C05,0.17070451
CC_0DBDF018E822,0.07829733
CC_0DC31A5A1096,0.051139124
CC_0DC3870F23D0,0.06136339
CC_0DD39F5D7C0D,0.055010498
CC_0DDC2C18BBDE,0.06595293
CC_0DE09CAA93E5,0.12003824
CC_0DEA4477FDC1,0.12375178
CC_0DED63EF6639,0.20773321
CC_0DED7DBF26F6,0.2747218
CC_0DF01CD21B9D,0.18924849
CC_0DF6A478C01B,0.2264275
CC_0DFE1A3FA5AE,0.16920757
CC_0E07D5FB24B2,0.10650051
CC_0E0CD9F23A5F,0.79172295
CC_0E121FCB1D47,0.08162527
CC_0E1423A4C263,0.21234636
CC_0E16883EE8E6,0.36393344
CC_0E1A2BA1C545,0.24148616
CC_0E2B52BBA69B,0.073005885
CC_0E40BAFC3530,0.1763474
CC_0E48EE235179,0.06060227
CC_0E4FA0FB9797,0.5417174
CC_0E5162F59924,0.75185233
CC_0E5E2FCAC8C2,0.26500225
CC_0E68C2BE2A75,0.12646535
CC_0E6C5A8D8CE4,0.111592606
CC_0E6E9B0E674E,0.09435493
CC_0E746EAD6CE9,0.079857826
CC_0E968E7C22C1,0.3549204
CC_0EA1483F50A9,0.14994091
CC_0EA81362C7D1,0.17199662
CC_0EAE97520873,0.3098423
CC_0EBCF4228FF2,0.47521603
CC_0EBDEFD0BDC2,0.0748079
CC_0EC6AEDA63EC,0.27459848
CC_0ED61DD76795,0.11902519
CC_0EE33B1B71D5,0.14143017
CC_0EE7EFF13EBA,0.059308402
CC_0F0F136B0991,0.181764
CC_0F0FAF218BCB,0.061811045
CC_0F125B48F175,0.12660268
CC_0F292A238627,0.10867903
CC_0F2949A1746E,0.092930764
CC_0F2B71163121,0.08502658
CC_0F393F1DE2EB,0.06651828
CC_0F41B187053C,0.36237806
CC_0F52EDC9D383,0.11454361
CC_0F62C4F36236,0.10676333
CC_0F6A29CE5D45,0.22109368
CC_0F7C0515A6CF,0.16709982
CC_0F8D6C89202F,0.1770781
CC_0F933684CC08,0.13299763
CC_0F9BA54F2AF6,0.050302923
CC_0FA06CE7FAE8,0.045542456
CC_0FD25AA655DA,0.1822843
CC_0FF5570E06EC,0.76650935
CC_10197FE0E34B,0.6560707
CC_10355B5718CD,0.12715243
CC_103A9D18EC12,0.15441018
CC_1040DB6A21EA,0.147973
CC_104D2B84FC4F,0.041922085
CC_104EA2802A11,0.111132175
CC_105777B1BF91,0.062429972
CC_1059F1B6C0C3,0.13041739
CC_1061947FDD14,0.0683406
CC_10689257E68C,0.28332388
CC_106BFCFA7D7B,0.035416365
CC_108FA04AC10D,0.099461876
CC_1092915D0093,0.12018119
CC_10A30F88E157,0.16120848
CC_10A657027AC9,0.7735933
CC_10A6EAF27BF3,0.050880503
CC_10B148BED568,0.3384858
CC_10BB7101F191,0.03749453
CC_10BC5BC3A9AD,0.410265
CC_10F27C70AB99,0.118056916
CC_10FADDF63CDC,0.15611956
CC_1107D9301AA0,0.093373954
CC_111A6DE5D9C7,0.7136202
CC_111DC3B1756E,0.26315728
CC_1131156CC6F6,0.15490222
CC_113B66D5D5D9,0.13118742
CC_1143254EFF36,0.059609454
CC_1145E5277FA7,0.31776688
CC_11521077BBB0,0.11966071
CC_1154861ABCCB,0.5158533
CC_115BCAEAE2A0,0.11148691
CC_115BF13E8BFC,0.22907929
CC_115EBE5044BD,0.36811697
CC_1165AA07FC47,0.6865083
CC_116EE8219753,0.052060746
CC_1176FA3233B3,0.06410626
CC_117C2A1587ED,0.08713007
CC_118C0A1D14B2,0.2683981
CC_118ECB589F3C,0.106402025
CC_1190F13FB1FC,0.12635991
CC_1192EEC65A1E,0.20640527
CC_119B1FEC4D83,0.24235408
CC_119C413C2580,0.11193478
CC_11AB74142A2E,0.7687942
CC_11C8A291FD11,0.17531049
CC_11D1E9C39E41,0.06819941
CC_11D600EE1BD6,0.18646543
CC_11D7539AC69D,0.20222151
CC_11D78BB50016,0.1110879
CC_11E0C583685C,0.08836427
CC_11E0D2F15AA1,0.040277902
CC_11EDFE67C719,0.7049001
CC_11EE85F284B8,0.21694005
CC_11F700202C6D,0.16623369
CC_11FB668DF543,0.10111651
CC_1209FA26609D,0.039470352
CC_120CA1B916D0,0.12332195
CC_1210186F4D33,0.04673609
CC_121F621374FC,0.22837672
CC_122532C1FBCB,0.11736278
CC_122B19CBC88C,0.70624137
CC_123C7F0111C7,0.6481101
CC_1241EE42F174,0.13342738
CC_125B7100F1DD,0.11466376
CC_1263B255B3B5,0.18180034
CC_12878596E940,0.091106065
CC_1298ED71A9E0,0.06717085
CC_12B555C6F086,0.14924102
CC_12D22C629874,0.2335934
CC_12DD89EA0C14,0.16994247
CC_12E24CDE2684,0.19284041
CC_12F3B7309455,0.5497643
CC_12F8E7A4BBE5,0.36355186
CC_12FDEAE4873F,0.24149987
CC_130F7B067939,0.37089676
CC_13209EDC85EE,0.6651475
CC_1332B6F0E543,0.210212
CC_1334E256AEBC,0.6872157
CC_1337726B2AE6,0.10622303
CC_1338237BF402,0.17615582
CC_1341DF38D9C1,0.17103785
CC_1342F868176B,0.6367717
CC_134651CCD2F8,0.14207235
CC_1363E3090578,0.056172673
CC_13736493B695,0.047719654
CC_1392DE633D4C,0.2363863
CC_139ED2E0AD76,0.081051655
CC_13A5383EA098,0.60898304
CC_13AA272C6861,0.06587772
CC_13B74E4EE3EF,0.19137767
CC_13C437E86B81,0.48548365
CC_13D61B077E7C,0.0838395
CC_13D7115A8FCC,0.20112237
CC_13DFE319B21E,0.7366892
CC_13E0F0B3FAE6,0.21800557
CC_13FD88C2920A,0.72953427
CC_1401CB818627,0.22882259
CC_140B86E74F74,0.7626126
CC_1452A0B69085,0.035118204
CC_1458CA7329A7,0.25817502
CC_1459E7125AFB,0.10625303
CC_14633EC7F622,0.3969642
CC_147B1B30DE7F,0.12475096
CC_1484511F54C5,0.34128913
CC_1489A941A69B,0.32093155
CC_14A8B16706E9,0.09578954
CC_14BE52BADB77,0.09630138
CC_14D53413FBCE,0.34232882
CC_14D59B58E51E,0.21427676
CC_14D964327B1D,0.06807758
CC_14F5D06CF093,0.12257573
CC_1501D63D5A80,0.3485617
CC_150E3A0E5084,0.21861714
CC_15152312AC56,0.0522605
CC_1522BA0411C3,0.057208113
CC_1534B0241A1B,0.058683053
CC_153BE2BEB74C,0.16287705
CC_154BBCD4DCEA,0.23047051
CC_1552EC27FC0C,0.74056464
CC_1566BFF4BCDC,0.3520295
CC_1579BD86A63D,0.28754777
CC_1583CFD90530,0.30028546
CC_1584385F38C8,0.05713869
CC_159656F13BE8,0.13503048
CC_159B6F6AAF1E,0.09630856
CC_15A4934FD96E,0.12354253
CC_15B2140CE869,0.075148955
CC_15C0972DE384,0.63358474
CC_15C0E30FF2DC,0.13076468
CC_15D617FAB434,0.07165395
CC_15DA0F4FFF0E,0.33509243
CC_15DAE76D15DF,0.05524052
CC_15DC7C139EBC,0.36270595
CC_15EB741857ED,0.09990907
CC_15EC51F4C521,0.3131864
CC_15F6259C7C53,0.08205228
CC_15F7C012E10D,0.4560161
CC_15F7C1BEC28F,0.1900033
CC_15FF58854AEA,0.21574785
CC_16035CDDC2F6,0.12197566
CC_16095572722B,0.0591039
CC_16109F1CE0A6,0.30989334
CC_16150E74E4DA,0.18490708
CC_1629E47AFBA5,0.08117077
CC_162F4582D06D,0.701665
CC_163194DFEDDA,0.049085036
CC_1640F01B7730,0.1411711
CC_16460554039F,0.0274724
CC_164D308CDE41,0.23094696
CC_1661041F819B,0.7914578
CC_166829780A76,0.109173
CC_16798666E855,0.10823636
CC_1684B5493414,0.2112506
CC_168A8907C8F4,0.056544524
CC_1690EC56D088,0.070823774
CC_169853EEAB4A,0.10951419
CC_169B7FD839BA,0.14641918
CC_16AED1A3008A,0.12225634
CC_16BAC7837C73,0.14179656
CC_16D57E1EEA01,0.14489183
CC_16D833E56D7A,0.1693855
CC_1702487A047B,0.1589597
CC_17029F78E70E,0.054097027
CC_1702F3E986AE,0.07487601
CC_1707181BB559,0.037247013
CC_17117BF03935,0.28033534
CC_1723E40C3D40,0.19241503
CC_174FBBE9ADD9,0.20994157
CC_176E6E58FD1E,0.10497044
CC_1783F37259BE,0.08817463
CC_178B135605CA,0.102001555
CC_179AA5165026,0.31777936
CC_179DBA1C4CDB,0.31876308
CC_17A1090B69C9,0.09555326
CC_17AA1A4C904D,0.19467074
CC_17B06C06FDC1,0.15657984
CC_17B89AC1FD03,0.23316817
CC_17DC33AA73F3,0.07502357
CC_17DE4D267831,0.09970626
CC_17E929BE0344,0.3273129
CC_17EB83DECE5E,0.39873993
CC_17EC9982E5A6,0.1676164
CC_17ED5555B4FD,0.23174834
CC_17F4292DAF8D,0.118311375
CC_1807B0980C86,0.07668486
CC_181354A58B53,0.08868094
CC_181E7266E018,0.094272286
CC_182AAE7CC3CA,0.47123408
CC_183EDEDC5DA7,0.0981053
CC_184C47552665,0.2685758
CC_185A7392A475,0.30885887
CC_185FEFD3233A,0.34287912
CC_18676FE5FC07,0.07630153
CC_18776C4FDE28,0.07976468
CC_187A8AECEFBC,0.1783604
CC_187E7D0B4E82,0.75776005
CC_18839D393105,0.16446935
CC_1888476F6CF3,0.07615289
CC_188B1ED2AAA5,0.34254706
CC_18A4257C3172,0.28244585
CC_18A7929D9FC9,0.24759258
CC_18A8695F185E,0.10025862
CC_18ACE64E8F74,0.17282252
CC_18BF4A29BB38,0.1186312
CC_18DE36F7D294,0.14166196
CC_190EB07AC1FC,0.12805665
CC_19219F2C60B7,0.13444589
CC_192262DB0B0F,0.0919216
CC_1929746E06CD,0.6392683
CC_193356E72D61,0.71055245
CC_193938E8EA40,0.18491226
CC_193C60092202,0.52544725
CC_193F669537D1,0.1713842
CC_194E13150BE5,0.05017197
CC_19556DDCCDB3,0.042789802
CC_195A6E9B48A2,0.14456087
CC_196DEC616B33,0.08438585
CC_1978B23D64A8,0.11326249
CC_198562A4BD86,0.15158921
CC_19864C9572BC,0.1703414
CC_19868B6887C9,0.130564
CC_19969E05AB2B,0.157952
CC_199FC89885C7,0.10551357
CC_19A40411B404,0.22130558
CC_19A6D9B60B29,0.56670696
CC_19AAB010550E,0.076002106
CC_19B4743DFEEC,0.063294396
CC_19B95A61D757,0.20199493
CC_19E6A00F6A5B,0.083797514
CC_19E8DEC29F47,0.63509834
CC_19EA54976042,0.15317091
CC_19FBBEA75B7F,0.1513742
CC_1A039E58840A,0.06297017
CC_1A075331756B,0.12211895
CC_1A1E1302C432,0.17541865
CC_1A37690EAEDB,0.14235601
CC_1A3BF9F5BD42,0.13349465
CC_1A4268FEB02E,0.18851747
CC_1A5F8618A912,0.29088715
CC_1A659D4D521E,0.41981468
CC_1A879655902A,0.076488465
CC_1A9F6DA46BC2,0.13055584
CC_1AAB15E81743,0.034678064
CC_1AAC389EF8A2,0.3101785
CC_1AAD0CE365D9,0.09814601
CC_1AAD9152C90B,0.04902034
CC_1AB15BDA9296,0.07007174
CC_1AB8BDA3041B,0.18357709
CC_1ABB9CB074E2,0.7474654
CC_1AC1B1A3978D,0.07206368
CC_1AD20D1F9C08,0.6657238
CC_1AD881A90D1A,0.32792675
CC_1AE9811724DD,0.6993037
CC_1AF1AAAB9D12,0.8131825
CC_1AFCC4D0ABD4,0.16956915
CC_1B08ADAFD1C4,0.19029686
CC_1B10139C7917,0.12312831
CC_1B127133B948,0.13486695
CC_1B25964EA376,0.12619634
CC_1B27A85C7244,0.19906692
CC_1B29F4378A34,0.11509452
CC_1B2EC0BD0677,0.38624865
CC_1B4AAF37FB97,0.102236
CC_1B5E792F6E6C,0.25856262
CC_1B7166DAA790,0.13761434
CC_1B89FD901C95,0.10109942
CC_1B91E3A70338,0.0680601
CC_1B9D9B7184F7,0.1474749
CC_1BA3FDD92B1B,0.0553232
CC_1BA9B3D67170,0.11799963
CC_1BAF97E2BCF2,0.11649163
CC_1BB7D8A54021,0.0942142
CC_1BD548A5FEF3,0.13776243
CC_1BDF1893ECEB,0.21799526
CC_1BF117A8AF9A,0.076714516
CC_1BFA7E407428,0.7117073
CC_1C0066F472E4,0.7417506
CC_1C09CC2385AF,0.06769935
CC_1C11467AB472,0.70731384
CC_1C1627B7EE6E,0.04740478
CC_1C3259B85E28,0.16806948
CC_1C334ED885FA,0.045554068
CC_1C376760FE39,0.11303531
CC_1C39A1ADF3F2,0.18168336
CC_1C450FC77478,0.12987787
CC_1C48409023DF,0.48955137
CC_1C4D03324C60,0.2908296
CC_1C5F1E1028DB,0.0519121
CC_1C6681C0AA7A,0.79282826
CC_1C84CFE19CDC,0.23991157
CC_1C8B3F689C6D,0.22241765
CC_1C95674B902D,0.038399033
CC_1C9A4C11F28F,0.15969735
CC_1CA3F50BABEA,0.07890219
CC_1CBF42D35AED,0.63998187
CC_1CC11BEADBD5,0.14927776
CC_1CC3CE396A8A,0.25085038
CC_1CD2B13C2E6B,0.08384673
CC_1CE0B37CA670,0.09891029
CC_1CF5A99FC068,0.12885474
CC_1CF71AEB6671,0.10164136
CC_1CFE066F5EE4,0.17953327
CC_1D00B360809D,0.072176546
CC_1D1173F82F2F,0.10246239
CC_1D1E06E0B393,0.18200007
CC_1D2789866B1B,0.071316086
CC_1D2DD7DF781A,0.28745586
CC_1D313498A2DF,0.18905541
CC_1D68396533F9,0.3244533
CC_1D7235BA1EAF,0.22401965
CC_1D7ABAF9D080,0.053676836
CC_1D7FA51D0D7D,0.47445947
CC_1D8CFB3589AE,0.05753573
CC_1D9421A6EB19,0.31322545
CC_1DA0AC68719F,0.27062452
CC_1DA366D588B6,0.09839348
CC_1DACBFE0296C,0.09709842
CC_1DBD6A716910,0.63484216
CC_1DCB75B5CBDE,0.3539579
CC_1DCDADBC0E90,0.38134027
CC_1DD11FAF43E8,0.13020727
CC_1DD8064E71C7,0.2290918
CC_1DEC926EE25C,0.10568241
CC_1DECBAE4FC5B,0.06054525
CC_1DFF80E6D4DF,0.06069398
CC_1E025C3597E7,0.27156645
CC_1E082052CCBA,0.68170404
CC_1E0E30441DD1,0.25298768
CC_1E20E200611C,0.13875508
CC_1E354C75EB9B,0.03641493
CC_1E3B2C15EBCD,0.18454318
CC_1E4DF11FAF55,0.12730426
CC_1E4FE60DFD8D,0.73682404
CC_1E5A648D299F,0.22907192
CC_1E6C0A8B3841,0.6396755
CC_1E7FA6E807A3,0.25104585
CC_1E93F760EC93,0.24841525
CC_1E99F40FA03E,0.090810806
CC_1EAD09DBC23F,0.20719981
CC_1EB3D53252DB,0.25305527
CC_1EC889E04D69,0.10321687
CC_1ECCBF6853F6,0.53836393
CC_1EEC4520436C,0.14874688
CC_1F2827DC99C0,0.1671417
CC_1F2C184C5227,0.07927737
CC_1F3FA8091B02,0.13558963
CC_1F4E07BFDC8C,0.04915802
CC_1F4E0E9B54BF,0.07314576
CC_1F55738A6A27,0.3393662
CC_1F65276D0EF8,0.14417163
CC_1F65C797BD40,0.046939336
CC_1F668C0AE868,0.07829712
CC_1F6B19A04BD8,0.05596578
CC_1F945A60367E,0.501734
CC_1FAB6F11DFCA,0.7077817
CC_1FACCCE95224,0.27819332
CC_1FD010E5EA82,0.0675373
CC_1FD2B7BCCD20,0.69828427
CC_1FDAEC3D5CBB,0.099421285
CC_1FDC65FE3DBE,0.17258862
CC_1FE696D8A81B,0.06946957
CC_20027685F59C,0.7664341
CC_2009F3D77774,0.12101211
CC_200C552C40F3,0.1259856
CC_201459527065,0.12332971
CC_20275029A688,0.060554974
CC_2028DA597C34,0.22972962
CC_204E557E5046,0.32430607
CC_20542CFCFB39,0.049239337
CC_2060F813C9B2,0.22006367
CC_20813A9A7F71,0.113491826
CC_208429A11E2F,0.1376212
CC_208B0FE7CBAD,0.11626382
CC_209A511030A7,0.03131761
CC_209DD60421B5,0.06603007
CC_20B26D646D62,0.1482979
CC_20C47966B174,0.18242317
CC_20CFE9681E4D,0.086573556
CC_20D4DB0F3E3D,0.056884505
CC_20DD84CE3CA0,0.09037354
CC_20E57CA675DA,0.6691389
CC_20F129FFBE00,0.24111159
CC_20F4E0F62D2C,0.0737767
CC_20FEE0B2130D,0.5493318
CC_2111B298C212,0.102994755
CC_211315AD7633,0.23196512
CC_211504721E27,0.13645354
CC_2119919BCB4F,0.7254572
CC_21375C9ED931,0.24916604
CC_213D2A5355FB,0.22966346
CC_214B50E48E94,0.13870665
CC_215F86D986BA,0.13756725
CC_21600308F496,0.04699374
CC_2166F3F6344B,0.120097235
CC_2168BBB42053,0.12532882
CC_217030CE0127,0.058895588
CC_2179067B405D,0.041115448
CC_219B59B67193,0.19147825
CC_21A9E8DB58FE,0.1357812
CC_21AE679C5E95,0.24439868
CC_21B98D13174C,0.102833405
CC_21C81BC15002,0.1248038
CC_21C9B26CFEA3,0.0776116
CC_21D22081A4CA,0.7661879
CC_21D29CD736D3,0.32801437
CC_21D3CEAF838E,0.1975738
CC_21EF792A3811,0.5317862
CC_21F04E996723,0.38054335
CC_21FB6C8AB8BF,0.42437124
CC_22067686F6C4,0.66892815
CC_2207A39B7BB8,0.1343571
CC_221053121AAB,0.2324762
CC_222423774191,0.07578759
CC_2230EFBC99AE,0.35027775
CC_223BDED2A465,0.22685578
CC_223E3CA7A07F,0.1760889
CC_2250B42E48B2,0.11607884
CC_225935E43583,0.12982528
CC_22781E93CF84,0.18161029
CC_22784AF3CB6B,0.48106867
CC_22831690395E,0.18402913
CC_228E6CBCC935,0.6187242
CC_229338EBBA6C,0.08922853
CC_229A63057E54,0.45266283
CC_22A2D8A4B437,0.07916057
CC_22ADE1EE9BC7,0.13862127
CC_22B69E7C415A,0.04706919
CC_22C590B43FEF,0.32639652
CC_22F06379D8FD,0.03980566
CC_22F282264A1D,0.102160126
CC_22FBF5F0E1C0,0.24168631
CC_2302088175A3,0.2810874
CC_230672EAA654,0.0275097
CC_230870B121F6,0.13983461
CC_230A051B2B3E,0.061103724
CC_2316F57AFB7A,0.08917573
CC_231D091FCD1D,0.06434302
CC_231FDED1781F,0.27250892
CC_2320053D1183,0.073274106
CC_2320AF507566,0.1963689
CC_23321FF41C3D,0.22150469
CC_233470D6BE72,0.61441374
CC_233C8EBC95FC,0.3234648
CC_235F99F13500,0.13482654
CC_235FC02CA52F,0.24185196
CC_236C80CAF53D,0.20125908
CC_236E7222D97C,0.077003226
CC_237B86FDC93C,0.07453889
CC_237E7EB2D7D8,0.08663398
CC_23830081EE1A,0.6131195
CC_23894AAA08DB,0.50915897
CC_238CBFD6E20C,0.35894555
CC_2392A4A79C9E,0.03812857
CC_23A474D43C73,0.17370446
CC_23A9CC59BA0D,0.027212791
CC_23B158D8306A,0.14717415
CC_23D147F1870B,0.21376395
CC_23D2E73DCFCF,0.12900138
CC_23D9103D1EAB,0.030294683
CC_23E142182F2F,0.6538165
CC_23E43713A108,0.038034618
CC_23EF2911610E,0.43777263
CC_24056B76BD7D,0.05401696
CC_2416ECE66177,0.108682334
CC_241E65816FC2,0.07066922
CC_241F7E97FBDD,0.07880166
CC_24217201D7A1,0.39877874
CC_242301FCCE50,0.06855359
CC_242C69CF0B12,0.10872134
CC_243B23702DC1,0.17595635
CC_2456B9C796E4,0.11434019
CC_2457D89CB88B,0.6131231
CC_24667210E2AF,0.19366355
CC_2468D206CAEA,0.05975873
CC_2469630A4F86,0.2961035
CC_2469D83D9594,0.043835565
CC_248C65EF54A5,0.67690253
CC_24BCCA7941E8,0.10549018
CC_24BDC1CE2A3A,0.20336682
CC_24BFCCDF957C,0.048952892
CC_24CC8A1B1CB7,0.12912324
CC_24D4B1852554,0.24622601
CC_24E65FA5A32E,0.16071181
CC_24EF3EDB6857,0.05560807
CC_24F15A19D648,0.19320825
CC_24F2410B5A19,0.115705594
CC_24F27E7DE1C6,0.5151557
CC_24FFFD0C983B,0.04476212
CC_2504E9D5D5E4,0.1482265
CC_250F6A0DB62D,0.07477528
CC_2520E13DF0A2,0.72971106
CC_2539C315029D,0.27631798
CC_25519ED78507,0.1768262
CC_255D49296DB6,0.11033598
CC_255DC60FF5BD,0.066864386
CC_2563C9EF9D55,0.061901163
CC_25756EB9651F,0.12254485
CC_257CC46D379B,0.39728916
CC_258D5F80A933,0.6646588
CC_259D87270257,0.20836818
CC_25A41AB21C94,0.2451142
CC_25ABCDCC8B71,0.11448032
CC_25AF0D0569B5,0.08200917
CC_25B61D393144,0.15548581
CC_25B95D7288CB,0.3477607
CC_25CE2F2F13BE,0.22019573
CC_25D1A5971976,0.340818
CC_25D411B46F00,0.7574313
CC_25E7A2DC5E41,0.06324814
CC_25F4C8E51AC2,0.49130642
CC_260323EFB122,0.63380814
CC_260F10484312,0.057314053
CC_2610D0F1D0A7,0.16048406
CC_2615866F35A2,0.097137995
CC_261DA4E8DBEB,0.12473492
CC_2628F00B0745,0.34284744
CC_26338E9AD15F,0.1354203
CC_26346B99BDBE,0.6228234
CC_26351DBC1AF6,0.13915884
CC_2637397AA3F3,0.61844814
CC_26675C32611C,0.7771193
CC_266E49E49071,0.19578995
CC_2696368A4DC6,0.03205819
CC_2698641B68A5,0.11586359
CC_269C5AE6A1A3,0.6298151
CC_26A06AD1206C,0.7483868
CC_26A358B0C10F,0.17935011
CC_26B07CB02EA3,0.5516389
CC_26B638BEA8CE,0.13542943
CC_26C33B649FC9,0.067301646
CC_26D5B969A36F,0.34876332
CC_26E3A1226C2D,0.14312795
CC_26EEA3F0224A,0.28135926
CC_26FA5E5A718C,0.17963181
CC_26FE119D4919,0.070111975
CC_270B462BAEF3,0.042006433
CC_270D929FEA9F,0.09296268
CC_2731AD82BA11,0.16073929
CC_274144AE3E86,0.14270121
CC_274AE6E82879,0.15049075
CC_2757A490C5E1,0.0833437
CC_2766F6011BD0,0.37046218
CC_2768E644C697,0.06483565
CC_2770DF70328D,0.07163532
CC_277503968C44,0.56078124
CC_277CE974AA8F,0.32202798
CC_277D246E39B9,0.20639707
CC_27A1CC725B7A,0.073788874
CC_27A798829CA8,0.74252784
CC_27C938FC8DC6,0.47382414
CC_27CA2D819E7A,0.051351726
CC_27E3712F0E38,0.12783721
CC_27F3B3F43FF9,0.03984745
CC_27F9832EAB8A,0.50540596
CC_2809CC131F3A,0.6036284
CC_2812523510C0,0.14685221
CC_28151C75756D,0.049941845
CC_28203CC976F9,0.11927089
CC_282AFAE06F96,0.07707423
CC_282C2404F4C0,0.08951213
CC_2834BA2F19FC,0.20188822
CC_28432E22F47D,0.5413016
CC_2844882CC439,0.05315926
CC_284F79726032,0.40082964
CC_28544783AB15,0.50943804
CC_2856104729EA,0.73541945
CC_28625CD86761,0.18108618
CC_2866BDB46FB1,0.09574784
CC_2872415C6B36,0.073883854
CC_28752737647D,0.6061024
CC_2875C281EE88,0.05078145
CC_287E3E9EDAC9,0.07245227
CC_288A2C49D62A,0.06372315
CC_288FA8CD819C,0.16588998
CC_2891894CCED4,0.06827773
CC_2895608A9699,0.12624523
CC_28A2EF7926AE,0.6402657
CC_28A7DBD2B710,0.17754148
CC_28AD81DF2C51,0.17610121
CC_28AEC29CEC25,0.15572014
CC_28C1C3DF7928,0.0983292
CC_28CA76962EC8,0.16634157
CC_28CD47803B6A,0.08418034
CC_28DF569DBBE5,0.08103016
CC_28DFE611C657,0.09115337
CC_28E11E6A6C8D,0.17189476
CC_28F58ADC7CBC,0.11412283
CC_2916479EBC84,0.19432983
CC_2917C6CB0B2C,0.13111131
CC_291C7830D4B5,0.3791084
CC_291FE1744E5F,0.081820786
CC_293124F1ACD1,0.15754278
CC_293C2D704AA9,0.3026318
CC_29432A6B2555,0.11288378
CC_2944B427406C,0.16852407
CC_29468B7035D6,0.12593195
CC_294A9A24E473,0.0645699
CC_294B94EB0E07,0.16770881
CC_2967C29E4C3A,0.13288173
CC_29716D5835F4,0.18210343
CC_297179FF2BCC,0.41256002
CC_29803690C939,0.17371193
CC_29821539DC4D,0.13848968
CC_2983C1D2A273,0.13806699
CC_298CAC5A1868,0.56527495
CC_299EBE0FB429,0.15546474
CC_29A1C0073882,0.43527395
CC_29B6065F187B,0.39221883
CC_29BC66C10F87,0.56678426
CC_29BF3C3D9682,0.19459769
CC_29C4425FB2DA,0.18066393
CC_29C5D0D72D61,0.16945562
CC_29D65E313500,0.1312784
CC_29FD856F47A5,0.7510412
CC_2A097F88615A,0.09465717
CC_2A0CB4CE1A48,0.24557021
CC_2A14C1652D6D,0.2403301
CC_2A1F96F80938,0.12553318
CC_2A23F71805A2,0.12636212
CC_2A2BF2FD0498,0.13478883
CC_2A358A1D3DDF,0.6108135
CC_2A3E371F0DAD,0.21319407
CC_2A423FC8A330,0.32757086
CC_2A43368D54F9,0.40237263
CC_2A47A21C0E07,0.611526
CC_2A4CB02E7A1E,0.124622285
CC_2A510080BA29,0.14589186
CC_2A5316E550F0,0.08810268
CC_2A59695EF90A,0.57831717
CC_2A606D00CC46,0.06228565
CC_2A6C69145AE0,0.07357241
CC_2A6CD71471A6,0.109470055
CC_2A70D6EF64E1,0.07600002
CC_2A844754AE67,0.60333526
CC_2A85A7B242FD,0.19588956
CC_2A9A51067D7F,0.1472132
CC_2AAAD4020436,0.2075212
CC_2AB62BCF3704,0.0924892
CC_2AC1C8DE5649,0.098799445
CC_2AD10D78793D,0.7334443
CC_2AD26446A7AE,0.039844226
CC_2AD2D35975D1,0.08173215
CC_2ADA07B0211F,0.31845963
CC_2AED2D284351,0.3236787
CC_2B01FDE2552D,0.23795801
CC_2B06DDFD7F8A,0.09047766
CC_2B08FBC0A948,0.1887674
CC_2B1914218468,0.7683511
CC_2B1D93E12DC9,0.20925963
CC_2B248C488918,0.09404462
CC_2B256891C60A,0.58364487
CC_2B2801591A25,0.34563237
CC_2B2B7CF1E40F,0.10953746
CC_2B2F4204834B,0.18502674
CC_2B5443C7AB87,0.101620086
CC_2B5D780AC244,0.65628207
CC_2B64E67CFF13,0.071618065
CC_2B6B872C8D21,0.06689477
CC_2B85D931F011,0.093513414
CC_2B959EF030DD,0.15082507
CC_2B973D1AC16E,0.10854237
CC_2B98983C2687,0.049099445
CC_2BA581E7B8D2,0.124196395
CC_2BB2C432C369,0.08848964
CC_2BBE19587CD5,0.0985255
CC_2BCB838A9581,0.1593357
CC_2BD0E9336EB4,0.08503726
CC_2BD1633FD528,0.07417782
CC_2BD58FC8C2B9,0.032673676
CC_2BD6083CAB0B,0.7859472
CC_2BDD47B177E5,0.77502084
CC_2BDE889EB05C,0.3344235
CC_2BF8DB192A49,0.69312954
CC_2BFDF46F3AC2,0.109830394
CC_2C00CF2FAE22,0.1107399
CC_2C06DDBA1073,0.36258918
CC_2C16C7838FAB,0.79104745
CC_2C263A1A732C,0.1441808
CC_2C34105831A6,0.18017739
CC_2C43FFA06F31,0.09776808
CC_2C4DEE4CA1CF,0.06807813
CC_2C56DB55E40E,0.069224924
CC_2C59F565C183,0.14423215
CC_2C7F54E56925,0.17727408
CC_2C8CFCC646BE,0.039738566
CC_2C91AB1DB754,0.06601943
CC_2C93356976AE,0.40256664
CC_2C9DADC294C8,0.071923085
CC_2CA94231028A,0.27541876
CC_2CC8CB17283A,0.21624434
CC_2CCD42AA2376,0.1368329
CC_2CCFE560A79E,0.07221162
CC_2CED227E5216,0.113500305
CC_2CF326E90715,0.05223135
CC_2CFEA03CC6A0,0.6278945
CC_2D1D032137DA,0.115133956
CC_2D258781011B,0.19335571
CC_2D30260A1CEC,0.20742738
CC_2D35C002A9F1,0.14629886
CC_2D45DEA4EB25,0.15792772
CC_2D5494C13FFA,0.075301945
CC_2D5EA2953E81,0.15309182
CC_2D6E7894EA16,0.58305657
CC_2D7DA36360AD,0.1917513
CC_2D7DFEACA38C,0.32204646
CC_2D836654A121,0.15876469
CC_2D9CDFC6C57E,0.6549822
CC_2DAC67585B03,0.1941808
CC_2DAE338809DE,0.28515112
CC_2DB062A18C75,0.53471607
CC_2DB2C55CF89E,0.7961141
CC_2DBCBF870292,0.04464948
CC_2DCBC03B4FA3,0.7120919
CC_2DD78131B5A1,0.1252038
CC_2DD7BCA75AB9,0.12088904
CC_2DEB49017220,0.099290386
CC_2DF6C71ED372,0.15722886
CC_2DFBFA1A4FE8,0.15488021
CC_2E12A41F7733,0.085996084
CC_2E1A348EB1E6,0.10044952
CC_2E23CB0F6F7B,0.32443923
CC_2E3634587158,0.046186894
CC_2E3F4B14D8DF,0.38820398
CC_2E3FDDBF4F48,0.1648325
CC_2E61C46BC16A,0.18081048
CC_2E62AEB14351,0.24653906
CC_2E6F1C0ADEB8,0.15359291
CC_2E7415FAB62E,0.07647905
CC_2E77F7444FDF,0.038992345
CC_2E78431BE3DB,0.07319105
CC_2E7D44FB8075,0.13750869
CC_2E7D8539BDA6,0.29860258
CC_2E7F248874AA,0.747277
CC_2E85BB8F3BB5,0.08688242
CC_2E8897E4D9BB,0.26482219
CC_2E8CCDE89E2D,0.24362305
CC_2E927D910813,0.124619894
CC_2E9891F5A2D5,0.12486522
CC_2EA56A7EAC04,0.32825637
CC_2EB45D13B248,0.16874757
CC_2EC924B0EAAE,0.09883587
CC_2ECC248C96B7,0.051095814
CC_2ECF0C98B06D,0.37204927
CC_2ED3F6481454,0.14479959
CC_2EDDF0B40ED8,0.15145841
CC_2EE2A139642B,0.12640329
CC_2EEE072DA301,0.23797908
CC_2EFEBB85DAEB,0.15437087
CC_2F133BEFAA69,0.13846783
CC_2F1AAE3B81F2,0.076265804
CC_2F1BC47CC90E,0.047132213
CC_2F2128FBBDDC,0.15056764
CC_2F3D3342834E,0.054154262
CC_2F42D39F710B,0.60387444
CC_2F4AFE398419,0.71948576
CC_2F4C24B38EE6,0.07798364
CC_2F508C0838A6,0.09950343
CC_2F50EC193942,0.2258126
CC_2F5BD03D4900,0.05765766
CC_2F73AF6728BC,0.059383623
CC_2F7EBEAB9CF2,0.18660003
CC_2F9AD2BC25F5,0.072903134
CC_2FA3172ED3FE,0.7038748
CC_2FBEF8808F48,0.15573779
CC_2FC014F0EA3C,0.08468936
CC_2FC3AD2EC986,0.26021928
CC_2FCC82AC097C,0.21349362
CC_2FE2ED7D464E,0.25209433
CC_2FFCC9802D2A,0.1643844
CC_2FFE32627DF8,0.19402991
CC_300BEA90EF3F,0.15422949
CC_3017B64D0364,0.23660925
CC_3017E5E87C94,0.16282308
CC_3028375CC87E,0.7834754
CC_302A48CFCEDA,0.084070906
CC_3031F96196BD,0.44010836
CC_30328ADA0AE8,0.1159877
CC_30451015D913,0.034541618
CC_305D33AC15A9,0.78829116
CC_306015CFB66A,0.16673404
CC_306413849CEA,0.41576675
CC_306EF0BC7CB3,0.029268991
CC_3075C5B861A8,0.13493088
CC_3083D9B76858,0.06920836
CC_3096994A495B,0.2548806
CC_30B106BC1657,0.21068293
CC_30B967417C42,0.18423492
CC_30CABAFF5453,0.1084808
CC_30D68208FB23,0.36979368
CC_30E2A90BACAD,0.16034015
CC_30FFD856443D,0.6331756
CC_311EF26786A8,0.08449674
CC_3129843EADE6,0.77075326
CC_312C34EF683B,0.05598215
CC_31302B64C078,0.10706198
CC_31344A25B569,0.03879194
CC_31397A399AD5,0.08961784
CC_3145B5EAD7AE,0.21950075
CC_3146EE0BF81A,0.11150119
CC_314D02632843,0.274684
CC_315133406E42,0.27769053
CC_3180D1C6FB7E,0.2096272
CC_31827EE8A968,0.30658036
CC_319BE06CC27F,0.041021146
CC_31A0A97AFFCC,0.3820488
CC_31B22116E36C,0.18084973
CC_31C78D9B6494,0.38377643
CC_31D3FA367B41,0.10577518
CC_31DAAB3E6DA7,0.16413549
CC_31E36F666FB7,0.08076222
CC_31E72EA14FE4,0.13047239
CC_31FC6DC9482C,0.24746731
CC_32076DA6AE23,0.14641428
CC_3209FA12D938,0.32036376
CC_320E17F947CD,0.42125905
CC_3223C706DD92,0.23141176
CC_322EFB2E377D,0.097376816
CC_3248EB928073,0.10429805
CC_325D5DC52B1F,0.09509473
CC_32662A6DB78D,0.1384948
CC_328DD3BA068A,0.24435265
CC_328DF7798F91,0.14890704
CC_3295CFEB188B,0.11242898
CC_329DC79286ED,0.7088145
CC_32CB77D55C73,0.13530225
CC_32D129B9E651,0.11523615
CC_32DB12551D37,0.598203
CC_32F00D77D5CD,0.11830791
CC_32FF5F6892D9,0.23334846
CC_3301EF60877F,0.17768186
CC_330F334BD816,0.1012183
CC_331285B3494C,0.23213978
CC_331364283D5C,0.12320903
CC_331718E0F54F,0.14684232
CC_33194D48FF66,0.099907845
CC_331E8B8BCAB8,0.074080005
CC_33254134ABA9,0.76807725
CC_332E42439579,0.08527303
CC_333102AB964C,0.12686813
CC_3338AC0E8112,0.3081933
CC_33656EEDE6F2,0.39944065
CC_336777D934E0,0.48085472
CC_336DBFE464D1,0.50518155
CC_3382BB2F3152,0.12453866
CC_3387207793E4,0.04271678
CC_33992C973839,0.1636233
CC_339C36703675,0.070788756
CC_339CA5814519,0.11482668
CC_33B157F2A921,0.08545923
CC_33BBD10F239D,0.08086304
CC_33D3B12EE56E,0.08959815
CC_33DB68EA27CB,0.10072741
CC_33F0B95E70CE,0.2775586
CC_33F40275D630,0.04052476
CC_33FD5DE22692,0.076385826
CC_340961106343,0.14216533
CC_340BB1F4CEF0,0.1278865
CC_3410B11F1FA3,0.22687946
CC_3424972707B6,0.61700195
CC_34452758A645,0.02809339
CC_344D239879D6,0.14315824
CC_34503B6891CE,0.23013261
CC_3451722A3813,0.09474628
CC_34517B513D8E,0.46629685
CC_346ECB4CF2F8,0.11101968
CC_3478E8B6B56A,0.07253259
CC_347AFDE16722,0.07959159
CC_347B1A01467F,0.047765266
CC_348AA62FF484,0.260724
CC_348D3F098A4D,0.07935916
CC_349290E4D0C9,0.16006921
CC_349347D553D1,0.25543314
CC_3495CE27BB05,0.20486595
CC_34B10A654721,0.115202285
CC_34BD2C5130C8,0.16114292
CC_34C433439160,0.04982242
CC_34CA271F73E3,0.3052079
CC_34CEBEA3B15A,0.07364689
CC_34E58CF793A0,0.14978836
CC_34E6909B6027,0.54566884
CC_34F4292A8B5C,0.2267973
CC_34F6DD223594,0.06609339
CC_3508A7A5E9EB,0.13675618
CC_35094977DD75,0.12003256
CC_350DE157CE6D,0.24033391
CC_351BD5C2EE8B,0.026297031
CC_35486249EDEF,0.16261631
CC_354C9ABE6DDE,0.06999986
CC_35578162927A,0.12072876
CC_357C3E7518D3,0.78627175
CC_3584C15BF11F,0.06140861
CC_3588C5166872,0.090574294
CC_35A68306B19E,0.21288672
CC_35BFB3093D02,0.059705738
CC_35C085ED37BD,0.5389803
CC_35C695C13279,0.076199114
CC_35D1668A4C13,0.23323871
CC_35D27495E0CB,0.7703226
CC_35D562E1DBE1,0.6313926
CC_35DCDC74A757,0.4226211
CC_35EC2AB1D1EE,0.11826198
CC_35EEB90317B9,0.5726656
CC_361A9EAF7706,0.26039726
CC_361B968FEB98,0.3331446
CC_361C9FA031A7,0.82565093
CC_3620C5D1B3E2,0.06625398
CC_3622D7221940,0.06852463
CC_363175E92F74,0.33300436
CC_3638C9146BFC,0.11963739
CC_3643A4C7EC5C,0.055219606
CC_36690A9AE112,0.62667245
CC_36719170F638,0.10013947
CC_3673466BA7A7,0.09789621
CC_36847054DF52,0.33442813
CC_3691CE792752,0.7262217
CC_36A27FE53743,0.5281587
CC_36A3FB06D1D8,0.8017185
CC_36B0F2AD5413,0.0687853
CC_36B1B7BF5F75,0.13966493
CC_36B68E66951E,0.4162485
CC_36D3F09AD810,0.43135005
CC_36DBD8424220,0.5796336
CC_36E5645D8018,0.06601603
CC_36E6592E4E23,0.17040363
CC_36F143AEC864,0.10267525
CC_36F2A735DF73,0.19824763
CC_36F81C003E8F,0.044305358
CC_36FCD55EE425,0.48251015
CC_3701D5DB7FA1,0.068310544
CC_3706E1EB2587,0.51497483
CC_370E0F8EF86F,0.5711043
CC_371D47444D5B,0.74300015
CC_372CFE308EA4,0.6218331
CC_3731D90357A6,0.29215765
CC_37322F66C543,0.03307426
CC_373539DE38C5,0.10825739
CC_375225700242,0.3583391
CC_3762D0B6F3C2,0.080051176
CC_377A277E831A,0.15385664
CC_377B6066B91B,0.20033664
CC_378D71726B5E,0.08419896
CC_37A46BD0DCBF,0.0493688
CC_37B447368F02,0.7430964
CC_37BFDFE369A3,0.22798312
CC_37D09FE492BD,0.071455635
CC_37D3F4C07235,0.23372656
CC_37DDACE48E3C,0.123468265
CC_37DEF85C0A37,0.33732003
CC_38020CED9EEF,0.070647836
CC_382207621EC5,0.79774386
CC_38374AB27F95,0.08495256
CC_383A5544DD5C,0.12183909
CC_383C129A5B96,0.2514869
CC_3847AAA649C7,0.0914715
CC_3849D992C1E3,0.08582157
CC_384BB17F0F0B,0.6353635
CC_3851177E5E76,0.082896054
CC_3862F88850B8,0.25373083
CC_3867CFCFCC94,0.24917017
CC_3872ED018F85,0.22134715
CC_3881A587C072,0.16348982
CC_3882F8EB5EEB,0.64948833
CC_38911341EA6C,0.09385015
CC_389E5B71E254,0.5820739
CC_38A0DBCD3728,0.117815115
CC_38B3E9142747,0.101984665
CC_38C1B8860300,0.059938252
CC_38C8CF250B60,0.029336639
CC_38D32B790B4A,0.13182306
CC_38EB304A9915,0.20240258
CC_38F26461C872,0.7018817
CC_38F942257E28,0.4878621
CC_38FA5D78A8A7,0.050160676
CC_3903D7BCCA95,0.08011647
CC_39043D7ED04D,0.17602715
CC_39098B256732,0.056849852
CC_3909A2E4C679,0.12670183
CC_392344DF8D55,0.31489924
CC_392628C8AD47,0.100915015
CC_39285F4C42BF,0.36410955
CC_392A376EA1A2,0.093063965
CC_3932E086F150,0.18840745
CC_393D1D3640D0,0.0726037
CC_3943B3490B49,0.750268
CC_394DE164DBCD,0.113370374
CC_395600E84A54,0.12868977
CC_395D181A7E1F,0.11617854
CC_395E8CACC437,0.12325402
CC_39635AC6A70E,0.051298406
CC_3969352E3ABC,0.097693935
CC_3985C0DF9CB5,0.5200998
CC_3989F2C6A9F8,0.17092165
CC_39A82672A1B2,0.09479469
CC_39AA15DAE17D,0.65207916
CC_39AA2A3D98CC,0.03703635
CC_39AC257B00C5,0.10862723
CC_39ACC63CDAEE,0.12249145
CC_39CE40784C2C,0.21299468
CC_39E1A306D418,0.16807866
CC_39F2B11C46D7,0.097495526
CC_3A10F5F50A27,0.044840522
CC_3A27CF9D162A,0.5577352
CC_3A297424A7F7,0.12715253
CC_3A39F7930BF3,0.08818272
CC_3A57566F9977,0.5647708
CC_3A61121254E6,0.068776585
CC_3A81C568A7F8,0.19014671
CC_3A82E7050A4D,0.054639883
CC_3A860AADE6CE,0.141897
CC_3A8B3FC29C9E,0.15755382
CC_3A8E9056A5A2,0.101646766
CC_3A9617A5777D,0.38848603
CC_3A99D25777CD,0.12626106
CC_3AA9E8D01340,0.5363403
CC_3AAEFC09C290,0.7952684
CC_3AB5E579843E,0.2544442
CC_3AB77A30AD40,0.17583898
CC_3AB7BA36A414,0.36387777
CC_3ABA830A5BB2,0.1295732
CC_3ADDDA550A57,0.108030125
CC_3AE7B1151DC9,0.1133633
CC_3AE9A209EE00,0.05943071
CC_3B06FCD75C98,0.05969739
CC_3B0722FB5E8E,0.3253529
CC_3B1C51DD7429,0.19771475
CC_3B1F4696D710,0.6644976
CC_3B224413A072,0.25380987
CC_3B35C3783CCD,0.27917156
CC_3B3626F3DF9F,0.23698369
CC_3B4405C7E486,0.58333457
CC_3B4C4A9C9D99,0.31332344
CC_3B72F0E9E3F8,0.1946916
CC_3BB02A95C6C1,0.74522734
CC_3BB8B675C2BC,0.38715136
CC_3BC51B069218,0.1285777
CC_3BCA5BD201AC,0.15212595
CC_3BCAC9793441,0.30062404
CC_3BCBC867AC4A,0.039101228
CC_3BE51412ABE7,0.37802297
CC_3BEA98B401CD,0.6068835
CC_3BED6DF1ABF1,0.14122298
CC_3BF0BF7CF827,0.8340024
CC_3BF110035599,0.61112726
CC_3BF213810DEE,0.72413087
CC_3BF21CA88D3C,0.44873536
CC_3C0E29764C71,0.07022332
CC_3C19509D4636,0.11225696
CC_3C1B038BB068,0.13658562
CC_3C594CADCA2E,0.18426445
CC_3C5D909498F7,0.7427926
CC_3C68D5179A01,0.10613315
CC_3C83955704BA,0.8068632
CC_3C93218F41B2,0.363348
CC_3C9CFC8FB4D1,0.724551
CC_3CA266EB55BE,0.107482746
CC_3CE49C937F7C,0.092992336
CC_3CEEB9C04F0B,0.3540923
CC_3CF504AD4DD9,0.06649532
CC_3D1092DBC5C2,0.21241374
CC_3D185833E7BB,0.03695866
CC_3D2309981121,0.33193773
CC_3D27A0086AA6,0.14441812
CC_3D3BE7D0F4D8,0.09393562
CC_3D412B5EA919,0.10096603
CC_3D47650C6F30,0.0781045
CC_3D55D1FD8457,0.04927626
CC_3D599501BA76,0.06762127
CC_3D6181EE3C87,0.59282374
CC_3D65CC165F44,0.11807457
CC_3D6CF6DB8014,0.46961415
CC_3D7C14801D40,0.2004706
CC_3D836BDBF866,0.6584307
CC_3D8DF3A3DB71,0.7927226
CC_3D9309851089,0.19735105
CC_3D9ECB4274C3,0.13630593
CC_3DC8A9A92802,0.30914992
CC_3DDD3813D1D4,0.10827604
CC_3DF3FFB3CFC7,0.176361
CC_3DF88701601B,0.14863299
CC_3DF91A482CFD,0.3317035
CC_3DFD6349D046,0.6584078
CC_3E0D54125AE0,0.25584298
CC_3E10CFE1DD57,0.058162138
CC_3E13CB98572B,0.16036722
CC_3E142C8ACA6F,0.10189618
CC_3E1BAC4E5B90,0.056797
CC_3E2DD0D1E2D8,0.12759775
CC_3E403BF08A45,0.077599764
CC_3E46368104AE,0.09444316
CC_3E48A086B5C7,0.257162
CC_3E54451B0F6D,0.08384967
CC_3E6335ED3F4F,0.07988506
CC_3E87A65C50A5,0.20323971
CC_3E91109E2090,0.06811277
CC_3E92A1EDA618,0.18451825
CC_3E94684FE270,0.47581917
CC_3E9DB402F352,0.18444088
CC_3EB5A15A6C04,0.74112415
CC_3EB8A9A6C49D,0.11945049
CC_3EC96BC884F2,0.123990566
CC_3ECA9E44B90F,0.2405181
CC_3ECE4EF16A44,0.16464745
CC_3EDDB8E70F57,0.18199961
CC_3EDF137D0E1C,0.1615776
CC_3EEEE844410D,0.36890548
CC_3EF4F348C967,0.11434694
CC_3EF91DD11A81,0.14597383
CC_3F08C55E7A40,0.21116318
CC_3F171CED0CFA,0.0353998
CC_3F2544EFA753,0.12206498
CC_3F28F3286CCA,0.113655545
CC_3F379CB37B0D,0.16921052
CC_3F42D798AB1D,0.6425742
CC_3F48724540D5,0.16215311
CC_3F68068E2D5E,0.10519372
CC_3F7FBE71B77F,0.061313573
CC_3F80017B8599,0.067869455
CC_3F8B17953200,0.074962094
CC_3F964BADC4BC,0.74822545
CC_3F9767602FCB,0.22411734
CC_3FA84F0B23CE,0.060973063
CC_3FB4B189143F,0.14090659
CC_3FB7C976EB26,0.46808362
CC_3FBCEB2F36D5,0.11747753
CC_3FC4FE843245,0.11312312
CC_3FD52E32FE8B,0.63566494
CC_3FDB44EC6254,0.049074136
CC_3FEFBD6DC62F,0.24775271
CC_4005466D00ED,0.39763826
CC_40095FFBC1A2,0.0596563
CC_400F1887A662,0.11513662
CC_40133FF3069C,0.084819496
CC_401C6F0EED5A,0.1070795
CC_4021AD03FA01,0.13468808
CC_402E91F3A56C,0.11914651
CC_403754B6988D,0.13487773
CC_4052DFCB1656,0.26041815
CC_40579C5C13D5,0.80914855
CC_406937FF97E7,0.082518145
CC_406C4233347A,0.16077355
CC_4073E42E11E4,0.21234384
CC_4077BB12A5F4,0.1124848
CC_4077DD5B5C4F,0.16421235
CC_40824D899215,0.08917453
CC_408D79189FBF,0.32424653
CC_40A3F1D5EA0F,0.37010804
CC_40A852A592FB,0.14671227
CC_40AADA91D560,0.23143652
CC_40B39CB2CC58,0.046122048
CC_40CE2030F058,0.0637214
CC_40EA2F8481E8,0.18103513
CC_40EFD7778F98,0.1366278
CC_40F278D49681,0.27594078
CC_40FFCF631F19,0.3939168
CC_4101D1B82788,0.21901345
CC_4109B79A4B06,0.038420036
CC_4119348F051A,0.13419816
CC_41206EE45803,0.08423414
CC_412DF740DA62,0.12818632
CC_413AB4CA7451,0.12117241
CC_414C06C60FF7,0.6852893
CC_414F50748A51,0.05818502
CC_415C65EA66AA,0.073671654
CC_415CED95F7CA,0.13239256
CC_416584250060,0.09775874
CC_416B3A1F0F0B,0.09370833
CC_41735021FC7A,0.22982486
CC_417858CD20F4,0.1426874
CC_41902EFB3974,0.06842143
CC_41A27790EFBF,0.107950605
CC_41A4A223F39D,0.08846587
CC_41B464757ED6,0.120666206
CC_41D1A87E1136,0.43567932
CC_420FE297808E,0.04004587
CC_4211096D5588,0.15555906
CC_421F4D78128B,0.43435603
CC_422F2780C85A,0.32162172
CC_423B0296BE24,0.069689415
CC_423E78000AA5,0.1374301
CC_4246081DD359,0.1030744
CC_4249EDF2FDCC,0.8003944
CC_42568C67F412,0.3320561
CC_426A25EA9E21,0.7565366
CC_427ECDDEECE6,0.31822038
CC_4289EEC8F0A2,0.1347208
CC_429A7158AD07,0.1285536
CC_429C51AE729D,0.053333074
CC_42A0DE1E5E80,0.088159345
CC_42A7D0F5388F,0.08975561
CC_42B23C8C9F66,0.16851065
CC_42BD3999AC3E,0.28456733
CC_42C95B199130,0.38860285
CC_42CD6CE97523,0.48784503
CC_42DA114F12A2,0.3135525
CC_42E2736AA331,0.20910537
CC_42EA825C351B,0.43304503
CC_42F1B2B4D258,0.6464795
CC_42F4588EB38D,0.28590912
CC_431F29A12E99,0.18253434
CC_432EB78A198D,0.23582347
CC_43383344BC72,0.19589692
CC_4339187DD10A,0.06433676
CC_4344A2E7EA1F,0.5038014
CC_4347468ABE51,0.57609856
CC_434894BC2577,0.052972082
CC_4362DB93FC92,0.089793965
CC_436850DDC704,0.12786731
CC_43698E2EEA0A,0.0795906
CC_4387F73F131E,0.111024454
CC_43A33C994C70,0.45873845
CC_43ACD82B5514,0.33029854
CC_43B37131B8FA,0.17196867
CC_43BFCAF8BD20,0.20184681
CC_43C060E01266,0.20587306
CC_43C41AF27375,0.064561315
CC_43C5AFA48B93,0.0920928
CC_43C767A44C55,0.16603181
CC_43DECAB53552,0.055488802
CC_43E6D931158D,0.37948045
CC_43E9F88019F8,0.067038715
CC_43EBD6EBD675,0.06348904
CC_43F81C577002,0.33756793
CC_443C4E041687,0.10476748
CC_443F63BF238A,0.098291084
CC_4463776F9AA1,0.10797244
CC_446F1EDF03C8,0.09383114
CC_447BAD4F7820,0.84134865
CC_447D02F917B5,0.061853927
CC_447E705746E2,0.21557604
CC_44A017104F93,0.59860146
CC_44A1E58CDBC0,0.05780316
CC_44ABCC04C418,0.09440215
CC_44BF6BCCFC2E,0.051387366
CC_44D0671A3B87,0.123236
CC_44DBEE3A7D81,0.14172703
CC_44F7DD6A88A1,0.23875143
CC_45080C42280D,0.18031958
CC_4524AD74135F,0.40967435
CC_45262103231F,0.2168153
CC_452D8C5D039C,0.8162966
CC_452DECDBC90F,0.08167663
CC_453C9B3A5992,0.46205693
CC_4542AACA1FE4,0.09660688
CC_455209549D3B,0.7984506
CC_4555C804C4D0,0.06790389
CC_4581E4190B2E,0.12240019
CC_458912F91D6F,0.3514111
CC_45913E1BE65C,0.33538032
CC_4594791FB40D,0.11835638
CC_459B49073E2C,0.30995777
CC_459EA8E0E2EF,0.108044155
CC_45A4A38557E9,0.1337784
CC_45ACE2B1DB6F,0.06878471
CC_45C1A92F0E8D,0.10984664
CC_45D0673EDD20,0.12025434
CC_45D70DC84DA0,0.09220232
CC_45D96479EC1E,0.05857009
CC_45E8597BF74E,0.067423165
CC_45E97246F83A,0.2669754
CC_45EC44761309,0.12884693
CC_4603A6F83E2A,0.06060969
CC_46045CEE8330,0.06842371
CC_464E17187A4E,0.38682634
CC_4659FB4B8536,0.15968233
CC_465EF4F9B68F,0.1863097
CC_4663FDE62E3A,0.28600872
CC_466D54BE0809,0.097035095
CC_466ED9BD34B5,0.09311625
CC_466F7908E13D,0.17527732
CC_4695A5525A11,0.16530584
CC_46BBB8A4854A,0.064615846
CC_46BC61EC8F2E,0.17632173
CC_46C0DFA660B0,0.12029108
CC_46C2DCF84CA0,0.15558007
CC_46C38B9F0D8E,0.07678999
CC_46CAB9AE7C87,0.54933524
CC_46D0D1ADEA59,0.14538744
CC_46DFC1AA0821,0.80786985
CC_46ECA5976180,0.15988891
CC_46F5F6D27991,0.10278602
CC_46FE9F226120,0.2467174
CC_47130CC63FC5,0.15804043
CC_472330768F5F,0.10556106
CC_47292EBB8BD1,0.13926342
CC_4734AB1281DA,0.06384897
CC_473989E6BA47,0.25455767
CC_473AE07014DC,0.15421572
CC_4741EF45C3DB,0.2724975
CC_474586BE49EB,0.16439939
CC_47490BF44944,0.26756787
CC_477213DAED38,0.08740181
CC_4778086276B7,0.11925187
CC_47910B073CF3,0.17776391
CC_47939776FDF6,0.73641026
CC_4796F6A64420,0.05368114
CC_4798549B52ED,0.2821046
CC_47A3714E7D2E,0.32203692
CC_47CE219EBAAD,0.19202983
CC_47CF9074E03E,0.15636107
CC_47E4537A53FD,0.13298383
CC_47E8BC938FA1,0.181182
CC_47F134D17818,0.10910626
CC_4812FBE05C7C,0.37496924
CC_48152725FAB1,0.52554035
CC_482256495FAD,0.6903914
CC_4829FF15D21E,0.18088315
CC_482D26D81935,0.61167777
CC_4838990A8D02,0.08932492
CC_4862EA9CD1DD,0.03837781
CC_4862F8C1B0AC,0.08356437
CC_486CD67D26CF,0.16262826
CC_486D8F9AE549,0.27808574
CC_4877D1BDB737,0.09789041
CC_4885E34F0B26,0.1750871
CC_48928CA8082E,0.16412106
CC_48A74FF0E6C5,0.107098214
CC_48E0791DDD62,0.07376949
CC_48F620B6A472,0.08525662
CC_48FDBB1D7493,0.120421186
CC_4910EC928152,0.13214025
CC_491C18C17767,0.06868237
CC_492F65EF8D9D,0.80908227
CC_493DDD53B97E,0.060440525
CC_495F82AA5B9B,0.15540908
CC_49618412FF86,0.08459622
CC_496A7CFA344D,0.7443526
CC_4983EBABAE3F,0.07354453
CC_4992C1915957,0.59160304
CC_4993B31028A7,0.055710442
CC_49945441A644,0.19320312
CC_49A80692BC68,0.1238202
CC_49AB67613A58,0.16005844
CC_49B05CADDD95,0.54565644
CC_49C6F9AD111E,0.099216804
CC_49CEB94F0B3B,0.040826857
CC_49D3A79B55CD,0.09402116
CC_49D6671DAE8E,0.11583309
CC_49E6C539B1CF,0.053422496
CC_49EEDF0DA684,0.031210536
CC_49FC290E33A7,0.16190857
CC_4A01CF2F67D2,0.71823984
CC_4A16DC668832,0.50705916
CC_4A212461781C,0.08031484
CC_4A237A8E6706,0.12495922
CC_4A3DFA0E27A4,0.20941535
CC_4A513D39DCE3,0.065244555
CC_4A532B0E6165,0.15436782
CC_4A5FA9F1C804,0.09359266
CC_4A7BDEC665FF,0.07356365
CC_4A7FC9B23222,0.3287655
CC_4A8A7080FA25,0.3056631
CC_4A8EFD589879,0.07189783
CC_4A8F7D2B857C,0.14549398
CC_4A91E8D4289D,0.36228245
CC_4A93163A12F4,0.3310973
CC_4A9FEF48EA65,0.12201009
CC_4AA73D751AA5,0.32799214
CC_4AAED0C85F70,0.13235667
CC_4AB1DEF044AA,0.046795554
CC_4AB5AE299217,0.16741566
CC_4ABA0CDC2270,0.19782421
CC_4ACFFC2F295F,0.6752925
CC_4B0490BAB1B9,0.07754543
CC_4B28B03CEFEA,0.09376955
CC_4B420765EB9A,0.09748171
CC_4B47C16D9867,0.10932176
CC_4B494C4D7D03,0.4229451
CC_4B4C84B015C2,0.048572216
CC_4B607295E983,0.04664214
CC_4B6D24E81483,0.060157858
CC_4B77AF6FAF2B,0.6709602
CC_4B7EC3F2FFBA,0.06269411
CC_4B85318DFA50,0.14044881
CC_4B9B36B36DA5,0.78695935
CC_4B9E0AD5D692,0.5315981
CC_4BA041C9678C,0.10565561
CC_4BB40F2129A6,0.0827281
CC_4BB8FD274E2A,0.074829966
CC_4BBB8118FBBB,0.1466107
CC_4BC8CB91719F,0.12679356
CC_4BE447D54BB8,0.15941173
CC_4BE85B1BDB62,0.37626016
CC_4BEF3C7F6395,0.22077891
CC_4BF03FF61B97,0.4052648
CC_4BF4C38EAE8D,0.22756524
CC_4BF95B8140C8,0.09714048
CC_4BFE0CB61B5A,0.4349048
CC_4C2A3F254101,0.36434492
CC_4C351DEB6230,0.22809874
CC_4C38031A2A9E,0.12212005
CC_4C3E35875F03,0.09587346
CC_4C4D79F933B2,0.12961754
CC_4C56497F4AB0,0.69089675
CC_4C827B493CFD,0.1425045
CC_4C849C6073AF,0.10700773
CC_4C869E6F618A,0.18686517
CC_4CA21C15763D,0.13176914
CC_4CB2F1CAE684,0.107380494
CC_4CC0265E0778,0.045489162
CC_4CC5483903E9,0.5495492
CC_4CD7C76FE235,0.43162894
CC_4CE2BFED4F4C,0.10760918
CC_4CE751CB58FA,0.31929794
CC_4CF3E184C500,0.05174064
CC_4CF668E60D64,0.32079095
CC_4D1A1AF53E18,0.040807113
CC_4D29155FCF33,0.21598616
CC_4D2CC7618AC2,0.51032686
CC_4D350FF7402B,0.34777293
CC_4D38AE84E3CB,0.18294722
CC_4D4140E1056D,0.07975969
CC_4D5545FAB130,0.60944206
CC_4D55E218946E,0.09389047
CC_4D5E14BD6AFA,0.13775814
CC_4D78935D66E9,0.07085958
CC_4D883AAAC6C9,0.04289581
CC_4D8D8108C51E,0.7577716
CC_4DB40331777A,0.7521169
CC_4DBC8652D26F,0.077655114
CC_4DC0E154EBB0,0.7095318
CC_4DD5B8780C4C,0.09840576
CC_4DE0070FF683,0.17501466
CC_4DE688CDBC27,0.108536944
CC_4DF37857FCEF,0.06512525
CC_4E20F0249BC6,0.78782165
CC_4E2F01B7B9EE,0.18291883
CC_4E41C247B4E5,0.19221295
CC_4E479F6989A1,0.065964274
CC_4E48AF17BC29,0.08277105
CC_4E6BE67E3C4F,0.040446617
CC_4E70939C5933,0.4978155
CC_4E70FB172717,0.13345684
CC_4E726EE8C026,0.25771898
CC_4E76F48DFDEF,0.11582018
CC_4EA180B2B913,0.035728406
CC_4EA67A160C3E,0.52839005
CC_4EE41FC91AD2,0.19062188
CC_4EFECC6C2E36,0.64445186
CC_4F22CB97C34F,0.0607751
CC_4F2444DC6C75,0.7934338
CC_4F2B7F512DD5,0.07418324
CC_4F504A9744FB,0.12661664
CC_4F6FEE589187,0.14167415
CC_4F71AAF96C32,0.09629935
CC_4F76E57C55EF,0.36535078
CC_4F88D3E5AA2E,0.05896911
CC_4F8A4384F6DE,0.1603406
CC_4F8D83DCCF25,0.24505514
CC_4F956AA47816,0.6596459
CC_4F99FCEA10E8,0.09363237
CC_4F9F10A183F6,0.08801666
CC_4FA766935F14,0.08647403
CC_4FB0B9E398F2,0.2827762
CC_4FD0DF6CA3AA,0.07264471
CC_4FD902F7ADEC,0.06278799
CC_4FF1155E3A6B,0.33930263
CC_50103368F241,0.10279431
CC_5012B9991935,0.16087624
CC_50172FF2C2C1,0.14571327
CC_5017C9BA7773,0.066144906
CC_502C3D0EC4CA,0.08857158
CC_504157951119,0.06321313
CC_5042938B5A9A,0.46521944
CC_504A57293FE4,0.78188944
CC_505812CFE43B,0.35625118
CC_505A6EB06E39,0.31353927
CC_5064CCE0EF29,0.25032464
CC_507BDF639FB5,0.17330441
CC_507E53684AB6,0.112706274
CC_5087A0D1765D,0.23366368
CC_509229AEC221,0.21394634
CC_5092D3A72B03,0.20888636
CC_5092DF691F74,0.493941
CC_5094BB59416F,0.18887718
CC_509926B384D8,0.7744442
CC_50A6C96DA7D3,0.06618342
CC_50AE75A10F3B,0.2628631
CC_50D4BB93EB1A,0.07425055
CC_50DF7B02E356,0.17189558
CC_50EB53CFE7F8,0.05692952
CC_50FC7D563CE4,0.13005617
CC_5100E6EAA3FF,0.22464064
CC_510F2944B2A0,0.13015936
CC_5128881AAD54,0.11891291
CC_5138941DB7A2,0.15800205
CC_5139EF8BEAFB,0.14054966
CC_513E5EEC6B04,0.101101965
CC_51427EF15375,0.29307497
CC_5147B281DA64,0.3577917
CC_515D968ED36E,0.08417788
CC_5176FF858154,0.13108116
CC_517CB40FB016,0.08495745
CC_51884D5F3E4D,0.098791555
CC_51AE98263438,0.14875111
CC_51C9CE782368,0.14786637
CC_51CC80D1570F,0.061061896
CC_51D2E3476902,0.06515695
CC_51E05E706D64,0.118517235
CC_51E5A5E9801C,0.06274678
CC_51F5DA44F9A0,0.43534958
CC_51F6BDD355F4,0.06539299
CC_51FE657FE212,0.08716388
CC_520950C9BAA3,0.055929266
CC_520B1D31AB99,0.14672932
CC_522550E1761D,0.78256387
CC_524CD519E76B,0.111080736
CC_524FE9E3DAD3,0.45086688
CC_52629A025048,0.12341973
CC_526765FC100C,0.237587
CC_526E56249FFA,0.27461156
CC_528B42A34966,0.28431952
CC_5292B36E4882,0.19112965
CC_529A2F110236,0.14393169
CC_529BC4ADAD6A,0.20868385
CC_52C1C5A6F887,0.07781543
CC_52C3B674FDFD,0.24837586
CC_52CCBB8F9964,0.07859509
CC_52D21FFA24DE,0.7244128
CC_52D32EDBAA78,0.17165741
CC_52D7821A8363,0.13243851
CC_52D9087EBCD6,0.80136716
CC_52DD62E1AC2E,0.1529513
CC_52E8B04F0FA0,0.1188723
CC_52E965E9E2C3,0.14232662
CC_530BA492842A,0.3191123
CC_530F6E906D6B,0.035948895
CC_531FCFBE3B13,0.11163339
CC_5320DFEAD897,0.17768243
CC_53319AE7B829,0.572953
CC_53481151859F,0.046586405
CC_534D4FC05F82,0.20540598
CC_53687DA8C9E5,0.32037485
CC_53795A7B7751,0.045648172
CC_538328A6B3BA,0.49448806
CC_5385266461B1,0.16609061
CC_53891CB35BF8,0.19578138
CC_53A6E1083B13,0.070582554
CC_53A77DA726A4,0.07566065
CC_53ADBC2F6E34,0.23605058
CC_53B249809561,0.08692959
CC_53B2DF5B019C,0.061114788
CC_53C1F3E031A3,0.15794873
CC_53CBF2E8AD05,0.4811983
CC_53D04793ED9D,0.0795756
CC_53E23A9B6F74,0.0669567
CC_53EB59C99100,0.34068274
CC_53EB9AC04311,0.10658802
CC_53EC732C9B30,0.02965131
CC_540122E71534,0.13383296
CC_5405C89DF8BD,0.7089534
CC_540D69F5BA23,0.16435221
CC_5414446319CC,0.779263
CC_5418410F95A2,0.08916284
CC_5431A01C30E4,0.0870363
CC_5452437FC605,0.40491936
CC_5452979BF98D,0.08097534
CC_546EE83F84A4,0.47206938
CC_5473268241FC,0.16833264
CC_5474EE64D859,0.33337617
CC_5476E2B2FCA0,0.102719605
CC_54892024F98D,0.1989615
CC_54B33C66DCF7,0.093418375
CC_54CF66B660B4,0.38249862
CC_54D3A35EC69F,0.05720701
CC_54D6AE2665AA,0.11672428
CC_54D93974E62F,0.32324898
CC_54F5F552A0F2,0.12886508
CC_54FC3B361BDA,0.08177823
CC_550135E8FAC6,0.13325733
CC_55020AD0D117,0.123349115
CC_55094AF7EFEF,0.098909974
CC_55126E23462E,0.058316477
CC_554C21CCAF3E,0.105407886
CC_554C912C7DBE,0.08582151
CC_556B02A2B401,0.3022626
CC_557A0B0CD0F4,0.1480537
CC_559A14E729EB,0.3202858
CC_559F0DD4E4A7,0.32192075
CC_55A82B4E57F6,0.15443619
CC_55A98ABE4C75,0.15921602
CC_55A9D45EA466,0.049944915
CC_55CB872FF50B,0.23451483
CC_55D9E3D58435,0.17799836
CC_55DFF3C3BB46,0.053007327
CC_55EDC3996984,0.133306
CC_56013299D8C5,0.07641336
CC_560B519C1F50,0.08673854
CC_560CABF0F5D0,0.15604983
CC_56178AD87948,0.26445186
CC_5619A7BB54EA,0.09738947
CC_5624319D7B28,0.1022511
CC_5625119D6C37,0.17598026
CC_562BE7245E1B,0.7035568
CC_563684010DF5,0.6838558
CC_563EA9A29338,0.095295615
CC_564590AFB575,0.034243327
CC_565E01191BF6,0.6005618
CC_56612A039382,0.05029082
CC_5665FB827721,0.52231884
CC_566932C3CC97,0.1143523
CC_5671D59B2A51,0.12135349
CC_567E7DD24A97,0.079672955
CC_567F47F37683,0.04119605
CC_56847A91065C,0.10079152
CC_5698480F8634,0.0662293
CC_5698B024CECC,0.589885
CC_569DC051A2EA,0.1232841
CC_56A322152604,0.36388046
CC_56BFD9A8335D,0.3777194
CC_56C9379BADB6,0.049820267
CC_56D410FD8F56,0.37443912
CC_56D4549919EA,0.18812025
CC_56D918CA6353,0.14727844
CC_56DB30CE666D,0.15046653
CC_56E760C3206D,0.25078258
CC_56F73F905615,0.79961264
CC_570683C088DB,0.10893646
CC_571C6AFD00ED,0.37079868
CC_5725663C3B89,0.09113045
CC_57291D7667C8,0.20817453
CC_57313F6E7927,0.2098867
CC_5735F9B859AF,0.62788695
CC_573B34826B2B,0.73257446
CC_5744447CAF7A,0.06586678
CC_574CC0FC7B05,0.13548374
CC_5759E2982909,0.111220255
CC_575CCCCDD7B6,0.64373446
CC_57603A37D19F,0.043148
CC_57639D4995CF,0.19785024
CC_576E6676FD55,0.060858976
CC_5775C148E05C,0.15898594
CC_5798E560E9F3,0.7716676
CC_57A486F61065,0.5511365
CC_57A726458B99,0.07184562
CC_57B0D41BD7D3,0.3130858
CC_57B501E60C35,0.060151342
CC_57CA90509CB1,0.7894097
CC_57CB7673547B,0.10322696
CC_57DE479CB61A,0.7344761
CC_57E7F1A6B895,0.040200613
CC_57F13C4115FA,0.36936083
CC_57F480CA9A42,0.08169775
CC_57FDFC6DE726,0.29961902
CC_5810468B76BE,0.13985977
CC_5810F212B2EE,0.3340134
CC_5817759E7007,0.14366303
CC_5818B5089B3C,0.10500501
CC_582C78363EB6,0.08613028
CC_58391600720C,0.1370196
CC_583D7B177F85,0.101682864
CC_584C11014F63,0.12131907
CC_584CDC12578D,0.05595044
CC_5852F443C55D,0.093292505
CC_58565AF0F70A,0.4929563
CC_58568DF9AECF,0.18541756
CC_5859EE6309D5,0.41151094
CC_5872B45E1C19,0.82472336
CC_58797A417EEA,0.26238662
CC_587A4844B482,0.2460218
CC_587C0CC3DD82,0.639055
CC_5881A04052CE,0.08975055
CC_589A4E02EF81,0.16449983
CC_58AB46E5655E,0.14887194
CC_58B0CFC9F3D2,0.07538602
CC_58BEFDA6B4C6,0.1210307
CC_58D95C7247D5,0.07758325
CC_58DBF3409D48,0.06689308
CC_58E35A47B880,0.16811869
CC_58E40EFF57CF,0.3649088
CC_58F551219BD6,0.08755356
CC_58FA76C6C45C,0.5880167
CC_59018149723B,0.0600804
CC_5904459ACECB,0.782199
CC_59088B2886E8,0.043683127
CC_590D2E0AD18E,0.5757147
CC_59146CA05E8C,0.084308565
CC_592592397DC2,0.49973968
CC_5926F5B4E054,0.15367676
CC_592A5A163624,0.27996582
CC_5941C323917F,0.08148034
CC_594E4E86A1C6,0.16947193
CC_595ADAA76A32,0.09607712
CC_596A20270C3D,0.19865346
CC_5970E93E11DF,0.32082057
CC_597AD111527C,0.10854928
CC_597FDFFA265C,0.10926618
CC_599C287D2BAA,0.3736449
CC_599E345094D2,0.11593626
CC_59A4741B5A92,0.16904607
CC_59BB3A5BA2A3,0.4533427
CC_59BFD1200F6B,0.17922023
CC_59C07CCAF4E0,0.21722385
CC_59C49474B501,0.10508794
CC_59CFBC2CA471,0.5277327
CC_59D62BE0C0C6,0.12838528
CC_59D86F572716,0.108710095
CC_59DF71FBA4B0,0.047147803
CC_59ECB7465DCD,0.058658272
CC_59ED43A803B3,0.03526116
CC_59F5E81F4EA0,0.14171189
CC_5A10371BE7B1,0.77440166
CC_5A2F9A594A05,0.5647926
CC_5A38E46246FC,0.4620775
CC_5A3F52B0A07B,0.21734925
CC_5A5507A49F6D,0.10338536
CC_5A58A5E6DE82,0.08791438
CC_5A5BB6DC1018,0.20531979
CC_5A5C0DF50E01,0.109422006
CC_5A633C535360,0.09684649
CC_5A67E62D8D5E,0.6770724
CC_5A6BA0007593,0.118872195
CC_5A7513434C72,0.040505305
CC_5A756D8AE60D,0.19371256
CC_5A7C13841B7A,0.65650505
CC_5A7CBB6E8716,0.19213308
CC_5A83A1E25A2B,0.39356387
CC_5A86EB53A14D,0.7172226
CC_5A89E13CE597,0.18290356
CC_5A9466D0CF9F,0.1239115
CC_5A95331BD0C5,0.109145306
CC_5A9F63C3E428,0.060241833
CC_5ABC76FF707A,0.055855166
CC_5AD0F1B43457,0.104020536
CC_5AD82250C271,0.04499472
CC_5ADD27165E38,0.64563465
CC_5AF32E5C8018,0.04218796
CC_5AF3690FA0B0,0.16463736
CC_5AFDFAA63B45,0.1676003
CC_5B025DA26FE6,0.057557985
CC_5B07C7DE7E7E,0.21692874
CC_5B08171A6880,0.2685132
CC_5B09FB1A0BE2,0.078674465
CC_5B0D6BA12702,0.46994424
CC_5B0EF2D4C3CC,0.14567725
CC_5B195D88C182,0.33618245
CC_5B1F6FE71A38,0.06850968
CC_5B247961602E,0.055116422
CC_5B276421F4CD,0.06402813
CC_5B289AFA1662,0.33231616
CC_5B3A16421A31,0.059882537
CC_5B3E78897EB7,0.07570574
CC_5B480B44A9B1,0.15540232
CC_5B546C3A21F8,0.18002844
CC_5B5BC4023EE7,0.14594582
CC_5B6D63DD34B7,0.102561384
CC_5B6E868912E6,0.08580512
CC_5B818D2581FB,0.10390684
CC_5B82E8BB921F,0.34764713
CC_5B8E8DA14EE6,0.17445746
CC_5B900A135A69,0.084294066
CC_5BB64BDF3C99,0.08661218
CC_5BCB2C79D1CA,0.25060174
CC_5C072DB8586F,0.07483224
CC_5C0BEC2A0850,0.10636442
CC_5C24010127D1,0.3152495
CC_5C2DAF5E0EB7,0.41578203
CC_5C3E8DB90978,0.12064936
CC_5C4A7CE69975,0.31845963
CC_5C5766F933B0,0.4648039
CC_5C5808240054,0.11026353
CC_5C5D6E15EA27,0.20221102
CC_5C60C4545922,0.106595516
CC_5C626D70F6D6,0.15247661
CC_5C670F0622BF,0.07683366
CC_5C799E57EF53,0.042548455
CC_5C7B44735AF4,0.18824384
CC_5C7D8DF047E9,0.18085718
CC_5C80F394EFC3,0.15884516
CC_5C99E6189441,0.10107422
CC_5CA9AB4A6AB4,0.11373401
CC_5CB78ADD2432,0.14072813
CC_5CDE37CE08CF,0.056920364
CC_5CE258D12432,0.3389786
CC_5CEEF006ABF9,0.06649606
CC_5CFD2850E277,0.22563422
CC_5D01F71B9FAD,0.123124525
CC_5D065A455A45,0.17385632
CC_5D0AA7D4954A,0.25847888
CC_5D242448B812,0.14812279
CC_5D2C5115BDD2,0.19885924
CC_5D3273E039AF,0.61443686
CC_5D398BB3365B,0.102915496
CC_5D3C1CE64952,0.106389344
CC_5D4B0EBB5CD6,0.065807715
CC_5D5E897588D3,0.09225483
CC_5D65F25FFB8D,0.061754514
CC_5D665A86C465,0.114197016
CC_5D80C353E475,0.124375224
CC_5D8895A0AB4C,0.19282997
CC_5D88A673BF50,0.20882216
CC_5D89688B69A9,0.42197347
CC_5D8AC8E18A8E,0.07788276
CC_5D8E7DC2FA6A,0.56619596
CC_5DA29AD9E85E,0.05587133
CC_5DB286EAC626,0.33897936
CC_5DBC1BB95B84,0.7485571
CC_5DC0A465470D,0.058526374
CC_5DF82CB03C3F,0.10566001
CC_5E001C93F359,0.06524147
CC_5E029094A55C,0.71388257
CC_5E0808121A65,0.15192926
CC_5E1117E4E593,0.13927594
CC_5E1541060A97,0.69191504
CC_5E1C11540C0B,0.087342545
CC_5E1DC0E143F2,0.1013532
CC_5E206AC277E4,0.24416408
CC_5E22B4BC8B12,0.097813085
CC_5E22D889B6BF,0.113878034
CC_5E38425EC99F,0.7267604
CC_5E3A70C2077A,0.16075781
CC_5E5607D275CA,0.12951066
CC_5E73C3D2B3EE,0.18638626
CC_5E7F23A07A71,0.1018251
CC_5E80A96974B8,0.22577974
CC_5E8C0453B9B8,0.3346715
CC_5EA599FBA5E0,0.45363846
CC_5EB379BA6C7A,0.11362973
CC_5EBB96F65AFE,0.3935383
CC_5EC41568C2E1,0.09523803
CC_5EDB5C924107,0.32836694
CC_5EEE5D0FF8D3,0.1495386
CC_5EEF07FFC243,0.0839244
CC_5EEFD690759A,0.08819999
CC_5EF2176F01D5,0.11096268
CC_5F17CA33D26B,0.0768565
CC_5F20750D6658,0.16228437
CC_5F2CE32A6EC3,0.12414928
CC_5F328EE757B6,0.054378998
CC_5F35B8D87D06,0.16655353
CC_5F390BA40E83,0.7174258
CC_5F59092CA9B2,0.116234556
CC_5F5916E96E19,0.15691765
CC_5F5E835B9E6E,0.07490672
CC_5F648D39D67F,0.50109684
CC_5F6D4104C808,0.18002972
CC_5F72EBE104D4,0.040784992
CC_5F765C41F051,0.06825141
CC_5F8859A6F0DB,0.03984151
CC_5F88ACC7C384,0.13255978
CC_5F89DFA97B7C,0.50337464
CC_5F93A3E31DD6,0.5986707
CC_5F9A44423DD4,0.13559362
CC_5FAA7965BD71,0.131914
CC_5FAFA265CA02,0.33147588
CC_5FBE1A34704F,0.18799372
CC_5FCAA919577A,0.23707253
CC_5FCD208ADD77,0.1724396
CC_5FECD2BB0094,0.0935334
CC_5FFDE52E6B7A,0.10201557
CC_6002BFD3F26A,0.16431326
CC_600311592F72,0.060775265
CC_600AE12112D6,0.31955054
CC_601C3178E38D,0.17877614
CC_6037EEA42F2C,0.3869198
CC_604C08F76272,0.63831925
CC_604C72AC662C,0.1563654
CC_60510AFA8A87,0.12780324
CC_605E2E26E52A,0.268986
CC_605E3904CD8E,0.11178352
CC_60611B935106,0.14747217
CC_6061787228F8,0.15194401
CC_607270A72DFD,0.22346947
CC_60738E418DB3,0.08565289
CC_60961DF8A134,0.15479405
CC_609B7A7FA165,0.08850405
CC_60AC5C892D01,0.13321468
CC_60C09FF84412,0.15836574
CC_60C87349D73D,0.30382365
CC_60DA2FBF1FBF,0.09731677
CC_60DA539A39FD,0.1768645
CC_60E974A0B278,0.06703403
CC_60EF7D647EFC,0.039401777
CC_60F525A39898,0.042651467
CC_610009B69EBA,0.66353154
CC_610FDDF5FE54,0.11837339
CC_612C06CB5FF4,0.09613963
CC_61307D82CC26,0.62578434
CC_615030FD33CC,0.7197035
CC_61649241FE59,0.19747168
CC_6170051A606A,0.17185634
CC_6179A630658E,0.076792866
CC_617BD59427E7,0.10369551
CC_617EC8BD5153,0.26075846
CC_6191E14D21BE,0.076704584
CC_61A798B8D222,0.06331209
CC_61B4A983D1A1,0.1040919
CC_61C9732AA682,0.751613
CC_61DC64E37471,0.063808054
CC_61EAF14033DB,0.104230165
CC_61F18E0C218F,0.047956806
CC_61F1A1263F5B,0.13703941
CC_6209EA426553,0.04810229
CC_622BD8CB3807,0.25377786
CC_6234A9617A7F,0.092183545
CC_623AC074EB25,0.15857023
CC_623FAACE8A80,0.063386686
CC_6244E2935407,0.21761401
CC_624535E11F69,0.060626477
CC_624EA2917CDD,0.58507735
CC_62565D08DDDD,0.7648797
CC_6268ACD3F95B,0.4947613
CC_626B61F4789A,0.6596977
CC_629193C2A090,0.28644657
CC_62933641AC43,0.24379207
CC_629480877536,0.3365458
CC_629CB045D9FE,0.10678032
CC_62A84BC400F0,0.31168377
CC_62C36DF81797,0.20071465
CC_62CC835CAE4A,0.6560552
CC_62D4192F126E,0.77198386
CC_62D7A3C9483D,0.06986903
CC_62DF1B99B4DA,0.11235365
CC_62ED7BA3E620,0.048793048
CC_62FC001AFC78,0.10250192
CC_630412B4AFDA,0.1927622
CC_630903AD39C1,0.035336524
CC_630938DCC1B5,0.062355693
CC_630ACED773E9,0.3950541
CC_631E1690D913,0.060103983
CC_633A7C7FC25F,0.2134591
CC_6342051D8FEA,0.22801861
CC_634CE4E8AE49,0.1990791
CC_6359692F5EF6,0.12124202
CC_637278423A6D,0.21002622
CC_6377AB848081,0.09034084
CC_6381A65E0A3D,0.10647539
CC_63871B4814E2,0.112894714
CC_638AD269F05C,0.0362497
CC_6391AE0FB83F,0.1511949
CC_639703EE2ABD,0.039741147
CC_639750C87A7A,0.7057735
CC_639B1DCECD2F,0.19001935
CC_63A869443AC0,0.45301896
CC_63CCEE26BCAE,0.065109804
CC_63D51CECB6D2,0.26103392
CC_63E53402FC02,0.03118236
CC_63FC6895901C,0.11551793
CC_63FC8A97D9C1,0.13338587
CC_64117B93EF73,0.3199435
CC_642D9C325F1D,0.31307292
CC_6436B950E22B,0.19400229
CC_6445BD3DDB6E,0.036461055
CC_645C15569E42,0.08058005
CC_646472AD66EF,0.1013372
CC_646B8254357E,0.14205931
CC_647F4BB4983D,0.6377747
CC_6489ECEEFD0E,0.09939131
CC_64946E57306A,0.041562237
CC_64976830B0B7,0.29796925
CC_64BA10F3FAA1,0.08241074
CC_64BA39A0DFC6,0.090215966
CC_64CF9A79EBFC,0.08490594
CC_64F0E0473D1E,0.099269256
CC_65006C2AB2D4,0.74738824
CC_6500BD19FA06,0.32253373
CC_6504DCAA90E1,0.093636066
CC_6509C7361994,0.19241408
CC_651486189673,0.11317476
CC_65194BAE506A,0.20996663
CC_652539353439,0.15292731
CC_653CE5FA5A76,0.24264537
CC_6560C2F4EDA4,0.14907742
CC_656137F98187,0.6290206
CC_6575B4B39113,0.040113144
CC_657F629D31E2,0.18853591
CC_6580B7583ADE,0.18983404
CC_658477BA75D6,0.0490114
CC_658B7867BE7C,0.14704634
CC_6593FE5349F2,0.08612482
CC_659EE0F05A75,0.36946052
CC_65A0D8134410,0.27005944
CC_65ADD5A19F64,0.09799039
CC_65C3F0F73BB1,0.09356675
CC_65C47521C285,0.052589744
CC_65C4EE0B737C,0.25489724
CC_65CB68404333,0.19481632
CC_65D6DFF1B766,0.11421622
CC_65F1545C35E1,0.16654885
CC_6602547E2FCF,0.20669594
CC_6615D7044816,0.26362666
CC_66244D4B72EA,0.10582146
CC_662E5AAE07A8,0.06207604
CC_66322B339E84,0.05729848
CC_6634FD4B1CD5,0.7682735
CC_663DCEF4923E,0.18468273
CC_663FE5BF918D,0.44154754
CC_6645798E740D,0.09297206
CC_6649736C8321,0.8082373
CC_664E1026C4D9,0.27038473
CC_665603C4A33B,0.070812896
CC_665BDD9C8039,0.3973845
CC_665F2AD58363,0.24676476
CC_666767444BC3,0.21307275
CC_666C0A2A8674,0.06874059
CC_666F2BCDC7D7,0.17526469
CC_66775178B226,0.07220387
CC_667B6F8C846A,0.66458154
CC_667E909835A4,0.19302803
CC_66809C278FCC,0.17887104
CC_669CCC44CFCD,0.06447102
CC_66B0BD3F6516,0.33646423
CC_66BF02C05DD8,0.1329866
CC_66C491256BE4,0.07469585
CC_66CEFA65F912,0.3931145
CC_66E025DB3282,0.6503582
CC_66E7B423A32F,0.73293674
CC_66ED26E7BAD9,0.07511093
CC_66F7FF7735C3,0.17113048
CC_66FD0CE6D57B,0.052952565
CC_66FFFE05C2E8,0.08178702
CC_6700012A39B8,0.12676552
CC_670FC6A064F0,0.2233135
CC_672932B65802,0.06801915
CC_6742C6478F98,0.19262639
CC_6745321663BF,0.06408088
CC_67579CF57290,0.16289166
CC_675F7483FB90,0.1971989
CC_676ACFAA6131,0.6731304
CC_676B423C495A,0.5653355
CC_6771C0D1CB1F,0.058602005
CC_677EE0369CA7,0.09173444
CC_677FE35855A9,0.20850942
CC_678091614A14,0.118232004
CC_678A43ED0803,0.70288503
CC_67955C210226,0.070506886
CC_6797E0B01112,0.25171787
CC_679D90941842,0.1483106
CC_67C05273700B,0.114849046
CC_67D5172B6450,0.17672366
CC_67E8CF412D93,0.11312452
CC_67F6576A6836,0.27320987
CC_67F985A00A12,0.0686921
CC_6801AD1D4478,0.07868576
CC_6803BFA94B17,0.05735454
CC_680B16E5E240,0.14751506
CC_680F2D0F4F6C,0.076975435
CC_68221E1393E1,0.13100576
CC_6822590B968C,0.19067836
CC_682D8EBCEE94,0.21674386
CC_68429B4AE401,0.41909876
CC_686B26BDD061,0.06613746
CC_687518442359,0.49016914
CC_6875DA61F422,0.2361514
CC_68A3D749608C,0.20869417
CC_68A9C3CE2557,0.1265601
CC_68B9F8C6D9D6,0.66545093
CC_68BC65E3C84A,0.4967758
CC_68CC4D1D898F,0.07866408
CC_68D0ACBD2D0F,0.034862574
CC_68DA8D5488B3,0.086288854
CC_68E675A69AF3,0.15331386
CC_68FC9E6FA27E,0.17508355
CC_69322F7C4CE3,0.12730661
CC_693710EAD59A,0.21189949
CC_69387752F41F,0.5326401
CC_693B71DDFE67,0.1523751
CC_693D4AEDA3A2,0.117655024
CC_6952171BCD2D,0.14603889
CC_69547DEB412A,0.21802153
CC_695E80DBA42A,0.077624455
CC_69717E76CFAF,0.4407128
CC_69741BF89A2D,0.12351096
CC_69825C70EEE9,0.20789266
CC_6985C268DC74,0.4424876
CC_698886C4AD90,0.137165
CC_6999901A6060,0.17777923
CC_699ABD34646F,0.067164555
CC_69A98DC7A907,0.067594014
CC_69AA6E0DDE10,0.22692421
CC_69AD5A48A78B,0.22172396
CC_69BA7BFF98E2,0.118611485
CC_69BBE365C097,0.061997652
CC_69CD95A00D9C,0.047476713
CC_69D328691680,0.060857143
CC_69D39C9F36F2,0.26717257
CC_69E09390CD64,0.09557533
CC_69FD49E90AC9,0.3464579
CC_6A099AFE73BC,0.16710062
CC_6A099E6C91BA,0.30350214
CC_6A19EB191A81,0.0375404
CC_6A39017046FE,0.10481964
CC_6A4A401F2920,0.3696242
CC_6A5261180031,0.07111772
CC_6A7432494840,0.17619637
CC_6A7963180D20,0.38680112
CC_6A7D7E5F814F,0.5842954
CC_6A8B8BBA749E,0.16732669
CC_6A8DFDB0621D,0.14803907
CC_6A93C436E2FF,0.09940753
CC_6A97F81D9A0A,0.14470448
CC_6A9D1622B4DE,0.3137209
CC_6AA6589445C1,0.6470355
CC_6AA7A87F59FD,0.20720762
CC_6AADD44C0B52,0.091415286
CC_6AB4A5EBA3F6,0.21029183
CC_6ABA7D0ABAC5,0.18038514
CC_6ACF1E52BE8E,0.14395672
CC_6AD3513459CB,0.0914454
CC_6AD4238EE77D,0.1847993
CC_6ADD0FE5DD74,0.63038206
CC_6AE2737BD3A8,0.09409049
CC_6AE48C1F2448,0.18617481
CC_6B00A666A420,0.5629291
CC_6B07C3992304,0.06775827
CC_6B0A72BBD800,0.5902835
CC_6B12B975F2EC,0.34678125
CC_6B12C9507F32,0.16800788
CC_6B34719D93AC,0.57911706
CC_6B34740DD355,0.14068356
CC_6B41081727AD,0.20873336
CC_6B4902892E70,0.08685012
CC_6B5BC2D89077,0.7654741
CC_6B65242C2CCC,0.16599432
CC_6B823BACBE75,0.34951216
CC_6B83E1A959C2,0.2510868
CC_6B84FB3DE604,0.028722517
CC_6B8AABAA752E,0.1811268
CC_6B8AC0DEE990,0.40574348
CC_6BA45C072D40,0.1387583
CC_6BA72ECB5027,0.10028798
CC_6BB560F020BD,0.0690939
CC_6BDF0B68C126,0.023537742
CC_6BF0A9437728,0.12749304
CC_6BF3B9097199,0.16573885
CC_6BF7A1EF31B9,0.15835789
CC_6C29DF49246A,0.06416605
CC_6C3C86C2125E,0.0922488
CC_6C42FF6D7218,0.6040757
CC_6C541A482CF2,0.18494569
CC_6C585A6BFE01,0.7888269
CC_6C5CE36700D0,0.17887518
CC_6C62C2094733,0.07288949
CC_6C66539A9D02,0.27568513
CC_6C684505E498,0.085489154
CC_6C6E40927C35,0.028333716
CC_6C7736F51C12,0.70063865
CC_6C781CEB6F52,0.09321041
CC_6C7E39BF4744,0.13418782
CC_6C9EE9BAECEE,0.07159984
CC_6CA0F076091A,0.10316334
CC_6CAD299645B0,0.14977254
CC_6CC3C50BA394,0.1026468
CC_6CC593C5385D,0.046593368
CC_6CDA4B24C602,0.27861235
CC_6CE31AFF7813,0.07653755
CC_6CECB68DE9C1,0.32546026
CC_6CECD3DBA212,0.15661213
CC_6CF17D012682,0.24514425
CC_6CFCDF903310,0.14556515
CC_6D08B5E62654,0.104589924
CC_6D0F60667273,0.29901075
CC_6D127EE83945,0.062211864
CC_6D134DB29068,0.3265911
CC_6D141A49D94E,0.56259835
CC_6D148C0A624D,0.14865535
CC_6D1EFDDE2EED,0.06686119
CC_6D22B938D7B9,0.070811726
CC_6D27409F4956,0.09855768
CC_6D2F0EBBCA4D,0.24499074
CC_6D43BE30E8B8,0.26179546
CC_6D4EDEAF67C7,0.20232782
CC_6D72571304DC,0.47290084
CC_6D7C62C7C161,0.06402223
CC_6D8A18C28AF0,0.08010326
CC_6D8B35007242,0.07199926
CC_6D93A9E49E3B,0.16145454
CC_6D9C644A082B,0.12154552
CC_6D9F52BD4D0E,0.12747774
CC_6DA058F9B631,0.26676118
CC_6DA1F8DF9CDC,0.23656705
CC_6DB000AEF16A,0.10633555
CC_6DB5025899E3,0.2099795
CC_6DD6FA2FA0C6,0.08003619
CC_6DE4E4C1A31D,0.16937861
CC_6E09CBC15C94,0.49074504
CC_6E353816938F,0.04850325
CC_6E3AB992A5C9,0.17152014
CC_6E420A2FE490,0.14190204
CC_6E46D01888D5,0.15796092
CC_6E4702162475,0.07105754
CC_6E548AF15091,0.22777656
CC_6E5C9A2DA27E,0.04564778
CC_6E610F3976CB,0.16996157
CC_6E614FF9BE02,0.694991
CC_6E68D46447E2,0.090340495
CC_6E712C21215D,0.046637367
CC_6E84DED41B8B,0.13341841
CC_6E8557E30DC9,0.6634602
CC_6E8963475D35,0.25135073
CC_6E9880CA0BF9,0.29526135
CC_6E9FCD68ED52,0.6970363
CC_6EB194A93F60,0.11936948
CC_6EB370F511F7,0.067247204
CC_6EC722B2BC2F,0.17385215
CC_6ED1B0EE4B6C,0.2179442
CC_6ED65E7CABA2,0.100366965
CC_6EDA84B653B8,0.33427936
CC_6EEE8E7C1D1C,0.19180277
CC_6EF17801ADD6,0.14852905
CC_6EF337CC4BA9,0.22059304
CC_6EF464EC9FCF,0.089304715
CC_6EF6B8AE7DCD,0.04979378
CC_6EF8C59D8395,0.8355078
CC_6F2146FE362E,0.054779273
CC_6F2408B665A6,0.38553122
CC_6F2B8E925D59,0.03184003
CC_6F3034E96848,0.12154113
CC_6F3559ACC2F5,0.04638566
CC_6F46C5897DA8,0.38386708
CC_6F49ECAE902C,0.07105616
CC_6F4B818665D3,0.121714294
CC_6F4E696A1F88,0.32624465
CC_6F54BD66C0EA,0.17514841
CC_6F786C433998,0.10874204
CC_6F78BF56B0C0,0.099145815
CC_6F8346F138C1,0.40574983
CC_6F86CFDB23D6,0.053638354
CC_6F8E30AE9457,0.17624772
CC_6FC25B27AC26,0.10054049
CC_6FC8BE007FE9,0.15060805
CC_6FC8DA40122A,0.18439755
CC_6FD8BAB1DA3E,0.058926053
CC_6FE4FD09A9D8,0.082344905
CC_6FE78CB02174,0.034267757
CC_6FEB8EDBF2A4,0.13910867
CC_6FFCF2DAD0A4,0.077272445
CC_7002034B0979,0.085370466
CC_7006523D45E4,0.104529575
CC_70097151A773,0.065390855
CC_7011BC95A91B,0.035884712
CC_7020F3C11A3F,0.15283954
CC_70306409A3E8,0.32512856
CC_706B18DA7204,0.10413017
CC_70703A59C070,0.21129179
CC_70749DDFF595,0.12331994
CC_7079CE5127A3,0.042058617
CC_7087A46F0AB7,0.086223505
CC_708B73EBD939,0.1560536
CC_709315667BCA,0.0965987
CC_709970475B6D,0.5520162
CC_70A56ADAC199,0.056285813
CC_70ABB244502D,0.0479455
CC_70B0176647CE,0.13397506
CC_70D3353DA1C3,0.08475926
CC_70D652DF4E91,0.12999187
CC_70E3121BFDC4,0.10149676
CC_70E5FB8B072D,0.052637093
CC_70EFECA3FAEB,0.18920693
CC_70F59DA18BCA,0.47418287
CC_7100129A0AFF,0.11397882
CC_7113554E33B9,0.07397418
CC_71260405461D,0.041055027
CC_712677251322,0.20181532
CC_712D31B2785D,0.065442264
CC_713052DB1E2E,0.066903934
CC_7139C2D6F1AC,0.118406005
CC_71427FC8FA49,0.23527943
CC_714912E93A71,0.1399746
CC_717A5C2ED311,0.22650647
CC_717C94F5C8F1,0.06313085
CC_718F067F4DA0,0.054242637
CC_719E714DD38C,0.051951088
CC_71B169C874D0,0.15112616
CC_71BB5070615C,0.11283505
CC_71D37D6D19C6,0.18467222
CC_71DC80205F42,0.14470473
CC_71DEB636B8CD,0.6332356
CC_71E4CBAA1211,0.17710933
CC_71E787049755,0.10897902
CC_71F1EF5575AC,0.09806861
CC_7201DD8EB33B,0.22476555
CC_7202C8CE2317,0.32181773
CC_720B06583C57,0.034734875
CC_721DEC038BAF,0.06892659
CC_72219BCC83E3,0.18133892
CC_7223DABA7E98,0.06929146
CC_7233459FF7B8,0.23106727
CC_7238A8A6767A,0.18372723
CC_724559551664,0.6263956
CC_7248EB4B76CF,0.06015978
CC_7259B5314D92,0.08412274
CC_725CA03102FE,0.047748752
CC_726E05E5A555,0.13468428
CC_7276AEED6D4A,0.06590745
CC_72A18E8D6670,0.04396796
CC_72CDBC38202A,0.43189844
CC_72D8B2ABA2D1,0.7169658
CC_72E4590D362B,0.33926535
CC_72E8542AE4BA,0.054374672
CC_73010B6E55DD,0.5980697
CC_7309A4693D52,0.15698197
CC_730C2A3FF1BF,0.16814077
CC_731C1BCED024,0.6082499
CC_732C325832D8,0.15994892
CC_732DFCAA0A75,0.20318204
CC_73322A6A24B1,0.8097879
CC_7336B19A18AB,0.24121979
CC_733AF1D123B8,0.3210979
CC_7344A0E90AFC,0.09821563
CC_7348C2B475B7,0.11276749
CC_735E1A78B058,0.07993369
CC_735ED2A02DC4,0.12982765
CC_736015DE4E3D,0.37012255
CC_736A42761E55,0.09693201
CC_736C0436B98D,0.14942531
CC_7379212919FD,0.09660067
CC_73859CD59E75,0.5291332
CC_738B201B1CF9,0.14271326
CC_738DCB11942F,0.064495
CC_739198ACE582,0.13530356
CC_739D093D7B69,0.09113392
CC_73A7FC903662,0.17351256
CC_73A8927DCEB9,0.10032176
CC_73B575BBBBE3,0.14300153
CC_73B6B9AD2002,0.056484185
CC_73C28D72A5A3,0.4552185
CC_73C38DBDF9A7,0.10345732
CC_73D44BEF6754,0.29916793
CC_73D4C1D7C022,0.087381884
CC_73EF383F3C2E,0.14499685
CC_73F34B1607C1,0.0570788
CC_74137206902D,0.09904219
CC_74198E5EC366,0.065427415
CC_744FB5804A8C,0.63586235
CC_7451E64B6D47,0.15617202
CC_745A64878AF1,0.118155144
CC_746B196CECA1,0.1649617
CC_746C06898D5B,0.61837846
CC_746DE1EED0DD,0.22773387
CC_7476938CF6A0,0.5358888
CC_747CFDB7E305,0.07518162
CC_74845374E870,0.74681556
CC_74AD8D3B192C,0.7402741
CC_74B90A15B270,0.1210054
CC_74BA5D46E909,0.7200748
CC_74BE0AD5E21D,0.16603827
CC_74C33B66F002,0.15173551
CC_74C9C3F17421,0.06417464
CC_74E4BD5C07D2,0.066033095
CC_750D90249EFD,0.10419746
CC_750DA21B7EDD,0.31083912
CC_750E6537383A,0.26900882
CC_75137D6F9DCB,0.10534697
CC_75173A8A11D1,0.3184051
CC_751DDC1FC2AD,0.14115193
CC_75357E0206F5,0.09145217
CC_753D160E3A58,0.13604715
CC_754447632F75,0.043506816
CC_7549363C5D36,0.08697933
CC_754F3894627C,0.113099575
CC_7562CD43897F,0.14087829
CC_756A077EC614,0.40551466
CC_756D3492443F,0.2258918
CC_75783B3E6C6E,0.045207478
CC_7598068A716C,0.04514971
CC_75A37D8C1F6C,0.5802535
CC_75ABDDA24C26,0.12918444
CC_75B287424E59,0.34341606
CC_75B2B88876B6,0.108113825
CC_75B324FCDD4A,0.20064938
CC_75C1466E61E2,0.2611063
CC_75CCCD9D4568,0.11570558
CC_75D2DAF4491C,0.3084181
CC_75D54090AAD4,0.112323344
CC_75F1927E5941,0.6863526
CC_75F99AD6844A,0.3202858
CC_75FBA505C727,0.29255772
CC_7615CC930B76,0.15443176
CC_76168488EBB0,0.41191268
CC_76197A77D666,0.03226434
CC_761F48F8E962,0.19950391
CC_764C6ADC6D1A,0.0821895
CC_7658A6B0910B,0.04404504
CC_766347951B7B,0.5105299
CC_76857712D8F5,0.27365896
CC_76A0DF2549B7,0.105880305
CC_76A636414AEB,0.26109034
CC_76B01540CDD1,0.19139619
CC_76B420FC66EB,0.08089255
CC_76B6BCD2EBAF,0.06945064
CC_76B7A0029620,0.12681638
CC_76BA435EF2AC,0.15254314
CC_76BCC1AFDA4D,0.09217422
CC_76C35913E797,0.13471377
CC_76DE3DF1DEE3,0.17317757
CC_76DFA4CD068B,0.08833673
CC_76DFE3568C72,0.25201434
CC_76E201F1E036,0.33693913
CC_76E83166FE0A,0.16136555
CC_76FD9E9D9ED0,0.12051305
CC_7720BBD06736,0.31044102
CC_77340228F356,0.73306227
CC_773CBBCBAFFE,0.09732605
CC_773E9B092923,0.10426319
CC_773F22C3E42F,0.05861552
CC_774ED295BF96,0.12759161
CC_7751ED6DF76C,0.049862504
CC_77571749B970,0.12871212
CC_776F8B3BAC08,0.09036164
CC_777889F9694E,0.047868125
CC_777D08513AE8,0.08027838
CC_777E3D988EFD,0.2398096
CC_7795BEDE05E8,0.3470389
CC_77A9EA3A6784,0.09396726
CC_77B1AB7960A9,0.21911126
CC_77B6EA810549,0.29146415
CC_77B9889C9BFD,0.22538754
CC_77BC55DC92B6,0.16059627
CC_77D1DFCB0A8B,0.053185713
CC_77D9AC43DFE1,0.263966
CC_77E6EF1CF2F7,0.122731775
CC_77FFA8E6B36D,0.09292723
CC_7801661A9DC2,0.14834294
CC_78069B1BD931,0.14594993
CC_780828B48716,0.07669026
CC_782130B98F34,0.10193695
CC_78273789B3C5,0.75506246
CC_78296783E4EA,0.16911039
CC_782B06291D87,0.06915443
CC_783A2D4C89F9,0.40552413
CC_784407E16923,0.10875096
CC_78491B6255F2,0.3600524
CC_784F17AC712F,0.06549904
CC_7852FC3BBADB,0.08601831
CC_7866E4CE528E,0.76409245
CC_7867E7C01013,0.20211393
CC_7869F609EC2E,0.22449425
CC_7874F14ABD7F,0.157189
CC_78774E05FF12,0.14386836
CC_78815A352067,0.12007509
CC_788FF4549766,0.2565101
CC_789977501322,0.0956532
CC_789B2BA880E7,0.055966288
CC_789D87F51AA1,0.06648284
CC_789DC3C358CB,0.22031859
CC_78A036DF6320,0.6519793
CC_78A3EA63B7EF,0.041756146
CC_78BF1B8FC1CA,0.12012234
CC_78C96E7015BA,0.6791004
CC_78CC84FA2CE2,0.16666697
CC_78F0087076CF,0.20747724
CC_78FAA95F5B5F,0.108345866
CC_79033EFDE096,0.12741378
CC_79086C18A963,0.14285007
CC_790DA2ED9F5B,0.10509739
CC_7928811F7D86,0.109898105
CC_79345478FCE5,0.15045305
CC_7936C8D65B95,0.12602589
CC_7948C5509411,0.51194763
CC_794ADB0677CD,0.12754555
CC_794FF8E7F876,0.054949343
CC_79500EA652BC,0.62563294
CC_795083A66DB5,0.055036984
CC_7950D4B773CF,0.1370042
CC_7955AEB49759,0.1654904
CC_7964F862DFA3,0.427457
CC_797A700CF967,0.44998622
CC_798180DDF677,0.36480612
CC_7981ABA9C370,0.11641126
CC_798B2DC03C5A,0.082681656
CC_79BD986C23CA,0.07688366
CC_79C6BA680815,0.484564
CC_79D694E6F5AF,0.30014062
CC_79ED9A0F6E49,0.46568918
CC_79FA2512E5A2,0.1693785
CC_7A0024F6FA60,0.26196483
CC_7A193A453F27,0.043439593
CC_7A1F071DC5D4,0.35261536
CC_7A5D96BC99AA,0.7431854
CC_7A6B51562949,0.3064283
CC_7A6D7F9654DD,0.42141756
CC_7A778E010F33,0.25065306
CC_7A7FB841B669,0.5539717
CC_7A91013D31E1,0.1365965
CC_7A9117596769,0.055675287
CC_7AAF340DCE8F,0.17469335
CC_7AB146267981,0.20075089
CC_7AB2A9CC8424,0.2176261
CC_7AC1DF18CBA4,0.2517589
CC_7AC4240DD225,0.33424544
CC_7ACB325BD924,0.2187705
CC_7ACB88002397,0.48263836
CC_7ACD4F370AED,0.19484642
CC_7AD4072A9F82,0.06250563
CC_7ADEECDE4D73,0.2345654
CC_7AEB48D8C5E0,0.08179186
CC_7AFA5CD2B29E,0.101463765
CC_7B092786DDB0,0.056549765
CC_7B1B35D5628E,0.03886629
CC_7B210557F04A,0.10623586
CC_7B369A7C1D3F,0.16556284
CC_7B4002591821,0.6824614
CC_7B42BD80D79A,0.21847197
CC_7B44FDF08B93,0.110553384
CC_7B501C32CAE5,0.06779015
CC_7B88520D4FA2,0.34084576
CC_7B8ABE6E552B,0.19165717
CC_7B8D2E07908E,0.41942036
CC_7BA150468D19,0.55244845
CC_7BB159FCEB53,0.18914336
CC_7BDD72710831,0.07109827
CC_7BE02C65B967,0.18645014
CC_7BE382988C1C,0.6088861
CC_7BE6110DBAA1,0.34442788
CC_7C0B14BB0573,0.14685108
CC_7C0CF5558904,0.6489266
CC_7C13E7F561DA,0.6628773
CC_7C46F7F667F3,0.11078208
CC_7C510CE0521B,0.075853005
CC_7C61B5D39E49,0.41510463
CC_7C6770DDA182,0.13656445
CC_7C6DBF78A610,0.08995833
CC_7C7B0438E3AB,0.16103956
CC_7C87DFBC3176,0.101565816
CC_7C9528E94215,0.2856079
CC_7C9ADE65CF81,0.10092711
CC_7CB6CD1B9DD0,0.04751633
CC_7CB7C7E55BE6,0.15957335
CC_7CCC3A690325,0.13498941
CC_7CE5689488DB,0.039994985
CC_7CEB758A9814,0.064888716
CC_7CF7443D923A,0.06623523
CC_7D0D597690BF,0.12926923
CC_7D0EA0307817,0.0419176
CC_7D12E6FF25C3,0.11360575
CC_7D28D39AED1F,0.6281081
CC_7D2D19D832FF,0.06713331
CC_7D34A67E1369,0.049536914
CC_7D4388B41EB9,0.16220622
CC_7D46FE573D79,0.07070491
CC_7D7810799F2E,0.061113052
CC_7D79241150C8,0.14041126
CC_7D7B92EF2655,0.13677996
CC_7D8C2495C1F7,0.086828
CC_7DA4F1BA24A1,0.66830516
CC_7DAF18939084,0.07016614
CC_7DB8BA427410,0.054949027
CC_7DC9456F1161,0.043044552
CC_7DD2CBE0F0BC,0.2551138
CC_7DD495158BFD,0.6591443
CC_7DD5411F7A14,0.3203103
CC_7DF099A7A092,0.25682622
CC_7DF27D2AC111,0.045095056
CC_7E0CA072EF93,0.064511664
CC_7E0DA100F5F2,0.21714747
CC_7E1086EFDED5,0.0487664
CC_7E12E0F3CF6D,0.10967617
CC_7E178CE78FB8,0.08160824
CC_7E1C1A6D0E9A,0.16460451
CC_7E2A76850DF6,0.7610272
CC_7E3ACB15C69D,0.113695025
CC_7E3F3373A73D,0.6976318
CC_7E42A3D0737F,0.1114152
CC_7E4679C534D7,0.22005817
CC_7E53FEEB19B1,0.24498871
CC_7E71CE7FC603,0.2150501
CC_7E8333DBAEB4,0.42192492
CC_7E843438DE4A,0.06566377
CC_7E8E4747C0D0,0.5990221
CC_7E952828C1B5,0.08898872
CC_7EA6431FE6F5,0.12057099
CC_7EA7BA7621C3,0.2509007
CC_7EA8F24B3010,0.10723981
CC_7EAB28B0309C,0.05654332
CC_7EB4A5BDA97E,0.088816024
CC_7EB4B0A36534,0.11069766
CC_7EB791F4AB2E,0.11502299
CC_7EB883C9D5F9,0.04735958
CC_7EC59C577F02,0.072029844
CC_7ED2683D26DD,0.11123605
CC_7EDB3440E0AB,0.65984887
CC_7EE12013C7DF,0.16568395
CC_7EF824CC0D3C,0.11242237
CC_7F09C6F6321D,0.7674098
CC_7F1AD40DA179,0.17033382
CC_7F1D38A39164,0.09367837
CC_7F22B7D326CC,0.17832336
CC_7F2614F1AAAE,0.25083107
CC_7F2CDC7C1634,0.05421657
CC_7F2D46DF9BC7,0.16548139
CC_7F57A90B69E0,0.22481604
CC_7F633226A676,0.31310546
CC_7F753D809267,0.75025845
CC_7F7EBF25AED7,0.03710415
CC_7F8496CC5779,0.048023984
CC_7F88D9C5D258,0.080996774
CC_7F8AB4DCA794,0.123456806
CC_7F8CC9509418,0.27159837
CC_7F9069571F79,0.39563546
CC_7F9AD27E079E,0.21099156
CC_7FA281AC1C7A,0.0914188
CC_7FA389E90548,0.068098456
CC_7FBF4A48AF55,0.068570085
CC_7FC40175A8E1,0.2202355
CC_7FD58EE7029D,0.08042472
CC_7FD7F635C341,0.06384381
CC_7FDD458DA059,0.24740706
CC_7FE85C259E03,0.095555946
CC_7FE8CD30D7E0,0.100783385
CC_7FFA32DE7B04,0.14991018
CC_8014F1E2C5BF,0.04460766
CC_8015895C1C29,0.22762398
CC_802BA7E39A13,0.062017374
CC_80300D23C3FE,0.2763515
CC_80465303B6E2,0.18176198
CC_805ADFD46B84,0.06460188
CC_8060F40D9522,0.16292393
CC_80621E822131,0.06255576
CC_806654B580B5,0.3647858
CC_806CFD6A52BA,0.045836195
CC_807935BBEB7F,0.06592475
CC_807C57E626E4,0.09638004
CC_807C91C98684,0.029285539
CC_8096B589BB07,0.11989944
CC_809D60155E9D,0.062362477
CC_80A2189E5125,0.517938
CC_80AF87F62770,0.15483797
CC_80C03DF9CC57,0.18341398
CC_80D9B6563750,0.63400733
CC_80E9638ABD4B,0.061895534
CC_80F7171B71CF,0.09347464
CC_80F9983BC18B,0.058577813
CC_811109A98EFF,0.1253481
CC_8129480B056D,0.41062486
CC_8134E5DA9FEB,0.62010074
CC_8140399AD344,0.12606317
CC_8140E278B6A0,0.2612036
CC_814E0F756757,0.44711357
CC_815FAAABFC91,0.16687872
CC_816B28807CED,0.08901238
CC_81821F9F2307,0.504663
CC_8186D7991EB8,0.057084877
CC_819E203180C8,0.7852874
CC_81A5E3141BDA,0.49527895
CC_81B5CED8EE79,0.13493899
CC_81B91198E00D,0.7517122
CC_81BADC379C8B,0.19008763
CC_81BF8EA390F7,0.06521403
CC_81C5FC962C72,0.07143411
CC_81DDBFAF1CB6,0.054433472
CC_81DE637E6138,0.031077195
CC_81F389DEC9C5,0.09077665
CC_81F647806849,0.12275335
CC_820D491B2903,0.75938094
CC_82172863AA45,0.2479276
CC_82195FBE9366,0.052870657
CC_821F503DA953,0.10268756
CC_8221AF9B0B93,0.7669168
CC_8222D1C47857,0.06856656
CC_824BB6CD2B25,0.0605781
CC_825192411933,0.07888854
CC_8270E213EDF5,0.18799481
CC_82839CC161E8,0.07774651
CC_828A0B6D7291,0.084588885
CC_828EDE22A438,0.04703529
CC_82928B5ABD45,0.32197195
CC_82A7FE954659,0.2148987
CC_82ABE1FFFA1F,0.12816629
CC_82BDFA01C41F,0.11283542
CC_82C20057CB4A,0.109842844
CC_82E52529A567,0.17275354
CC_82EFBFCF68AB,0.1633035
CC_83092F58B321,0.13919157
CC_83098B4BBD4A,0.119886816
CC_831F9E623C5F,0.16614425
CC_8326C8A3D569,0.113826424
CC_832730F42A18,0.11196906
CC_832A44C3F2A0,0.06105037
CC_832EBAE498AE,0.66185284
CC_833B196A70F3,0.68037164
CC_833E14DFF4C6,0.123024195
CC_834092035687,0.3807798
CC_8351244DE3CB,0.06462744
CC_835B90025058,0.05156766
CC_836534CEDFD3,0.13779934
CC_837ADC1EA55A,0.15370297
CC_83884D799788,0.18257195
CC_83947255841B,0.1472885
CC_83A5A3022ADF,0.806207
CC_83ABA98906DE,0.10706037
CC_83C75D07414A,0.3830977
CC_83CBA767432F,0.75825685
CC_83D342F53F36,0.14911711
CC_83D5CA2A23C2,0.043521393
CC_83E002D6D82D,0.19603842
CC_83FE1BCC83E6,0.29269737
CC_840E5B830DB4,0.05671697
CC_842525788FC1,0.19855458
CC_843076C8EB9E,0.2823758
CC_8442C97EE91A,0.14985755
CC_844C3C30ED67,0.079510614
CC_844E345D2636,0.16257301
CC_844F26E92B12,0.18573362
CC_845032D8A261,0.25228047
CC_845223F606E2,0.30670202
CC_846F5B19B110,0.27214575
CC_84797EA9ABF9,0.31861645
CC_848D59D48081,0.21601209
CC_84AB057BFCCA,0.04791658
CC_84B0BA112537,0.058017373
CC_84B8FCEDADD5,0.09109042
CC_84C61A6BE99D,0.092793435
CC_84CDF830F68F,0.069477774
CC_84D5B88572DC,0.24471888
CC_84FABECED186,0.13761812
CC_8503F43FB29C,0.23309174
CC_850ACB004EE2,0.06969048
CC_850B114489CE,0.10799295
CC_850CC17BB13B,0.13910879
CC_8518C159BDE6,0.14136204
CC_85299261146C,0.08462539
CC_853986C52A17,0.05072246
CC_853ABBECF2E1,0.76264393
CC_853BF4485D85,0.19660681
CC_853EED03843B,0.07604599
CC_853FD1B551B1,0.17245682
CC_854AAA98CC0C,0.80102104
CC_854F8AB5F1FE,0.040347867
CC_855E2A785BAA,0.10877613
CC_85614CA68432,0.07321909
CC_856B92B23BB5,0.79760003
CC_856DF4A30E13,0.7054679
CC_858704DBD5A6,0.05319625
CC_859EF0AAA74A,0.044528894
CC_859FB710961E,0.14849882
CC_85A0EB3C9884,0.5680569
CC_85C887BB996A,0.09478538
CC_85D9A6C9CA60,0.12931901
CC_85DAF10E61A1,0.5714402
CC_85DEF8ECB524,0.14109159
CC_85E2E0B8B15F,0.6734357
CC_85F018DC47FC,0.28134745
CC_85F376B33951,0.19593087
CC_85F745E1D307,0.15218414
CC_85FAFB430486,0.25713652
CC_860D4B868C17,0.018203974
CC_8614E30C9FCE,0.44262278
CC_861F5DC22035,0.058199726
CC_8624ABB391B1,0.18654165
CC_862BAB422756,0.3355444
CC_8642F98E5504,0.19912472
CC_8655B8862C81,0.14983368
CC_865FCEE75A8E,0.029463012
CC_867372811CCD,0.45262945
CC_867695B5C296,0.5886463
CC_8682B1F914ED,0.13804415
CC_8691DF144B92,0.5518921
CC_86AD259FA5B1,0.15297978
CC_86AEC21936BB,0.7348964
CC_86B1D15F8424,0.057911023
CC_86C2A6EC5712,0.7525273
CC_86CF816B494B,0.07199961
CC_86D4D58B1D0C,0.17522274
CC_86E2C4E17CB6,0.05356143
CC_86E9E191E3CA,0.3219658
CC_87000C16C856,0.11574347
CC_8703DD5FA02C,0.20071247
CC_87065B1F429D,0.0960298
CC_87434BBA1CE7,0.058121897
CC_87450EA8CD55,0.6560333
CC_87480F785786,0.06418759
CC_8777EA6EBFD4,0.048385732
CC_877A35E76904,0.08490193
CC_877B37D01563,0.14179288
CC_879759A5EFB8,0.33732188
CC_8798AF2651BC,0.081871204
CC_879989FB3B92,0.56296873
CC_87A3BECEE5A4,0.13379121
CC_87B7CDF4BDDE,0.039974414
CC_87C13E620006,0.2251358
CC_87E3AFB080F8,0.083559394
CC_880044F77ACC,0.09344214
CC_8809BCAC74A9,0.037220597
CC_880E0019DB5D,0.042450145
CC_880F027D886E,0.11483559
CC_8812BC579F7D,0.076797515
CC_88225FE57D82,0.21341935
CC_88315318E9DA,0.33123982
CC_883864E584A8,0.081268124
CC_88469BAD58C4,0.062672175
CC_8854EE679596,0.07465318
CC_886273CC4072,0.08115235
CC_8866B6D4524F,0.2800972
CC_88A943606806,0.29739928
CC_88E916A3F984,0.8452693
CC_88FDC55C31A4,0.1274776
CC_890D5EE59076,0.028955277
CC_890F721517F2,0.10796587
CC_89129D16418A,0.3340915
CC_8917F02F9326,0.1350564
CC_8920B6584A43,0.086199686
CC_8929DF270419,0.7259577
CC_892B119F0E5C,0.17713654
CC_89302456B9D5,0.5646237
CC_893FAA6D1F04,0.75182223
CC_895AF697BFBB,0.23938307
CC_8961FF892F79,0.027230915
CC_897674493060,0.06830481
CC_898AFCD28B03,0.12882158
CC_898CC919D10F,0.20634466
CC_89A711195EEB,0.1438007
CC_89B4DF07DF12,0.08005154
CC_89B941079E10,0.12087366
CC_89B97E9FF67A,0.10477631
CC_89C5162E8055,0.16798905
CC_89CA0F1E2DBF,0.23238997
CC_89DEE29A78AA,0.112201184
CC_89E089707730,0.16950433
CC_89F0B865A6D4,0.14835662
CC_8A04C5D4D02D,0.07216089
CC_8A081AA1FB92,0.3880015
CC_8A0C640E7A89,0.55992156
CC_8A12B68246A6,0.053169172
CC_8A14A46B280C,0.15378466
CC_8A165A18560F,0.2622761
CC_8A19196788FA,0.062235083
CC_8A25FA445037,0.098566115
CC_8A29EA87B295,0.12103994
CC_8A2AC87CB22A,0.063838005
CC_8A34634E7423,0.5750507
CC_8A38BC1AFE57,0.05682448
CC_8A4CAF0CD0F3,0.10334965
CC_8A5A0429CAB0,0.13725862
CC_8A6E60FAE870,0.07392274
CC_8A7DA054E397,0.7221087
CC_8A7F5FF4B421,0.18752685
CC_8A8249A44847,0.11743137
CC_8A8BCE16DF45,0.12601054
CC_8A8EC764734B,0.06681934
CC_8AB553BFA00A,0.10227087
CC_8AB57DC077EE,0.63951886
CC_8ABA5808D313,0.07175326
CC_8ABDD9A05C87,0.3828423
CC_8AC7520DBCCF,0.15283504
CC_8AC7F8BABF28,0.070955
CC_8AD67FB3A5CC,0.7390667
CC_8ADDCF5EDCC1,0.100507915
CC_8AF1C3A0799E,0.7682443
CC_8B388FAED0B6,0.12457189
CC_8B46CA903D09,0.028363518
CC_8B5819403FC8,0.7244719
CC_8B581B8207A9,0.13841945
CC_8B6DBEF19F46,0.13176078
CC_8B8326C4C229,0.100645185
CC_8B850FDCFC83,0.08566583
CC_8B8F41F19B72,0.08502617
CC_8BAF98C60957,0.14062622
CC_8BB0824B181E,0.05907713
CC_8BB963DAD9E2,0.1557722
CC_8BBF5F939D7C,0.140105
CC_8BCBDCF4DFF1,0.12512542
CC_8BCE343561CB,0.7585805
CC_8BDA87361657,0.114332795
CC_8BE68A4DB87C,0.07092641
CC_8BE9BBD879A5,0.041583765
CC_8BED85B91011,0.3762862
CC_8BF68E552DA2,0.22964463
CC_8BF832E6464E,0.7753339
CC_8C1561920E84,0.25029635
CC_8C2A7D9A667A,0.17862812
CC_8C3A5DFE70B9,0.15331542
CC_8C534CCBDA4C,0.2212948
CC_8C6472A3EEAB,0.06287617
CC_8C6B4854D16C,0.2515846
CC_8C76DE4F58D4,0.0514559
CC_8C7DA3F4F88F,0.08477001
CC_8C8527DE7DD7,0.084342524
CC_8C9416612FDE,0.4293282
CC_8C9973F02AD6,0.31891668
CC_8CA1DB61A2AC,0.06325778
CC_8CA59CAE22F6,0.23101829
CC_8CAFD04A6EDD,0.096790776
CC_8CCCC389913B,0.63236505
CC_8CCEF12DC7B9,0.19836545
CC_8CDCD714BD1F,0.75310767
CC_8CEC7987D1B1,0.077911995
CC_8CF621ADAC0A,0.29771113
CC_8CF8FE2A4B82,0.40440786
CC_8D048396D9D5,0.11450869
CC_8D1089C58563,0.4592288
CC_8D35A37FC4B1,0.13476717
CC_8D41E12FE5B6,0.15653121
CC_8D4A859839EF,0.15990274
CC_8D4AD431C55F,0.089851744
CC_8D4D882CA579,0.11777203
CC_8D6151025078,0.12777829
CC_8D637233FE54,0.13329346
CC_8D6AEBA2D7EC,0.106054455
CC_8D6E16DED971,0.17278764
CC_8D7329F79BBD,0.5199094
CC_8D7B7307C43F,0.09474396
CC_8D7B9D4936EC,0.724422
CC_8D80B1B44AE1,0.42429203
CC_8D9516D61143,0.40822816
CC_8DBB8445786A,0.08861758
CC_8DC5B86D9DCC,0.7260693
CC_8DC6465998DD,0.19701011
CC_8DDD0EDA9CB2,0.15904443
CC_8DDEF0265CB4,0.06908363
CC_8DE06BEB95A1,0.07848433
CC_8DEBB5B14A14,0.16227181
CC_8DF5BE7F759C,0.06580138
CC_8E0ADCC71F85,0.054947276
CC_8E0BD86F6F0E,0.10656148
CC_8E143BFCF3E5,0.12418042
CC_8E170A60D71C,0.3766057
CC_8E1C3A21FAEE,0.09770928
CC_8E408E18F060,0.10135119
CC_8E42FB163DA5,0.75727284
CC_8E47536D29BE,0.2403647
CC_8E50AFFC5BBD,0.060754433
CC_8E5FB1035354,0.1694425
CC_8E7B9B8DD1A3,0.10178907
CC_8E85B08196AF,0.043176733
CC_8E96FC75AE5A,0.09060617
CC_8ECAB5A6C7B9,0.079754174
CC_8ECC4C7A6638,0.5652578
CC_8ED6F13C35F5,0.18134746
CC_8EE5E9467038,0.12807825
CC_8F037E5AE692,0.06510319
CC_8F1A418D96B3,0.28165662
CC_8F1C4014F91A,0.17687401
CC_8F30A5FC9D49,0.08342001
CC_8F3456F298F7,0.28282005
CC_8F393D485C29,0.14727104
CC_8F4A41130110,0.055239134
CC_8F7AA6E4D486,0.13606867
CC_8F887BE25314,0.14666581
CC_8F90CD1A5E00,0.20124817
CC_8F9B26042C4A,0.113192216
CC_8FA9423E65C6,0.09154236
CC_8FBA6C32E0A5,0.25439844
CC_8FC1C50C41E7,0.09569531
CC_8FD005425792,0.071664155
CC_8FD6A223135B,0.11737367
CC_9002450E1B5A,0.05875316
CC_901CE62199C7,0.38589767
CC_901D2136E1F9,0.14862524
CC_902648F62345,0.14608109
CC_902BF0612E70,0.14189729
CC_9036F7423277,0.17984182
CC_903AD2767BAE,0.6777618
CC_903E4BA690FA,0.23358396
CC_904386E31210,0.056481194
CC_904EA6C846F8,0.484726
CC_90549DD3CC39,0.122029625
CC_905739E5494F,0.092668205
CC_906F852C69D6,0.6438478
CC_907911F4930A,0.25986913
CC_90798A7273BD,0.14105055
CC_907F3A8AFCFB,0.09315017
CC_907FA7722881,0.1127551
CC_90812D9F30FE,0.09482497
CC_90870A89F310,0.05098757
CC_90894CA021C3,0.71170545
CC_9092C5EBF5F6,0.056873143
CC_90A10D649D9C,0.54118943
CC_90BF8E127519,0.6150855
CC_90DBB385A7F3,0.73394865
CC_90EAD308012B,0.3218238
CC_90F4BF0B868D,0.12636545
CC_90FA39516EAF,0.08209915
CC_9117894F31C2,0.17644271
CC_911ED63BB556,0.29665783
CC_912730AE6E8F,0.25847805
CC_912CA7EE4C26,0.12491876
CC_912DA46AAED2,0.0965759
CC_9132E67EA479,0.16340421
CC_913D95FB31E0,0.1925661
CC_91529F20D461,0.8000712
CC_91586318C780,0.040503167
CC_915F2708219D,0.15204737
CC_916CCF9CBC08,0.031324558
CC_916CF77A29CC,0.07703752
CC_9189E4FF82C5,0.16345868
CC_91A27CB6139A,0.19822238
CC_91B7A4A15A37,0.6853013
CC_91C2077BA6D7,0.053775623
CC_91C4CC43EEE5,0.14757967
CC_91C55BE33AC7,0.06423403
CC_91C81BC58B49,0.05667363
CC_91DE12EE18A7,0.3906961
CC_91DED13CDCD9,0.12863238
CC_91EF639761F8,0.13604349
CC_91F23A7E743A,0.33363688
CC_91F4C5E889C7,0.74937004
CC_920E91EB28A7,0.18106759
CC_921481F5F77E,0.13843349
CC_92221DB27176,0.14792733
CC_9224D5677C66,0.11670418
CC_9230B9656F93,0.18845639
CC_9231D0F8A993,0.7276441
CC_923727159A8F,0.057927944
CC_9248706729D9,0.05674023
CC_924AEB5DD991,0.19759437
CC_9250BA851692,0.29009968
CC_925BACE3417D,0.10229713
CC_9260CD0D7C0A,0.12591693
CC_9285EB21B38A,0.097361475
CC_92A09F03DAB5,0.8142208
CC_92BC35D7F9CD,0.09577128
CC_92C5FE9E5B12,0.6883563
CC_92DC8CF8C902,0.11328888
CC_92E006664648,0.30342427
CC_92E4EFB9F0DD,0.12501316
CC_92E621E0298E,0.16335832
CC_92F412AC7D22,0.07784005
CC_92F42886B7E4,0.19519316
CC_9301E23D376D,0.5502668
CC_931133320380,0.22310188
CC_9314B6D8B7F2,0.07847354
CC_9337E3B43211,0.2049619
CC_933E044F26DB,0.07134402
CC_934BB89938A3,0.10139613
CC_935296A995DA,0.12831816
CC_935326AF26E2,0.17132479
CC_935B72B8E7F0,0.056200795
CC_936FF3C9BE68,0.042373054
CC_937FFE1718BC,0.03971701
CC_939F92AEE460,0.8119945
CC_93A4365B25CF,0.8067025
CC_93AB9D6A7EFA,0.07649698
CC_93C719738590,0.8144665
CC_93CB48930B37,0.19097836
CC_93D24FAFD21D,0.10025991
CC_93DB5F477493,0.10333499
CC_93E1CAFAD44D,0.07485269
CC_93EC9F853123,0.27817154
CC_93FEAF515A8E,0.056347083
CC_94063A67F136,0.352562
CC_9406E32819F5,0.067590356
CC_940971CBC1A4,0.1499925
CC_940ADC8DEA3F,0.14028603
CC_940C7E8E0C52,0.28562003
CC_941DD2E1DE56,0.13984638
CC_941FC1FD0D55,0.21724698
CC_943B720DB5BB,0.115567744
CC_9440309323A0,0.10633843
CC_944B461BC558,0.06553584
CC_9453654BACE9,0.18755485
CC_945888CEAF10,0.35632592
CC_9458D4A483A8,0.104764566
CC_9464BA7E98B9,0.0814567
CC_94794B478A5C,0.3392806
CC_947E58EFF90A,0.08781236
CC_948537FC17AA,0.754846
CC_949576D25153,0.07723034
CC_949B8CEAD619,0.08431789
CC_94B4E05906A9,0.15710963
CC_94C3B6F3B0CC,0.12996517
CC_94C3D9D8FBF3,0.6164849
CC_94CD530B2099,0.08521755
CC_94E9D1E527E6,0.060099553
CC_950450C0845E,0.43119
CC_95169A4360C6,0.058491714
CC_951A69571676,0.05791556
CC_95232636844F,0.19843604
CC_953A5913EDD3,0.13725415
CC_953B678083F9,0.091420814
CC_9541BD0604B6,0.12876433
CC_954404C1BEE6,0.34005475
CC_95444ED71872,0.085934415
CC_9544B86C78A6,0.7522546
CC_954AD7E7C8F1,0.1379705
CC_95525CC6C854,0.1321052
CC_95573B318A91,0.03500653
CC_9569309DC18E,0.07775828
CC_956A2DF28600,0.20829162
CC_957C7A0D7B72,0.30605006
CC_958BECCA0BAB,0.4588986
CC_95A6C4DA2F12,0.61850286
CC_95AB75B5BBBB,0.14401534
CC_95C1274DD7DF,0.033414494
CC_95CD8F6A8CBA,0.040720567
CC_95DD4DC604BD,0.17651841
CC_95E1AC08266F,0.13000457
CC_95E3DDCB74EF,0.08063177
CC_9601384AC971,0.43421674
CC_9608A73A8025,0.15361442
CC_961F3BFBDDAC,0.83614063
CC_96206C1277EB,0.28080654
CC_96396AE6347C,0.2662899
CC_96416D2A937F,0.21628419
CC_964C2E0B00C1,0.20662096
CC_9657A2A04BAF,0.20901358
CC_9662D713B7BB,0.17891192
CC_9664F83B7F1D,0.26575863
CC_968AF836D0C4,0.060930893
CC_96A6735A4317,0.06819059
CC_96BC62A4A0AD,0.1821355
CC_96CD75668A6C,0.07042259
CC_96D928252719,0.34796232
CC_96E40BDE9A6C,0.10828023
CC_970116768415,0.21739219
CC_970E94875C2B,0.7875661
CC_9721C8A61D80,0.08428158
CC_972313B0F814,0.14958858
CC_972FD8FFFF63,0.6008097
CC_97478A77EC17,0.18018177
CC_974D14774BD8,0.073511444
CC_974D86BD39FD,0.058161654
CC_97508465AB76,0.13215758
CC_975689C0CD6E,0.065543085
CC_975967702106,0.046359733
CC_975F3F07ED23,0.06436965
CC_976E0D9A64ED,0.33151796
CC_977145B2B363,0.39715767
CC_9772CABFE1D2,0.7807783
CC_9773C1E6AC8B,0.65372646
CC_97832657396B,0.43228024
CC_97963C337FD3,0.4806984
CC_97978B581F20,0.21540019
CC_97A9ECF23955,0.17573175
CC_97ACD6D965F3,0.09440114
CC_97C69AF6E34B,0.75663745
CC_97D0E7256861,0.5946107
CC_97DEBFBE2BDE,0.30793858
CC_97ED469F2950,0.101330094
CC_97EE84ABA6BF,0.2423586
CC_9801B22BF375,0.089833766
CC_9803B6D4D780,0.22934708
CC_980E90C8A301,0.10854241
CC_9814B3D08A69,0.07365991
CC_9821BD45BB0D,0.18875256
CC_9829FA0350F7,0.04541233
CC_982CAA309A38,0.14238718
CC_98346EBF382E,0.18445969
CC_986698CCC6AA,0.10974995
CC_988FC580CD50,0.12431782
CC_989795BA3DD2,0.07713987
CC_9897A1DFE807,0.07606928
CC_98A2C8F4E956,0.07898724
CC_98A3E6CDC707,0.15915819
CC_98CE15EE1565,0.07509604
CC_98D036D16215,0.07877056
CC_98D09B14EE3D,0.47417286
CC_98DB782DF852,0.05869563
CC_98E2EA67BC97,0.07073566
CC_98E6E7CF74AF,0.10182029
CC_98EEEB2A83DF,0.67036474
CC_98F3D3194788,0.12984014
CC_98F8A8CF4F9C,0.35946012
CC_98F91BAB57EE,0.13693722
CC_98FA377070FB,0.1738695
CC_9900D0479959,0.27285427
CC_99061A735C6D,0.23153153
CC_99093EC1A2C2,0.1615832
CC_99376CA4DC26,0.040573344
CC_993A588895DA,0.1616478
CC_993EE6417CED,0.07940778
CC_99559319913F,0.040964745
CC_9970123DCC41,0.32293236
CC_998BB6848FDE,0.099686064
CC_99958287B2A9,0.44863075
CC_999BAB2D16FA,0.3891468
CC_999C7029261D,0.7269553
CC_99AA61D1896E,0.06722127
CC_99C03E7D99CE,0.06332341
CC_99C62022794F,0.08631766
CC_99D46BE6593A,0.17829838
CC_99D5A5371B39,0.13341348
CC_99D79709AD9F,0.761057
CC_99D7DDAA460A,0.13598195
CC_99FC44B3C58A,0.099888355
CC_9A02B2A17C07,0.10031006
CC_9A05DE55D408,0.14273965
CC_9A0C42AA09BD,0.40028554
CC_9A2B390551F6,0.036677726
CC_9A2D66206BD1,0.5021195
CC_9A366E181FA0,0.14333886
CC_9A39365FA850,0.6356198
CC_9A42833BA860,0.047551617
CC_9A4911A0140F,0.0785142
CC_9A4FE1E8E0C5,0.36385483
CC_9A51017C734F,0.32118642
CC_9A5DCCD62D0A,0.3345719
CC_9A602F492510,0.14080298
CC_9A66BDD34B89,0.04829207
CC_9A6AB0AB1E67,0.0506035
CC_9A7049ED5656,0.58014846
CC_9A7AF31828E5,0.098991856
CC_9AA750377C6F,0.08993295
CC_9AB359C82202,0.05688002
CC_9AB7BF77EE83,0.7743907
CC_9ACAC8474B9F,0.023549449
CC_9ACCA4FB9101,0.058427323
CC_9AE1529AF9E0,0.1604526
CC_9AEE181F1156,0.2434327
CC_9AFD130D3725,0.09891279
CC_9B09C3353732,0.08487303
CC_9B0D37817EBB,0.09197189
CC_9B290B59155F,0.36229584
CC_9B2D487C64B0,0.1016791
CC_9B3DEC76ABF7,0.05560609
CC_9B4F778D0A6E,0.16968457
CC_9B581A92C2A3,0.40581048
CC_9B5CA8C38414,0.19182387
CC_9B6E82167593,0.1863274
CC_9B6F6B2BCC05,0.338994
CC_9B7FC3DA1594,0.36149144
CC_9B957DC280F6,0.15659772
CC_9B997DF20042,0.32521498
CC_9B9BC4B83736,0.07991902
CC_9BBE1A16C04A,0.16094492
CC_9BC63F1A568C,0.26702327
CC_9BCB0166227D,0.27507126
CC_9BD3DC96ACC5,0.13851644
CC_9BDC5A0E43C7,0.45466408
CC_9BF9485A3F9D,0.30466083
CC_9BFE93FF2145,0.2468729
CC_9C0470A0536E,0.18838492
CC_9C205AF09E47,0.5343276
CC_9C30DC5C1E46,0.07909419
CC_9C325B6CAD11,0.0503977
CC_9C4A200D0BFB,0.3819905
CC_9C5EAF238007,0.24509412
CC_9C601C6BBD37,0.06620277
CC_9C606C2C92CC,0.08546752
CC_9C6192D3A16B,0.06499595
CC_9C84FB9B1469,0.06627095
CC_9C989433D637,0.18295449
CC_9C9B2FEB4937,0.14767238
CC_9CA7FBE1DD54,0.11467525
CC_9CACA50F80F2,0.15025029
CC_9CB40D552388,0.06078694
CC_9CB8127D17F0,0.04506479
CC_9CB9CE2989CF,0.69937944
CC_9CCE51CD83ED,0.8232627
CC_9CDD2F3D0BE7,0.05469186
CC_9CDEC693AA99,0.35588038
CC_9CE9091AA9A9,0.2476451
CC_9D007C60D29F,0.0741837
CC_9D017774D4FC,0.6618204
CC_9D095EC1F232,0.27018857
CC_9D1A1281C8FB,0.3179041
CC_9D23F42B7996,0.44286072
CC_9D2FBC479646,0.6056435
CC_9D363365CAFD,0.094121
CC_9D44E4543573,0.1862463
CC_9D45F67E3B01,0.07161577
CC_9D535DD207D2,0.07900982
CC_9D53ED53A15A,0.5285882
CC_9D5D97AEE98B,0.6079265
CC_9D5F2A5B6913,0.0870909
CC_9D6BC1C470B0,0.43371972
CC_9D71FBDE765A,0.049564578
CC_9D73939E357F,0.10800933
CC_9D82F401BD88,0.58554494
CC_9D8B4454BE84,0.28157532
CC_9D92537645DB,0.06537743
CC_9D95ADE03ED1,0.17869465
CC_9D98FE7A1809,0.05936727
CC_9D9D59757786,0.05152642
CC_9DAEB38616AC,0.14283407
CC_9DD55CC0E928,0.022352487
CC_9DD6B460CDFB,0.29242408
CC_9DD80B5E3729,0.079660006
CC_9DD82B4310AC,0.3665131
CC_9DD9389E8AE0,0.08848555
CC_9DDA8ACEB3D8,0.08810469
CC_9DDCD898D01D,0.1165218
CC_9DDD90B42A27,0.83314264
CC_9DF1807A4316,0.032614578
CC_9DF786FD2620,0.47350734
CC_9DF7B9B3C8F8,0.090844035
CC_9DFF6E2AC586,0.13064995
CC_9E0546BD7BD6,0.102428086
CC_9E0BE8227931,0.08902075
CC_9E1A205BA261,0.43494272
CC_9E2967559B00,0.05562423
CC_9E323A031449,0.7303622
CC_9E377CC03D51,0.042671837
CC_9E3B83584C12,0.15308806
CC_9E3D46FF5709,0.60618234
CC_9E4FA91B86A9,0.090964094
CC_9E53534DCD6B,0.16780597
CC_9E73656FC8C0,0.7006571
CC_9E7430675033,0.19652055
CC_9E84CACDD7B6,0.40305868
CC_9E84E0E4C5BE,0.2698503
CC_9E9C65275B4C,0.09440564
CC_9E9CB6473D59,0.2098456
CC_9EA4F11BE6C2,0.14685245
CC_9EBE3F26F2FB,0.08199071
CC_9EC23AB6C573,0.2707644
CC_9EC34DDD0E53,0.07285485
CC_9ED8EDFE8C55,0.10303089
CC_9EF352F179D2,0.13346364
CC_9EF505400F8B,0.6121762
CC_9EF66D83B743,0.34821928
CC_9F051572BFE4,0.2440494
CC_9F151A782BAC,0.2157118
CC_9F1A5DF4619C,0.49004698
CC_9F1BF78ECD7A,0.09817741
CC_9F263092AD72,0.16759029
CC_9F36EC36A9E6,0.07462034
CC_9F3D52242888,0.13991325
CC_9F41F312CDBB,0.3054806
CC_9F425167F9ED,0.15272722
CC_9F6981E0009A,0.29875124
CC_9F706DFE0AE7,0.036886368
CC_9F7B525DD52D,0.35425907
CC_9F8D5A5A9DAC,0.17163122
CC_9F8FAE57E6A8,0.13955857
CC_9FD1AB8E65FE,0.044839837
CC_9FD2689202D5,0.12818138
CC_9FDBB5C2CD09,0.032825697
CC_9FE52BD71CA2,0.112808235
CC_9FE8E62EB24D,0.08292385
CC_9FEA59AEA00C,0.23035932
CC_9FEA77B36A29,0.36309206
CC_9FEE9701D16D,0.2044244
CC_9FF35BA60E6E,0.27051032
CC_A0003F08B22E,0.19543579
CC_A00AE2543224,0.05946453
CC_A02A29DECDC6,0.1122556
CC_A0336C21117C,0.6661253
CC_A053B42BBE0B,0.07989709
CC_A0591F16FA37,0.030476332
CC_A05F962C80FF,0.18423733
CC_A07B0549E53F,0.05994973
CC_A09F230CCF5D,0.67198694
CC_A0AED6346ECD,0.18863256
CC_A0C4A796643F,0.17682517
CC_A0D6DDFB430F,0.071435936
CC_A0DF672F9C4E,0.12649527
CC_A0E8C7C5558A,0.27299732
CC_A0E9269DF22C,0.5062081
CC_A0F1DB5CB28C,0.0985302
CC_A0F42B26F8F0,0.07592942
CC_A0F8F80EDFB0,0.08033406
CC_A10AD9550E4D,0.03905109
CC_A10EB26E5EE1,0.14804566
CC_A111B065F623,0.07619937
CC_A113D95B4AB2,0.14984246
CC_A1320C0F0129,0.8284615
CC_A1348D850EFD,0.7252462
CC_A13D08B372E8,0.056194086
CC_A143E64BD9D6,0.33581942
CC_A14B0A24DC3C,0.11741896
CC_A15137F25F7C,0.08283735
CC_A152DBEC5BE7,0.08163567
CC_A1591CFF6D81,0.048701495
CC_A168CCB582C6,0.3352996
CC_A17DC38133CE,0.70848036
CC_A185D5EA3DE8,0.6311227
CC_A19C842508E0,0.12819007
CC_A1B648DA406D,0.03504727
CC_A1BF7028CAA8,0.024733046
CC_A1D035FA36E1,0.08457436
CC_A1DD653D41A7,0.09693046
CC_A1E3AD4B934C,0.27550066
CC_A1E58421CE87,0.058372468
CC_A219144EDEFE,0.08259494
CC_A21FCEEBB3C3,0.43904626
CC_A220E4278D79,0.054400794
CC_A2231BDC961C,0.22067642
CC_A234E219EFC7,0.3509473
CC_A239B1BD81FF,0.07168276
CC_A23D8CFFA31F,0.10052641
CC_A23F463F4B4D,0.052088052
CC_A23FFDC4A7A4,0.09395615
CC_A2423E273F84,0.09290719
CC_A2493E6036AD,0.29519966
CC_A25C54470CED,0.13019654
CC_A25FA690BBBC,0.13113856
CC_A2636CF7C075,0.100354835
CC_A26C22870E3D,0.48100933
CC_A26F6A272B3F,0.12338893
CC_A27CDC9BCBAA,0.2156573
CC_A27E5269DA60,0.1480718
CC_A28D4A46B6FA,0.09036589
CC_A28EB319030E,0.065587685
CC_A294D3A59462,0.8042175
CC_A29D8034C304,0.072772264
CC_A2A109409963,0.052327365
CC_A2A4FA5F9962,0.11831522
CC_A2A7E30C59D0,0.14124957
CC_A2B5D2D4E269,0.5383205
CC_A2BB24180208,0.2827018
CC_A2CF1DFEFE46,0.43141997
CC_A2D6090EA5B8,0.15013984
CC_A300BC40BC9D,0.051382147
CC_A3212501F639,0.23152503
CC_A3278A566572,0.06801772
CC_A327EBE4F783,0.19304803
CC_A32FB6659B01,0.08573401
CC_A33915EE72B6,0.115301006
CC_A33D350BE79E,0.17963809
CC_A3553B8AA8F6,0.1187032
CC_A36EB077BF3C,0.03030877
CC_A3753EB66DEC,0.11511374
CC_A378342AC9BB,0.15035096
CC_A379E9455C60,0.14674348
CC_A387ADBD7249,0.11032652
CC_A39E961FC29F,0.18722463
CC_A39FA1EF0B16,0.28439233
CC_A3A4E39FB04D,0.16723026
CC_A3A751BE68D2,0.051164217
CC_A3ABB3C5E9D5,0.6543197
CC_A3AF9C2C68F1,0.21135804
CC_A3BEA14873AD,0.13031352
CC_A3C2FEE13C37,0.13337055
CC_A3D6435D5F17,0.13846707
CC_A3E3E51AD0E7,0.045870304
CC_A40566694D53,0.23449197
CC_A410C0DC7125,0.041151278
CC_A42168D2B94B,0.09150773
CC_A43CED9AFEF5,0.38925517
CC_A4475A788D13,0.12326894
CC_A44D677C0C07,0.042056113
CC_A44E2673E71E,0.051610835
CC_A44E79A96425,0.32854274
CC_A462CA147DB9,0.11602235
CC_A4660E424386,0.2022705
CC_A476C9F116F6,0.16922778
CC_A47C83B6EE2B,0.12392287
CC_A47F8594678C,0.2260038
CC_A48A7592F96A,0.052972436
CC_A49195E659EE,0.06779283
CC_A498A936AD21,0.08590967
CC_A4BE6692361C,0.5746968
CC_A4BF2115580C,0.07140853
CC_A4CACCD14A0E,0.114515886
CC_A4CE57A1AB74,0.09146216
CC_A4DE4F1B5F93,0.15196449
CC_A4E300558DAB,0.058538154
CC_A4E972915D89,0.7680317
CC_A4EEA04CF3D0,0.21549758
CC_A4F400E9A0ED,0.062962875
CC_A4F550D7F95B,0.20319097
CC_A4FB91B1BF31,0.18611959
CC_A500C1ED0A33,0.23011963
CC_A50471962A96,0.67626655
CC_A5161D8AA57D,0.1292238
CC_A519C84307D2,0.094784014
CC_A5277A9BE02B,0.66297126
CC_A53578FCEA71,0.12351791
CC_A54EAD1CCE27,0.12951905
CC_A5512DA239BF,0.16550905
CC_A5545DF298BE,0.060038507
CC_A556EEF3010C,0.40263712
CC_A56756C65136,0.38545045
CC_A5852E06D2D5,0.29050165
CC_A5886994671C,0.19919702
CC_A594D8B41A99,0.06334965
CC_A59C6A6B71C3,0.07155286
CC_A5A06987AF5C,0.15738773
CC_A5A1512FEEFD,0.20878868
CC_A5ACE4284283,0.15429378
CC_A5B10F07BCD5,0.100613356
CC_A5BC9ACDB4CD,0.07207455
CC_A5BF8B260922,0.45280004
CC_A5C52379AE06,0.28457963
CC_A5DD4441568D,0.03758902
CC_A5FE3BE2949D,0.060988165
CC_A60EF94F09C4,0.35942674
CC_A628BE74CB45,0.13553798
CC_A6292E9B43AD,0.07010177
CC_A638610BF8F8,0.10178621
CC_A63BBA86CE9A,0.34208506
CC_A63BDDAC43CB,0.06648207
CC_A6409E37A735,0.14393133
CC_A655EC341406,0.15129739
CC_A6562E47BFC7,0.19198601
CC_A6563A22D668,0.63059103
CC_A6601278C1BD,0.10210681
CC_A683678AC9FC,0.3078427
CC_A6864FE80A94,0.09975481
CC_A69117CC3C24,0.12620702
CC_A69928C7D217,0.19025946
CC_A6A8BAF7124A,0.29203516
CC_A6B7DFC69AAE,0.560529
CC_A6BB595B55AA,0.0678993
CC_A6C5284C4586,0.09746635
CC_A6CB0D0191D3,0.11899478
CC_A6FA3FA9F0FB,0.114392586
CC_A6FDADD23BD7,0.04742711
CC_A6FE3938F001,0.21557212
CC_A71DB65F0BBA,0.63665056
CC_A730F4964FD4,0.11866575
CC_A73C02C58DDA,0.10712724
CC_A746BC2289C7,0.2986949
CC_A766C3608214,0.09335156
CC_A76F48111A8D,0.105189905
CC_A77AEC8AD2D1,0.024181925
CC_A781174166B3,0.19168916
CC_A79024286DFF,0.07066193
CC_A792720B875E,0.09586963
CC_A7952C2BC5B6,0.07733168
CC_A7954EE1A1C4,0.07103524
CC_A7991E6B3CAD,0.23280683
CC_A7B141DF4AAF,0.06407309
CC_A7BE2CED0B93,0.043467823
CC_A7CF446093DD,0.2310566
CC_A7D1C6692090,0.087820515
CC_A7D6CAB54328,0.46708518
CC_A7D8D1DA4EA6,0.12097736
CC_A8102BA6933F,0.062329628
CC_A81C1EDC5FE0,0.0687014
CC_A82C0FDDC303,0.29161522
CC_A83F92C0CABC,0.1335993
CC_A849B0F60EEC,0.06588708
CC_A852AAB180D7,0.03601574
CC_A8536626873D,0.17230856
CC_A85F953FFD40,0.2474345
CC_A865A3F1E28A,0.6952097
CC_A867253FC73C,0.70782036
CC_A877592FE1AF,0.05526178
CC_A8AE26057851,0.15516746
CC_A8D50530622B,0.17541796
CC_A8D5C834B061,0.79520047
CC_A8DF49EED27D,0.76564157
CC_A8FB53A944AA,0.110589325
CC_A8FF19BCFB18,0.18885684
CC_A9042AA97760,0.0753639
CC_A917D68B7F33,0.05560991
CC_A925B3023F01,0.14935547
CC_A93A49678A0E,0.7051444
CC_A944C14551E0,0.13842395
CC_A949A4D6CFDF,0.029714849
CC_A96085AAACBB,0.5157188
CC_A968E7B519AC,0.58080965
CC_A96F61DA3920,0.22194147
CC_A98AA461487F,0.055126056
CC_A98DE37F48B1,0.029210526
CC_A99526CAE7B8,0.08571326
CC_A9997F50D935,0.11996935
CC_A99C3B09B728,0.06286683
CC_A9A0DADE60F5,0.38229913
CC_A9E27E0F8BF7,0.09733712
CC_AA06B8C44B08,0.544199
CC_AA078692F54D,0.06625825
CC_AA3181148667,0.11024356
CC_AA36C8AD0AD4,0.11293131
CC_AA36F0397FF6,0.07208249
CC_AA3A8989A632,0.69494724
CC_AA4A1B7522D9,0.091221094
CC_AA4AE0378324,0.19635814
CC_AA5E4D5A692F,0.15137923
CC_AA68EABEE4B1,0.086702734
CC_AA6B5A7A5B67,0.10835938
CC_AA6BD423C239,0.3625545
CC_AA7074B42A4C,0.54790187
CC_AA7A7F3159DC,0.10872474
CC_AA7BDEB972E4,0.10661355
CC_AA83426311A1,0.087188914
CC_AA8F7D307212,0.15361413
CC_AA994120654B,0.07973108
CC_AA99CC1D0A77,0.11564292
CC_AA9DF917E958,0.18663222
CC_AA9FC6678135,0.35798752
CC_AAA47EC0D4CE,0.06342693
CC_AAD9F600283C,0.119301654
CC_AADF003A3927,0.08489719
CC_AAECFE806C8D,0.166711
CC_AAF2022B9CD1,0.21190906
CC_AAF445E4CCF4,0.08467813
CC_AAFDCAA5CA06,0.5203087
CC_AB0384E131D8,0.20341437
CC_AB0A4F4A2968,0.17814103
CC_AB108580856A,0.09765254
CC_AB10FED15FC0,0.7851579
CC_AB176233A184,0.07156827
CC_AB250982887C,0.089060865
CC_AB25C565EA6F,0.072152674
CC_AB31BDAE74E0,0.20193645
CC_AB38A76F5698,0.33361807
CC_AB38F588BDD4,0.1838086
CC_AB3DB55C9A2E,0.14782128
CC_AB42A7DA8FAE,0.15482202
CC_AB486E8855F7,0.11268382
CC_AB4A79BF0F21,0.03818672
CC_AB7472FE1C8B,0.068872064
CC_AB78F64D1DA0,0.1291016
CC_AB821E2FB031,0.062846296
CC_AB873276D910,0.050442003
CC_AB8CF3C05B61,0.1454287
CC_AB8DD8448ABE,0.30716223
CC_AB953366A38C,0.08369095
CC_ABB193697B23,0.6204047
CC_ABB3F0A040BD,0.11936323
CC_ABB618AD3E52,0.21342528
CC_ABC0DA7DAFA5,0.045238964
CC_ABC49E43DF40,0.63645136
CC_ABD89F61734F,0.11596979
CC_ABE04CDC2866,0.5196564
CC_ABE98746DB91,0.5202575
CC_ABFDF22BBD97,0.065693
CC_AC0498A54CAD,0.21200998
CC_AC1C23EA2767,0.3230849
CC_AC1E028B2A1A,0.10465889
CC_AC255B902EEB,0.15299556
CC_AC44A88F7869,0.0829307
CC_AC51CBCACA63,0.126285
CC_AC723E5F5EFA,0.04457558
CC_AC7994A5FDC4,0.13413113
CC_AC7EFDBCF2E8,0.6366805
CC_AC8A45716CD8,0.13302656
CC_AC8FB78319A0,0.044338573
CC_AC95C517E726,0.09099736
CC_ACA4C6C9316D,0.04232928
CC_ACAD97A186F4,0.088980906
CC_ACC12168D6A9,0.15830326
CC_ACC53294D3A0,0.09177655
CC_ACC6A74A8BEC,0.08919362
CC_ACD94D2B1200,0.06944355
CC_ACD988315902,0.048499145
CC_ACDA59536C9B,0.08812743
CC_ACE5A4081F6E,0.15876544
CC_ACF4F9A2CCFC,0.17815393
CC_AD0D7D212968,0.3647486
CC_AD131D09EB0F,0.13859208
CC_AD13C87CF26E,0.18497352
CC_AD2050A0C79D,0.18217579
CC_AD276D71D3A7,0.31865907
CC_AD2C54521FE4,0.216521
CC_AD2E59624FEC,0.3997051
CC_AD3A36AF2840,0.28070313
CC_AD3D286D0B68,0.21368036
CC_AD46818E459F,0.6019781
CC_AD4BB2E22EA9,0.19120991
CC_AD4F7F88242F,0.3183425
CC_AD58ADCD54CE,0.69454825
CC_AD71619FA389,0.10630955
CC_AD84592B950B,0.08680931
CC_AD9898C0E8D2,0.18775994
CC_ADC70A21D661,0.30937445
CC_ADCF16189AF2,0.24724083
CC_ADD894E6E4F4,0.34282148
CC_ADE899835555,0.139128
CC_AE0D73A1EE19,0.38743305
CC_AE0F08EA3935,0.20605704
CC_AE23B59E6FC8,0.31579804
CC_AE289E013D60,0.09414094
CC_AE34D3F7F224,0.79008836
CC_AE4069D8B4F6,0.20233202
CC_AE4896E2BE76,0.7130934
CC_AE51DCFE0671,0.06608793
CC_AE69FEA8DA68,0.18159989
CC_AE7C129CC90F,0.1900118
CC_AE7CD49F20AB,0.1732835
CC_AE89526E0335,0.13376397
CC_AE8D62CF30C0,0.10865761
CC_AE8D9CE8D6FE,0.039630197
CC_AEB019CB9065,0.155459
CC_AED1D50AF584,0.11399034
CC_AEE546316FB0,0.23479076
CC_AEE5FA00FA6C,0.3966971
CC_AEEC765D157B,0.053775586
CC_AEEE44D6C8A4,0.024486907
CC_AF14FF3EF570,0.27213264
CC_AF1C3ACBA6B2,0.11556013
CC_AF1E911C98B6,0.32265922
CC_AF337F410520,0.09046838
CC_AF3C7BC3BA40,0.09407314
CC_AF41E4075C87,0.21849371
CC_AF6B4405276D,0.70937485
CC_AF78FE0BDBEE,0.08450476
CC_AF8238D9082F,0.06514794
CC_AF8CA6EE53C3,0.06899708
CC_AF9AFA7C49A8,0.11137656
CC_AFA1E3D3C685,0.14714006
CC_AFA680030CB4,0.5822934
CC_AFB351270B8B,0.042926893
CC_AFC405AE0029,0.072212756
CC_AFF90422E4FC,0.30779946
CC_AFFBE2744B87,0.79434115
CC_B0043CA53FCE,0.08419174
CC_B01B2BD4EFD7,0.17247956
CC_B01E87EB9940,0.13387594
CC_B0273E66E2A5,0.16322425
CC_B03E98085A9F,0.073467046
CC_B0420D8C42DC,0.40967652
CC_B0497BEB9F6B,0.1467151
CC_B04A5E60B69D,0.07229507
CC_B04D5517A193,0.11894715
CC_B05FF3A960A0,0.26519874
CC_B06A532EC131,0.28188854
CC_B06D33A6761F,0.14276056
CC_B074D4472CE4,0.054676756
CC_B07CE95BCD88,0.37261948
CC_B07D79368225,0.105272874
CC_B07DD1ABABCE,0.7630782
CC_B086C2D77820,0.1766858
CC_B088DE9C9E3B,0.27683544
CC_B0CD7932067B,0.13420731
CC_B0CF90073A5E,0.6160469
CC_B0D397D86639,0.58789337
CC_B0EF4FD19FEA,0.10629464
CC_B0F2F9514AA3,0.07107984
CC_B0F3B79F51C8,0.16349429
CC_B0F4041B1C76,0.03787282
CC_B10FE31C61D5,0.16220051
CC_B114E8F19D65,0.14828588
CC_B117F0E3CAAE,0.14853612
CC_B11D58F331A9,0.04824733
CC_B1262188BC41,0.11429894
CC_B12FFB2FF21F,0.08521467
CC_B13253F34A9F,0.047969963
CC_B137E2BBB53B,0.08597031
CC_B13FEA7CDB99,0.06757535
CC_B1481ED21111,0.040782005
CC_B15BE5C9976A,0.21134174
CC_B15EB6933578,0.08668506
CC_B163CCB3BE4D,0.1686034
CC_B16DC354FD71,0.40174907
CC_B1777349EB15,0.14580828
CC_B17C6CE0231F,0.22649114
CC_B17CA8C22E5C,0.12982686
CC_B18F3C9C30E4,0.13549188
CC_B19CD93DDC96,0.07401273
CC_B1A647674B84,0.09974743
CC_B1AEC2E5E33B,0.2682226
CC_B1B5C81AC0A6,0.06220946
CC_B1B932EFD646,0.12879717
CC_B1C3C0B52B88,0.29278147
CC_B1C7216344F3,0.086044595
CC_B1C982DBBD12,0.25044304
CC_B1D81F8197B3,0.3133453
CC_B1DF1DCBDC7E,0.52421045
CC_B1E2C36607CB,0.06587234
CC_B21351C93D8C,0.13475898
CC_B2174860AB11,0.68641007
CC_B235818E6A04,0.20639223
CC_B23CDE30F00B,0.075751886
CC_B23DE4971DF0,0.39307976
CC_B23ECF574D8E,0.086525604
CC_B24C41DDFBDA,0.24104738
CC_B25EC73B9510,0.12862039
CC_B25F69904D0F,0.090287745
CC_B25FB6C11D05,0.6304046
CC_B264F2B92259,0.49870798
CC_B26B8FC23F1B,0.06374772
CC_B272E29922B5,0.14748181
CC_B27AA8E27BE7,0.10894056
CC_B2A68FD3C236,0.07652888
CC_B2AC50C00979,0.08991507
CC_B2B16D7B821C,0.1868583
CC_B2B32F1511E4,0.1443403
CC_B2C241A93527,0.08200778
CC_B2CB104FED6B,0.63918763
CC_B2D352013F92,0.12910613
CC_B2DF694BAB08,0.104978696
CC_B2E993A9343F,0.22709903
CC_B2EF61C93AB6,0.14436942
CC_B2F94405EA89,0.1330356
CC_B2FC07BF6251,0.0652103
CC_B301A65B4164,0.09670617
CC_B313E3A208A2,0.1641508
CC_B318FF5D976D,0.15003197
CC_B32AEF0A2299,0.06434536
CC_B33BD3C618EA,0.104122356
CC_B348627365A2,0.12654412
CC_B35109450BDD,0.054406676
CC_B3528B870544,0.10134341
CC_B3530E7CF8F5,0.11017821
CC_B35C5B1DB9C1,0.083973065
CC_B35FF59389D4,0.19932866
CC_B3812C6700F2,0.6256122
CC_B38280B483B8,0.12691393
CC_B38B694A18EF,0.47064924
CC_B392BDECD913,0.3584488
CC_B398DF1ABAD4,0.033581465
CC_B39E75E151A1,0.09879229
CC_B39FD0E249E8,0.044079848
CC_B3AA0891CA5E,0.38187924
CC_B3B1C8EBE5C1,0.115234405
CC_B3BBA28E2D39,0.48748976
CC_B3C4DB0303A7,0.11086878
CC_B3D32FE823B2,0.03955158
CC_B3DA429C6C8F,0.091299966
CC_B3DC5786AB0F,0.20577478
CC_B3EA537531A3,0.15526901
CC_B4096D3A38CE,0.04022737
CC_B41EADCCC95F,0.063203715
CC_B421940B9A48,0.65654063
CC_B42B3B83935C,0.82760483
CC_B436B1CA6B2F,0.073185384
CC_B439B06AF274,0.22040084
CC_B4482E7879F4,0.061111722
CC_B4660022C612,0.12021859
CC_B46B899B4A63,0.14452636
CC_B470280A580D,0.11352652
CC_B471D3BF0C72,0.48598552
CC_B4751DEE43CD,0.17400277
CC_B482C254BAA5,0.05896429
CC_B4889D036D3C,0.7631825
CC_B4950F811C90,0.14540577
CC_B49A6DE7A340,0.2993214
CC_B49CD4C13DE8,0.3695828
CC_B4A90370CA96,0.5041821
CC_B4ADE6BC8A10,0.6533487
CC_B4B6F805888C,0.03597249
CC_B4B8F66BF4ED,0.6079428
CC_B4C6F80DEE44,0.047094714
CC_B4CCE78C09EE,0.12189661
CC_B4D68D1C1C55,0.21167749
CC_B4DAED63089A,0.16226998
CC_B4DD9841E6FD,0.20649484
CC_B4EF6743DDCF,0.055625495
CC_B4F67F73D097,0.08708468
CC_B50EB15EBA18,0.11163215
CC_B51DCAAF4549,0.16101584
CC_B51DFF8702D0,0.51362276
CC_B520A001BF69,0.088623196
CC_B529919BF24E,0.5237094
CC_B542342650A1,0.07850441
CC_B54A106E91E4,0.041256357
CC_B54CFFC21F2B,0.12993243
CC_B55C134C04A5,0.21480602
CC_B55C2DBF6D3C,0.24396756
CC_B569705352B4,0.11408985
CC_B56E74A967C3,0.060134094
CC_B57519F33EEF,0.055186246
CC_B582E4405D85,0.078104675
CC_B585A11F7BA7,0.1834574
CC_B59726D36AEF,0.22520852
CC_B5995E4F1A21,0.12661865
CC_B5AC2AAF871B,0.77105844
CC_B5AD19125E1B,0.18198228
CC_B5B1E42858AC,0.067242116
CC_B5B7599E8BC6,0.07688032
CC_B5CAE0595637,0.18473127
CC_B5D49843A799,0.36652583
CC_B5DDFC7AEE78,0.11197366
CC_B5E29344F63C,0.23900494
CC_B5EE5AE6378A,0.5451865
CC_B5F2A93AD996,0.09271256
CC_B5F611613A78,0.07920429
CC_B6055039255A,0.792641
CC_B607B2B0AFB7,0.061284006
CC_B60CFD0F39F9,0.080819026
CC_B620087B1C52,0.40343946
CC_B6203BBBD151,0.11869228
CC_B622662E664A,0.15834738
CC_B62C9A2BC846,0.18000785
CC_B636210548E5,0.26623768
CC_B642C6714501,0.067855835
CC_B64F81B8A263,0.15571645
CC_B65CA581B9BD,0.1353901
CC_B65D1B9B6F67,0.12560143
CC_B661A8FCA431,0.048969276
CC_B66AC40957D6,0.11392006
CC_B672B35D1162,0.7658433
CC_B68379D197F6,0.10432573
CC_B6923D10FDA2,0.16935593
CC_B69CC776BBE6,0.24448544
CC_B69E50D76B29,0.097442195
CC_B69EAA8C296F,0.24074121
CC_B69F7CB8CDA0,0.093465
CC_B6B4AD157354,0.1409359
CC_B6BD764CB8B9,0.21595192
CC_B6BEC3F4BE91,0.12174524
CC_B6C13F4A610D,0.31414223
CC_B6C1C3B5766B,0.108102515
CC_B6C72241926C,0.14506091
CC_B6CB40E245D7,0.5371521
CC_B6EE58A108C5,0.08126894
CC_B706F631F5BA,0.047840204
CC_B71DC1206985,0.16113693
CC_B72284CED807,0.20140749
CC_B727865A5B5F,0.5635072
CC_B72FD7EFA6BD,0.19487102
CC_B7365B5A3392,0.74788654
CC_B73820D308C9,0.13719022
CC_B743560D847F,0.08089438
CC_B76EF26F7C9A,0.30198383
CC_B7764FC130E8,0.45221293
CC_B77B73B95532,0.157733
CC_B77D6653C7D4,0.042812206
CC_B77DA6B77DEB,0.272426
CC_B783AE19622D,0.18799125
CC_B78761738CAF,0.024332885
CC_B787BA135B5D,0.39058235
CC_B78B4449EA19,0.13095018
CC_B78B4B7F80B5,0.2623604
CC_B78BEE888CA6,0.105554104
CC_B791FEE1CF37,0.033311386
CC_B79A58AA4441,0.09407064
CC_B79BEC538198,0.102988064
CC_B79DD53178D3,0.07755964
CC_B7A7EFD85149,0.2155578
CC_B7B5F2A15C41,0.09710239
CC_B7BC46A7D4DF,0.10099361
CC_B7CBC65D9AF9,0.51341003
CC_B7D40C5C891F,0.08380544
CC_B7D4337C4797,0.34908146
CC_B7DA04826165,0.30149367
CC_B7DC19DA1440,0.13440248
CC_B829EC622F0D,0.5559734
CC_B82B9C0C7B85,0.68380284
CC_B82C55DEE5E6,0.29238927
CC_B8475B977AD2,0.7437732
CC_B84BD2F4EB01,0.23262358
CC_B86DA7D69F20,0.05900542
CC_B87989F406EB,0.19474192
CC_B88B702183E7,0.043732237
CC_B89B80945ADE,0.16324861
CC_B8A3A44BFE8A,0.44337603
CC_B8A7A6548AE6,0.20740676
CC_B8A8FB83065B,0.21096443
CC_B8AAC20D626E,0.16723959
CC_B8AC99873641,0.07325812
CC_B8C9673B7834,0.10506549
CC_B8D5FEB15CC8,0.077197194
CC_B8DA64A33076,0.58734024
CC_B8E912A01706,0.70193076
CC_B90869280808,0.14534697
CC_B908EC99951B,0.30858684
CC_B90CBF2A6775,0.06665955
CC_B91080C1ADA5,0.3652288
CC_B918FB42AFD2,0.19366115
CC_B92CA425080F,0.101284765
CC_B937F632B71D,0.17769316
CC_B94477C20476,0.38193822
CC_B9483A5C922C,0.13015994
CC_B954EC1C63B5,0.3490454
CC_B95580F93537,0.06107325
CC_B96086044329,0.076268606
CC_B96EB0A91589,0.16452271
CC_B98357C70A41,0.6635524
CC_B9929A66C2FD,0.6471814
CC_B9BB52E4C529,0.10467623
CC_B9BD45744855,0.8061897
CC_B9BFDE4662AE,0.08627844
CC_B9CEAF324145,0.047707282
CC_B9E89F42B509,0.21788609
CC_B9E8A3887223,0.2052277
CC_B9FC67268C45,0.21035245
CC_B9FE9DFEB3DC,0.12385525
CC_BA041E14DD98,0.07677788
CC_BA0619F54427,0.1676801
CC_BA15072C4EC2,0.181059
CC_BA183CDC5429,0.83161104
CC_BA43646012D2,0.3841676
CC_BA4F7E494E71,0.568375
CC_BA557F75E2DD,0.24099827
CC_BA740903CBDF,0.15070252
CC_BA77722A827A,0.5359351
CC_BA78E47BB021,0.18501887
CC_BA8C427054F4,0.04265292
CC_BAA19F8D2563,0.069539085
CC_BAA1BBFF8C6C,0.3097341
CC_BABA44B5FB12,0.09503342
CC_BAC25BCCEAD2,0.06427449
CC_BAC74D0014D3,0.5578674
CC_BAD99E36CC71,0.18983555
CC_BADE7EB1D16D,0.7816974
CC_BAE7410803AC,0.19037321
CC_BAEBBF8054FB,0.15107739
CC_BB054686B6F2,0.05457084
CC_BB05D9DF72BD,0.059505634
CC_BB0D54068D07,0.8245543
CC_BB15DE5E0DA0,0.77247643
CC_BB1A57AA813F,0.14184493
CC_BB1CABE261EB,0.12809113
CC_BB2BC46FCF61,0.24185935
CC_BB2E5437EE04,0.054248456
CC_BB2EF1FF6131,0.07248303
CC_BB2F56C6BF57,0.11288666
CC_BB35CEC5314E,0.100634456
CC_BB39E3597B61,0.04812815
CC_BB3A9EECD51E,0.098499395
CC_BB44CDEE5103,0.2202718
CC_BB458116ABA4,0.35126573
CC_BB5F6936F6FE,0.17820543
CC_BB666F8A551E,0.06713717
CC_BB7355E735D2,0.11550143
CC_BB8A2F186D6A,0.06915065
CC_BB9FDED12C65,0.755062
CC_BBA8C316C8F8,0.0887962
CC_BBADC7DC73EA,0.2224356
CC_BBAEA7980B09,0.39131224
CC_BBBA078A6429,0.7804885
CC_BBBFC3EC2C72,0.35952228
CC_BBD34B3225EE,0.025662176
CC_BBE6C58C59A4,0.40493602
CC_BBEBBE1E226D,0.11503879
CC_BBED56D34D38,0.11150694
CC_BC0244FBDAF6,0.18256806
CC_BC099E880236,0.13089338
CC_BC0F05C89E25,0.118834585
CC_BC1BD06C1085,0.10387492
CC_BC21E8824A34,0.4431959
CC_BC23655B2BF4,0.06909992
CC_BC24F9024F49,0.067460746
CC_BC2A58939715,0.11112225
CC_BC2B90F226E0,0.21000148
CC_BC31382964E4,0.06557775
CC_BC31DA3EAFFF,0.14328128
CC_BC3A6CF6FD16,0.109227926
CC_BC410BDD9ED8,0.23708382
CC_BC458960887E,0.16215526
CC_BC484C329704,0.16966979
CC_BC4D6D6D4553,0.31177083
CC_BC5A59D88AFC,0.09080866
CC_BC736DA19A00,0.18163595
CC_BC7B9D13978F,0.17924419
CC_BC84BF34D69E,0.278055
CC_BC95D473C9CE,0.17109899
CC_BC96FC9DCFE7,0.11568623
CC_BCA0D6159C23,0.23516414
CC_BCAE73132BA2,0.09751804
CC_BCBBF055366F,0.05412129
CC_BCC94F494979,0.08845261
CC_BCF75F8B9A5D,0.11671077
CC_BD10F4F15094,0.090268165
CC_BD1A2052ACD5,0.7966939
CC_BD217C39702F,0.35343724
CC_BD2A9D4B9FAA,0.21655822
CC_BD3EDD1630E8,0.05429288
CC_BD4AAFE9EFEE,0.05595985
CC_BD59D1252975,0.102699205
CC_BD607BE97C17,0.08646941
CC_BD889F165227,0.096717
CC_BD900B6BCF65,0.1534382
CC_BD9967660461,0.37632036
CC_BDABB99ADE2A,0.20691872
CC_BDB07C66EDBD,0.3869492
CC_BDB71DAAE50B,0.09950665
CC_BDCB91FACECF,0.13852015
CC_BDE1E398B4E4,0.0674594
CC_BDE8D325637B,0.7316816
CC_BDE9E7F390AE,0.09990072
CC_BDECF392D7F9,0.16598919
CC_BDF401C3BBCA,0.13628805
CC_BDF53C42C5BC,0.20949695
CC_BDFE5778530F,0.34103066
CC_BE05EB5976EC,0.7825773
CC_BE08A6D5E76D,0.062622726
CC_BE146CE5BEE6,0.11870304
CC_BE24C1EE877A,0.1112826
CC_BE27E98C4BED,0.072949864
CC_BE32DACBF6C2,0.11305098
CC_BE3F52F9C9EA,0.1414625
CC_BE3FC1024389,0.14230755
CC_BE4595898BF9,0.114218965
CC_BE4F1F53F4B6,0.097204626
CC_BE648663620C,0.19439857
CC_BE6627F3B9EE,0.64080876
CC_BE673F70B591,0.37942916
CC_BE704640727F,0.030532636
CC_BE7295B354DA,0.3333065
CC_BE760A430ACD,0.13452381
CC_BE8A340F3876,0.04247156
CC_BE9CB8845101,0.27792782
CC_BEA12286E57C,0.1545448
CC_BEB24EB997CA,0.12671438
CC_BEB80CCF2ED0,0.06124298
CC_BEB86014B5BF,0.15276413
CC_BEC035C8801A,0.1471383
CC_BEE1B858F0C3,0.27270398
CC_BEE664893442,0.17823648
CC_BEE75A33F038,0.06865324
CC_BEF22728402F,0.6495131
CC_BEF8AB2DF19D,0.335535
CC_BF03683CC755,0.08930977
CC_BF066CB8F7A0,0.14398831
CC_BF154A9FEE8D,0.15666555
CC_BF17E635C67F,0.11796804
CC_BF196AFA6AE6,0.13786091
CC_BF2012FCFE14,0.23211947
CC_BF3733356D4B,0.42759323
CC_BF376C8D14ED,0.45501554
CC_BF3BF8B9F646,0.11634387
CC_BF588A5FF18D,0.6708106
CC_BF7C643B8874,0.07851514
CC_BF8919F14394,0.14526993
CC_BF8B759EE1EF,0.08151381
CC_BF971FA7A950,0.13738765
CC_BFACE960372A,0.11136244
CC_BFBF917EFEB7,0.5530622
CC_BFCAE2959708,0.045369823
CC_BFD80ECB739A,0.20729887
CC_BFDEC7E68821,0.06516858
CC_BFE3AD881F4C,0.046938486
CC_BFE511C0F9F3,0.58866733
CC_BFEE9CF8A6E9,0.09356951
CC_BFF8E82FE4BE,0.13428289
CC_BFF9E8C0FE28,0.6371317
CC_BFFCB2882E26,0.049703203
CC_BFFDCACC1E4F,0.10797456
CC_C003A15648F3,0.09192479
CC_C004160ABB18,0.13895358
CC_C012746F45D6,0.10457725
CC_C033B4EC89DA,0.14860594
CC_C03578357D0D,0.31943536
CC_C040C14F27A0,0.0665286
CC_C0474C48C443,0.13803515
CC_C04A1EF46A13,0.3174711
CC_C067DA2C5F99,0.40034407
CC_C0731DB0CD7F,0.62359405
CC_C07C70AA1AF0,0.13968873
CC_C0877F4DBC62,0.09936454
CC_C0896CE6B4E2,0.06876308
CC_C089B0517E81,0.084955156
CC_C08B9066A5BB,0.1672426
CC_C08DFB22BC71,0.10084487
CC_C0A2108BEC82,0.20651305
CC_C0A6B0787F91,0.1002464
CC_C0B29B279C90,0.118226774
CC_C0B7151247C2,0.09232241
CC_C0BEDCC974E6,0.11450544
CC_C0C6F913C2CB,0.69855225
CC_C0C7EAB055B1,0.21244879
CC_C0CCCF588BEB,0.24919103
CC_C0D65A1BC1DF,0.66351354
CC_C0D6ADDF1E0F,0.08008547
CC_C0E49708EB44,0.20176563
CC_C0F32BA57D17,0.05833654
CC_C1094828B26C,0.32563144
CC_C124E4C094F3,0.2583037
CC_C12ECF48FA03,0.14159039
CC_C12F5F7E5C54,0.12420975
CC_C131509731A1,0.17966074
CC_C14173B64C58,0.16977087
CC_C14A4D39F494,0.3983803
CC_C14DC9106B7E,0.23339555
CC_C1624A910E58,0.03910193
CC_C1645FA6EE7C,0.13271838
CC_C165A26E7C1D,0.7174463
CC_C16824A69631,0.0555315
CC_C177831DEDC2,0.05223132
CC_C1815DD481ED,0.78125244
CC_C18313F97FC1,0.33332834
CC_C18A7BC23071,0.24737166
CC_C1941883C762,0.09995854
CC_C1A0989CDF23,0.03476057
CC_C1A8C99D910A,0.122058526
CC_C1B057BAE0BB,0.36268467
CC_C1B5D9A95708,0.11835659
CC_C1C28181E30E,0.14579523
CC_C1E8CA45E983,0.10122983
CC_C1F4DD05F5FB,0.22844937
CC_C205BAC0D181,0.08736257
CC_C208790016F7,0.080120675
CC_C219E603FD0B,0.07660687
CC_C2323893E922,0.12319283
CC_C236A614F73D,0.10896467
CC_C241491551A8,0.112142816
CC_C247E0377048,0.105374895
CC_C24FBA584039,0.25809145
CC_C25078D044CC,0.23139957
CC_C255BE787955,0.23855859
CC_C25ECB5C5FD8,0.08127444
CC_C276E722FB1B,0.32843274
CC_C279090E1F74,0.7621211
CC_C279CA96D14A,0.12719941
CC_C283330B9999,0.048952036
CC_C289AF57EB24,0.2917891
CC_C29558864857,0.11611174
CC_C29846DE78AC,0.58422124
CC_C2AEE09D92AD,0.10627185
CC_C2BBFB603032,0.3716821
CC_C2C2B2EEBA69,0.040354095
CC_C2D1CBB42952,0.15310755
CC_C2D4587A871F,0.7153577
CC_C2D583F20739,0.351992
CC_C2D9086A8C67,0.0472653
CC_C2E8FA308586,0.15925658
CC_C2EA104630E3,0.10439184
CC_C30ED2C6265A,0.05743163
CC_C31BA9FD4FFF,0.26984072
CC_C31DC3117984,0.18833724
CC_C33142B2E26E,0.3588727
CC_C340668CE604,0.07999818
CC_C36580241000,0.11667655
CC_C3664AFC710F,0.10275244
CC_C3676D2ADC91,0.20066205
CC_C368AC6AE19C,0.055487834
CC_C38B446B7432,0.22084004
CC_C38BE6D69E61,0.048293464
CC_C38FB634E7B9,0.063144594
CC_C3913A125FC9,0.14969419
CC_C392AC1AABDB,0.18681681
CC_C3A37C3EDCC5,0.32972896
CC_C3A42A96D260,0.27151796
CC_C3CA355F78BC,0.12565966
CC_C3CD972B25E9,0.17670128
CC_C3CE9FCB05EA,0.054432385
CC_C3DA12B31CD5,0.0852364
CC_C3EF46D2CF29,0.18185039
CC_C3F301EAE202,0.25184786
CC_C404C200B723,0.08550243
CC_C40BEE2EAD73,0.24424632
CC_C40CA3E960D9,0.1409837
CC_C40E0EEBA53A,0.13197602
CC_C42183D7A586,0.09213771
CC_C427199DAC5F,0.40282536
CC_C445AEF194CA,0.09284433
CC_C45051D20EC8,0.11599095
CC_C47FCA703A69,0.27724218
CC_C4965C6C6935,0.30324057
CC_C498BD798847,0.06300265
CC_C49A42D1C3CA,0.105007306
CC_C4A2F5B06976,0.08240704
CC_C4B632AEB96F,0.14852864
CC_C4D194378554,0.03266262
CC_C4D90E9CA5E9,0.13515636
CC_C4D941D5A5F9,0.14138463
CC_C4EB2486A9B1,0.21270826
CC_C4EC2923D96F,0.28994405
CC_C4EC9ACAE8C4,0.753228
CC_C4FB2ECB13DD,0.24649574
CC_C50467EBCC58,0.11541991
CC_C50C5E2A77CA,0.1329566
CC_C50D7FAA75C1,0.059597928
CC_C51FE3F4D2F3,0.15956914
CC_C5234F4713B7,0.07609691
CC_C55110310E14,0.08841044
CC_C563D509181A,0.09018192
CC_C5736F4887D6,0.7753551
CC_C57C4F09442B,0.090735845
CC_C59D2CA55CAD,0.7429425
CC_C5AD04ABF022,0.08542737
CC_C5AF7BF4B951,0.033314694
CC_C5C5FD9FCFE4,0.6609863
CC_C5D9A89022EF,0.26558623
CC_C5E1FA10BD6B,0.14797989
CC_C6039EF0459B,0.1386832
CC_C6133F44EB0E,0.12617722
CC_C637C1142503,0.7887614
CC_C65496C86EAE,0.17861557
CC_C67C2B86A807,0.14264852
CC_C690CF8AF3B4,0.10074414
CC_C69204FFED48,0.33460748
CC_C69DD80E5055,0.09617413
CC_C6AE389CA79C,0.08079696
CC_C6AFA8AF33BB,0.101864345
CC_C6B56B2869A6,0.40628737
CC_C6B61E03B42D,0.16703862
CC_C6C2B357FDF2,0.103303134
CC_C6C4A4A318E4,0.10353519
CC_C6DECDCC7956,0.17800324
CC_C6F134ABD932,0.504129
CC_C6F24128D8D3,0.14078207
CC_C6F8C5E3D746,0.07609503
CC_C6FB2BDCC78F,0.37499684
CC_C70DBEB08378,0.8212374
CC_C71AAC6F9607,0.1126511
CC_C73D1C53BEC0,0.32417852
CC_C7423B380FD2,0.07129672
CC_C747ABF2B4BC,0.09111066
CC_C74F0C45C093,0.12198385
CC_C75307665BCF,0.2053673
CC_C76473DBFF83,0.35511458
CC_C7652C2D1CC7,0.2199351
CC_C77B38900325,0.30006313
CC_C782A94E6754,0.060084935
CC_C786E0FDA098,0.7324857
CC_C794632B3AAC,0.48448098
CC_C795250A7B3F,0.12991774
CC_C79BF5794AD9,0.07136822
CC_C7A2A7BF85C5,0.086767405
CC_C7A2CEDA36CD,0.42863953
CC_C7AAAC514CD0,0.06096113
CC_C7B39AE8206F,0.12180489
CC_C7BA884F8DCA,0.14871526
CC_C7BC592C11DB,0.060772046
CC_C7CB29EBCEE1,0.049603704
CC_C7D2BE35C77A,0.087518744
CC_C7E56C7FFA19,0.16065982
CC_C7ED63E403A8,0.06189206
CC_C7EFF4BBEE1E,0.056575805
CC_C7F1C90A261F,0.16000518
CC_C7F38C2DEDFF,0.22132611
CC_C807F881A35F,0.267645
CC_C808346EF2A7,0.061613373
CC_C822401D05A0,0.11836316
CC_C82D0EB32984,0.102840304
CC_C82DE4520088,0.18465026
CC_C84080607284,0.09515997
CC_C85DEB66D6EC,0.2867781
CC_C8601860B3AB,0.3187137
CC_C86B56E5B000,0.12965165
CC_C874E7D8B96A,0.07000728
CC_C88F02C38654,0.13730054
CC_C895990DF270,0.13577387
CC_C896D6E93110,0.39480978
CC_C8A57920FB6B,0.09577087
CC_C8C2CEAC6750,0.46816942
CC_C8CBB38CF4B6,0.38649368
CC_C8DF2AEC8023,0.16622844
CC_C8E24B1925A2,0.2285882
CC_C8E2F0CA5050,0.6992154
CC_C8E875AAFD58,0.33261424
CC_C8EF7366016A,0.07425538
CC_C8F1FB9C56E5,0.09602976
CC_C8F2FF7E6DAF,0.15318409
CC_C916DC82A00B,0.32801437
CC_C91FF308D57A,0.075901486
CC_C9297D88CD26,0.34419304
CC_C932D885E1AA,0.219024
CC_C947A66A6A34,0.13683009
CC_C953D19C82A6,0.2694115
CC_C960365C1125,0.19264081
CC_C96221203852,0.18852445
CC_C967937FC81A,0.7342128
CC_C97434767545,0.20588818
CC_C974620D4D4F,0.29504317
CC_C9749B07E3CC,0.1203822
CC_C979F86EC4EB,0.07258177
CC_C9882357496D,0.07204396
CC_C98B5F2B994A,0.08824145
CC_C98CA453DC7F,0.12619904
CC_C996515164AF,0.64098823
CC_C9A1B8F512F3,0.45125026
CC_C9E008678B77,0.10546737
CC_C9E89E3728DA,0.16824624
CC_C9EE0357CF4D,0.14869723
CC_C9F15C15BA6A,0.1326415
CC_C9F3BB887EB9,0.2075637
CC_CA0906B9B58E,0.071726955
CC_CA16B9133E4F,0.34410375
CC_CA2524A5C7AF,0.3035437
CC_CA2A17C9CD44,0.48785597
CC_CA32C61E255B,0.109488234
CC_CA37F92A8BC6,0.1609965
CC_CA3C9D0F42A2,0.5125661
CC_CA4669FF2379,0.09730449
CC_CA486E08F176,0.057505723
CC_CA5CF069C36C,0.06617229
CC_CA6AB58D2C8D,0.28336617
CC_CA6EDCBFA9E3,0.15535516
CC_CA6FB58C11F4,0.06875905
CC_CA7902338F91,0.1643697
CC_CA7BE11DCB92,0.10571799
CC_CA87A148C386,0.07471092
CC_CA8E7E45347C,0.15757318
CC_CA9214D0E170,0.15335202
CC_CAA07EABEF71,0.07532872
CC_CABC0190A9BF,0.5149722
CC_CABF171B8582,0.55044734
CC_CAC2F989A2D6,0.23313972
CC_CAC50FF13A43,0.50018907
CC_CAC9C52B6FB8,0.2998196
CC_CAE19DE8446F,0.060216594
CC_CAE5F6D8328C,0.39881185
CC_CAFA0C6DBCEB,0.07217568
CC_CAFE5D6E3E1D,0.115742594
CC_CB02A97FAC1F,0.27120513
CC_CB1155AAC7EB,0.1392773
CC_CB1B2FC5769C,0.18265307
CC_CB1BD3C19303,0.17818151
CC_CB2423DD4809,0.7999179
CC_CB33381406F3,0.66250265
CC_CB3CBA971E97,0.09658921
CC_CB45CB5C940D,0.15953694
CC_CB4A2667F8CE,0.20369634
CC_CB4EA92BE238,0.0662227
CC_CB4EE5CC0B09,0.19502829
CC_CB50BDD92A4D,0.20210862
CC_CB6A55831080,0.07877011
CC_CB6CE149111A,0.12380165
CC_CB6F9DA78019,0.047265768
CC_CB722FAA608D,0.2761432
CC_CBA786C05C1C,0.774544
CC_CBA9A6206DCB,0.1415453
CC_CBB7AE2847B6,0.26103306
CC_CBB9DDEAC819,0.029575367
CC_CBC30D127BA4,0.098192394
CC_CBE67EF0D3C5,0.5618878
CC_CBEC318365B3,0.3724511
CC_CBED6669EDA7,0.05480936
CC_CBF1B052FA7E,0.08599171
CC_CBFC7EFF2F94,0.114292555
CC_CC27394B5E35,0.07437586
CC_CC2A7B3D7A55,0.15736213
CC_CC34B2523794,0.15560572
CC_CC34E9023873,0.70032275
CC_CC37D81F02A7,0.580416
CC_CC4822AEDB83,0.6099881
CC_CC5D6CAE5ADB,0.19778205
CC_CC6D27804EF0,0.083493486
CC_CC71D4876B90,0.17037213
CC_CC75EA7F2C8F,0.13385534
CC_CC9214A5C0CF,0.07181435
CC_CCA2B8D2446C,0.3533646
CC_CCAB3E56FD92,0.19550133
CC_CCAF321D46D7,0.04846951
CC_CCB46EA56584,0.19547215
CC_CCB60CB8754C,0.12178664
CC_CCD759553325,0.06728096
CC_CCDC28D49832,0.18605551
CC_CCE55029E621,0.61779547
CC_CCEA133D7268,0.5832571
CC_CCED6CEBC3D6,0.32730132
CC_CCEE76415B51,0.33003467
CC_CD1326D52AE1,0.69276625
CC_CD35EEA81CE8,0.3344138
CC_CD373485942B,0.0984423
CC_CD379DD39658,0.31702924
CC_CD37D5CF0EB0,0.17307411
CC_CD380545A7A4,0.08173025
CC_CD3A378249BA,0.25606632
CC_CD415B1C7741,0.049071737
CC_CD4976814F28,0.039198443
CC_CD4F5F1C357B,0.26116574
CC_CD54829713AF,0.07079517
CC_CD5E3556D5AB,0.15806678
CC_CD6C797F3C4F,0.08675136
CC_CD7BA8F6C4BD,0.09893358
CC_CD8352F0478D,0.2476548
CC_CD972E578564,0.81146395
CC_CDA1B20179B6,0.12581176
CC_CDA2A36B81B4,0.24283122
CC_CDF6354EC332,0.05575151
CC_CE01E17132E0,0.045515068
CC_CE1280B30475,0.14303172
CC_CE134F878294,0.05306094
CC_CE229894AC00,0.11191758
CC_CE26907B9D30,0.40817857
CC_CE2755B42DAC,0.094708085
CC_CE2BD7F74421,0.33670348
CC_CE3784121355,0.111911
CC_CE41F9FF509E,0.1434774
CC_CE5AF0E9A157,0.08091105
CC_CE5EA019DCAA,0.08042046
CC_CE6460FE39F6,0.081383556
CC_CE72D1734761,0.59192395
CC_CE7FC560768D,0.4023415
CC_CE871DB3950F,0.32782888
CC_CE8D1564C4F1,0.13565975
CC_CE93240526A9,0.2619031
CC_CE980FCAB154,0.2945692
CC_CEA0FAD348F8,0.09473671
CC_CEA369A3451F,0.06955473
CC_CEBA67081418,0.2863872
CC_CEC0C00FE770,0.5265038
CC_CEC3B21D2982,0.34013587
CC_CECEC680F701,0.18206885
CC_CEDB263DB07B,0.040844902
CC_CEDF9C14DC79,0.2980184
CC_CEF23255BE06,0.06324923
CC_CEF8C71C4E8B,0.41372567
CC_CEF91FDD41AE,0.37687594
CC_CF0B68684C3D,0.12920612
CC_CF149865368F,0.0765049
CC_CF2A7A5582C2,0.1750226
CC_CF2B3E37CF2E,0.32846886
CC_CF2F163CE005,0.19811678
CC_CF3C063DF626,0.16436851
CC_CF3E91DB8220,0.32555678
CC_CF3FB5744443,0.74480855
CC_CF4991B8EFE9,0.1266686
CC_CF53FD3AC9AD,0.038705774
CC_CF5A140B279D,0.22896016
CC_CF613A7162B6,0.12884702
CC_CF6A8A460B19,0.10241377
CC_CF792E77A16D,0.047337323
CC_CF7BAF373E0A,0.041042924
CC_CF8B1D0015C4,0.14317118
CC_CF8D0517B79F,0.06746639
CC_CF92037ACA93,0.19382195
CC_CF960A300F40,0.32291228
CC_CF96B6335E6C,0.1877631
CC_CF9880D67A7D,0.1828352
CC_CF9B249283A7,0.7317066
CC_CFABF7407978,0.22708195
CC_CFB2AE99EABF,0.1995943
CC_CFC0BC440771,0.124227166
CC_CFC235739F25,0.558689
CC_CFC6E8954325,0.055859935
CC_CFD37EDB214D,0.2749606
CC_CFD93C04478A,0.50943446
CC_CFE0AA5381FD,0.73326945
CC_CFEB021AA137,0.056207694
CC_CFF6E2A6A3F9,0.28098857
CC_CFFDC4947256,0.13952953
CC_D009368CE434,0.056696445
CC_D02E59E08B02,0.047585964
CC_D03848B7353E,0.062174607
CC_D03A69B1563D,0.16445227
CC_D0576802096E,0.10821447
CC_D0582E0F3440,0.06329803
CC_D059D0BEC5D5,0.39435714
CC_D05C4A8F2A25,0.122928225
CC_D05FBA9B9040,0.737143
CC_D0653EA71CAD,0.20995837
CC_D076A984B786,0.13565134
CC_D08FC2D99CF5,0.16426021
CC_D09942A02904,0.11806525
CC_D0A8EA2D37F2,0.12062993
CC_D0AAD35C800F,0.12700368
CC_D0D666EC0244,0.09551229
CC_D0F3F68F4452,0.41700557
CC_D0FBDE8ABAA7,0.10835562
CC_D103D50237D9,0.20673242
CC_D11E5A30CF3B,0.28275514
CC_D122B30AE7CB,0.51925683
CC_D1679B40D83A,0.1043967
CC_D1760785D631,0.26947242
CC_D18088587757,0.26345643
CC_D184160042B7,0.3306203
CC_D1886485E8B4,0.13361621
CC_D1893DD5B4D4,0.08071255
CC_D18B60E035CE,0.73583364
CC_D191D099789D,0.07791836
CC_D1BDB41E7FF6,0.08832103
CC_D1BE2E6E9C9F,0.1571885
CC_D1BFB29BF61C,0.08913515
CC_D1C259F80E13,0.08762097
CC_D1C63DA9CA93,0.12081273
CC_D1C931E4F305,0.08564704
CC_D1CE25F271BE,0.1391125
CC_D1D2127A0C67,0.04818155
CC_D1D31EA359F4,0.14813483
CC_D1DB888BD9B0,0.11194126
CC_D1E82B9DD102,0.15751144
CC_D1EF68A649AA,0.11866893
CC_D1F05E69F80F,0.06780359
CC_D1F6FE158DCF,0.22914705
CC_D205612FD566,0.6569192
CC_D21474C31E3C,0.71013486
CC_D2195A061A0E,0.7042483
CC_D2199CC1CB08,0.03085756
CC_D21FCD9DFE53,0.5011354
CC_D233B2C8062B,0.44937956
CC_D234CF2C21AE,0.72777283
CC_D2373015DF41,0.06609602
CC_D239CBE1012A,0.11327849
CC_D2591377E980,0.72635925
CC_D25E25C831B5,0.061899964
CC_D262BB13DAAF,0.30790484
CC_D272BC699F38,0.059453472
CC_D2813C835750,0.7805332
CC_D285B0D67016,0.025717115
CC_D28FB525E310,0.28727874
CC_D2AFEE04E96F,0.04047487
CC_D2BBAA423304,0.15081714
CC_D2BE8B4011D7,0.06320963
CC_D2C49D2FEBF8,0.24634047
CC_D2D09498D333,0.16061965
CC_D2D187DA334A,0.18417697
CC_D2D47A5386CE,0.2569102
CC_D2E98F50621A,0.047304183
CC_D2F265035F0A,0.056556623
CC_D2F91355C6D0,0.1374966
CC_D2FC934F8324,0.15320088
CC_D3044C67CFFB,0.056381576
CC_D313F2C49E46,0.29124653
CC_D31FFB053D60,0.11561833
CC_D336DB6323BB,0.31248364
CC_D343A7CBA377,0.073048934
CC_D345AF4C4B61,0.16814756
CC_D34FA9410740,0.085609816
CC_D354C5D1665A,0.11151651
CC_D35E96480AF8,0.23445028
CC_D3616386D6D2,0.14175108
CC_D365173E852D,0.77205205
CC_D3683C6CFC5C,0.629879
CC_D373463038E0,0.06295423
CC_D379CF8E3FAB,0.71982074
CC_D37B4CA7F3D8,0.064666376
CC_D37B5B3CA4BE,0.6613009
CC_D39265D7B6C9,0.0594625
CC_D39E3F732408,0.08747938
CC_D3A7B21165B3,0.29302981
CC_D3A9028A4660,0.05217793
CC_D3A948322BD5,0.7193129
CC_D3B95DB5E6C1,0.2590338
CC_D3C8C5014D5C,0.1989201
CC_D3D80929AF52,0.09273822
CC_D3F25136073A,0.17749053
CC_D4102AD032BE,0.2544374
CC_D416EFCEAD89,0.060309708
CC_D41C5030494A,0.74367595
CC_D42E477596A3,0.06418359
CC_D432C89BADA8,0.11978243
CC_D434638E9569,0.12734872
CC_D4518F98BB77,0.081390925
CC_D452847F2A4C,0.07831627
CC_D454056F92E6,0.19809654
CC_D461FB973AB2,0.7807536
CC_D462250B13D3,0.3863303
CC_D48E686A834A,0.70447755
CC_D48FFD985E51,0.084080204
CC_D49263A1BDF7,0.11612201
CC_D49668C65C33,0.030202717
CC_D49D9C57A849,0.0978824
CC_D4A029A150E4,0.1594714
CC_D4AC998C0BC8,0.58384347
CC_D4B02AAFC697,0.1248792
CC_D4BDF0F4FE9E,0.123174205
CC_D4BF2778371B,0.14987007
CC_D4C0F4DB3501,0.16286418
CC_D4C6DD8A364F,0.12129986
CC_D4CDE2A1E174,0.14285073
CC_D4E7EE35695B,0.14092258
CC_D4ED652E86DF,0.27406433
CC_D4F844B54B84,0.0428302
CC_D4FA0055DB4A,0.030521918
CC_D4FDCBAFEC74,0.7246522
CC_D517D90E105F,0.09988662
CC_D52B87A01028,0.21233281
CC_D530C3D1DBF8,0.6133341
CC_D5327E41EBA2,0.12725025
CC_D53C8BCA531F,0.093178436
CC_D540C7ABF683,0.7056036
CC_D54105FC1349,0.33415234
CC_D550CE8B9313,0.65687466
CC_D55C5B432387,0.14112014
CC_D5646FCC5E14,0.51866865
CC_D56F34613338,0.13454424
CC_D573AF0F1674,0.108696416
CC_D586E2C2B3EF,0.26753128
CC_D589E388CA02,0.06839836
CC_D58EBD954E68,0.32622033
CC_D59AFE884BDD,0.49121898
CC_D5AC596A85E1,0.15994951
CC_D5B99B578573,0.041004077
CC_D5CBF4A4D3B3,0.11354335
CC_D5CE05EAA837,0.23577425
CC_D5D36A6C8DB3,0.06909387
CC_D5D8D545736F,0.0845619
CC_D5ECFAF8C1A3,0.08784729
CC_D605715F737A,0.15917009
CC_D617428B4B0E,0.33910072
CC_D61E8E5C4414,0.09656882
CC_D652B5F05769,0.16632685
CC_D6564D0CB9A8,0.17665616
CC_D66183657419,0.08551495
CC_D66BDD3E1AA7,0.117662996
CC_D66DA331534A,0.10911827
CC_D687A780C0E6,0.054809015
CC_D6AE871A4C9C,0.10447262
CC_D6B7AF1FBDD4,0.44835317
CC_D6B874308353,0.5484344
CC_D6B8F47FE484,0.4965529
CC_D6CB1BFDCEEA,0.16568491
CC_D6D47D7E1C51,0.04307055
CC_D6DE060699C6,0.14174336
CC_D6E06014457F,0.8438113
CC_D6E8E17EA449,0.33058703
CC_D6F216AB1C4A,0.16818663
CC_D6F5E3A51C8A,0.089457825
CC_D6FB3B76D7A0,0.6326968
CC_D6FBCD4BA3DA,0.2729913
CC_D70918916097,0.49460727
CC_D73B1B9B81A5,0.06105886
CC_D73E9E24BB48,0.094943434
CC_D74AA0F20466,0.1523959
CC_D750070C44BB,0.7305298
CC_D7529675CB7D,0.17270288
CC_D75C8CDB510B,0.7560574
CC_D76009C47709,0.32621884
CC_D771775A58F5,0.1780351
CC_D77F9D613EF7,0.20233607
CC_D7999C3EDE22,0.1963309
CC_D79BF1D26499,0.15909845
CC_D79C05885899,0.12489371
CC_D79D4F15D10C,0.049448058
CC_D7A11E3512D2,0.051566087
CC_D7AD7A7279C4,0.19375189
CC_D7B35055AF0D,0.16328147
CC_D7D99409D57E,0.3171665
CC_D7E403181D8F,0.11675343
CC_D808C7BA9399,0.13716945
CC_D80DE8B544F3,0.048170976
CC_D81D19AEFB77,0.026532475
CC_D81F317F6384,0.1124116
CC_D844D9DF962C,0.09606016
CC_D847D978387D,0.05341591
CC_D85C7B85C440,0.24103722
CC_D885591596E7,0.08738548
CC_D887D07BDE23,0.347561
CC_D88ACC0CFDA5,0.13500044
CC_D88BDD0F510C,0.05267775
CC_D8956424CB37,0.4765036
CC_D8959BB99A7F,0.3727982
CC_D89A9A14B5E8,0.06218923
CC_D8AD01F3CCE7,0.053721897
CC_D8B4122DC296,0.12650026
CC_D8C38B187875,0.72779775
CC_D8E55509595E,0.061369084
CC_D8E6B90C37A3,0.11918411
CC_D8F1AECFCC2F,0.061072268
CC_D8F7672C70D7,0.0526727
CC_D8F7E904E7DF,0.20665197
CC_D8FEF1C99F88,0.70862657
CC_D90761F9E9C9,0.40891612
CC_D90D9D5C8FEB,0.08663337
CC_D912917A4F4E,0.74893165
CC_D91ECE64FD0C,0.10954544
CC_D9325E5695D5,0.07104051
CC_D9563654A397,0.24198806
CC_D95766A6C24F,0.13034144
CC_D95939B1BBFA,0.07942584
CC_D96729C38BC9,0.09113484
CC_D9791EFF766C,0.22048487
CC_D97AA7C54F6D,0.108316086
CC_D98BA5CE8EE6,0.4284925
CC_D991DAD5413D,0.13327563
CC_D995C89AA359,0.19958329
CC_D9A54F55AD6A,0.10988406
CC_D9B87A96C353,0.2622012
CC_D9C42B0B6A0C,0.17925373
CC_D9D487E78FAF,0.6085571
CC_D9D744A66B09,0.09898978
CC_D9DA3F6E2E7E,0.13794357
CC_D9E5792258E4,0.09953751
CC_D9E6B9CBEB77,0.05628775
CC_D9F0CDB02AC6,0.124215
CC_DA0201D1BCF2,0.09132749
CC_DA0500AFE692,0.06551118
CC_DA0E0BD3880D,0.33088985
CC_DA10F53AE655,0.6084868
CC_DA1643A835A2,0.09475779
CC_DA1C5BAB7E35,0.4570516
CC_DA1DC6A6371D,0.1839631
CC_DA1E6B31DD2A,0.68693626
CC_DA1F282809D0,0.032155007
CC_DA226442D919,0.79283047
CC_DA31EC318B1F,0.06836964
CC_DA33597C6459,0.14861768
CC_DA43CFB5CC2F,0.17773584
CC_DA481C72B8A4,0.23827112
CC_DA55447636EB,0.041781723
CC_DA5AE34842E3,0.1207269
CC_DA6880B018AC,0.19101557
CC_DA700A961616,0.13816164
CC_DA7E65F1E6AA,0.095938176
CC_DA80FAA7FE30,0.11564447
CC_DA8DCCC1199D,0.32799214
CC_DA8EA724C1D3,0.38390076
CC_DA8FA65D1924,0.0342584
CC_DA99D1E41C3E,0.06278758
CC_DA9C3BEFD0B3,0.1960001
CC_DAA3B7FE1C62,0.09462504
CC_DAACE4211B34,0.19161636
CC_DAD239E56638,0.8010355
CC_DAD4BC090253,0.07009839
CC_DAEDBA26BA12,0.29979944
CC_DB1EB08EB40E,0.1160516
CC_DB2314ED6960,0.081261635
CC_DB25E05EC5CD,0.4271562
CC_DB3BE0C87882,0.060132116
CC_DB44628BC147,0.1452385
CC_DB562E602BA8,0.11782272
CC_DB61D7F5F8F2,0.68965685
CC_DB6498598C32,0.16600296
CC_DB6B59FB6E30,0.039067045
CC_DB801B947698,0.33323407
CC_DBB8C467FF1D,0.09228979
CC_DBCD21C2C322,0.07549366
CC_DBDB148E45DD,0.11108823
CC_DBDF9BFA7E87,0.14728534
CC_DBF5CD2D854F,0.2031631
CC_DC0077DE6E39,0.21350479
CC_DC23159A1F99,0.073311746
CC_DC2458827FD8,0.22058961
CC_DC2BE35D58AC,0.28652868
CC_DC49C8D3F7EC,0.57765555
CC_DC5DE66826E9,0.11833673
CC_DC6063FC6464,0.079477735
CC_DC771AE1B4BA,0.70227206
CC_DC7DEBC30E17,0.39621907
CC_DC978F3A711F,0.6689348
CC_DCA2140C7BC4,0.19170803
CC_DCA5CE7C9DC3,0.14555594
CC_DCB5798049B2,0.15236428
CC_DCD10C95C942,0.5464563
CC_DCD145E8E729,0.31334668
CC_DCE0BFC03B86,0.053592455
CC_DCE75AE2FB52,0.053039454
CC_DCFCEEF21BA7,0.35820615
CC_DD12A8C462FA,0.08878893
CC_DD14867350AC,0.12506104
CC_DD232BC8881D,0.20340464
CC_DD2473D34D68,0.17325392
CC_DD2B5C4CD318,0.075441405
CC_DD4EC06C3A92,0.2749291
CC_DD5299DA8C1C,0.07735082
CC_DD59BFF18ABC,0.1531516
CC_DD6777E1B05C,0.057095237
CC_DD6EE1501B89,0.09942071
CC_DD78B52AE022,0.14331204
CC_DD7983A07B43,0.6811504
CC_DD80B5CC495F,0.111449845
CC_DD8956B71825,0.6801052
CC_DD8D40E7E2A9,0.13714333
CC_DD9972D0B63E,0.12354567
CC_DDAE70634ED3,0.09973121
CC_DDB4A9FF2B03,0.09782638
CC_DDB68302DA2A,0.16127464
CC_DDB9DEC9C037,0.06243114
CC_DDC610D2B2F0,0.08230482
CC_DDCAEC6BD9F0,0.21655473
CC_DDDF665EBD93,0.319491
CC_DDE66EBF2157,0.06278952
CC_DDE8B7E9C7F4,0.33025828
CC_DE019FC36D28,0.4018179
CC_DE07076B04D5,0.12456365
CC_DE07AECD2361,0.05409496
CC_DE08A4514010,0.44985306
CC_DE093FAC5293,0.42157906
CC_DE17BC1C2324,0.05749072
CC_DE1B13B3E504,0.046787776
CC_DE4264861B73,0.0789123
CC_DE4810B88C51,0.32811862
CC_DE4EE8A16896,0.14067334
CC_DE523A2403BB,0.08689273
CC_DE52860CFBBE,0.16832736
CC_DE593193FB9C,0.18125537
CC_DE5A9B499ED4,0.08639628
CC_DE6AFFA63ABD,0.09111179
CC_DE7CEC14CCD5,0.632734
CC_DE7D7B5BBB14,0.6318449
CC_DE81AAB7BF48,0.0579978
CC_DE8956D433E2,0.6325484
CC_DE8FB8D1CB71,0.33633143
CC_DE90D07B269D,0.24866906
CC_DE9A62529780,0.17201945
CC_DEA425EA8441,0.10383038
CC_DEBE01582EFF,0.17944625
CC_DEBFD4E79A38,0.04247686
CC_DEC97F13CB8C,0.18016666
CC_DECF1507C86D,0.16291204
CC_DED24C8D047A,0.12575378
CC_DEF4AEBD31C8,0.25143853
CC_DF062F698349,0.09233099
CC_DF13D5CB626A,0.1139196
CC_DF15C526CDC5,0.05054657
CC_DF1F6C68F7D2,0.13383493
CC_DF3EB88F509B,0.10996609
CC_DF4E332C886F,0.03625528
CC_DF514171DC30,0.13980272
CC_DF536CEAE5C0,0.06866172
CC_DF5806CC2CFF,0.14203823
CC_DF715690EF20,0.2641052
CC_DF718A37AF15,0.09353982
CC_DF7276DD74AA,0.10619713
CC_DF750B2D6872,0.30129755
CC_DF9FB6670627,0.06842012
CC_DFA65A0125D9,0.056301877
CC_DFAE355359B8,0.19594675
CC_DFEA562F7BCF,0.28562862
CC_DFEDAF0F0D6E,0.039103515
CC_DFF6F74C64B5,0.6557908
CC_DFF87DF16763,0.12914762
CC_E00D8ECE9FA9,0.1352368
CC_E027E36615C0,0.5363792
CC_E02E23CE49A8,0.098801315
CC_E030B3AEBF19,0.16364717
CC_E031A4C862C1,0.1994141
CC_E0339B331F4F,0.104922414
CC_E038981B2FEE,0.107899055
CC_E0463868968B,0.16909844
CC_E05A8621B581,0.32677472
CC_E07FB0312232,0.1371544
CC_E088594E0624,0.14552432
CC_E09AC3B1E534,0.0955505
CC_E0AC29AFCF97,0.1565761
CC_E0BAC6E0D0DA,0.060409643
CC_E0DDDA07F0A1,0.12104301
CC_E0DF45AB72B6,0.2506543
CC_E0E1F8E7379E,0.086961985
CC_E0EF095444A5,0.16806948
CC_E102E4F7F8B4,0.2059269
CC_E109B4CA6A8D,0.11883344
CC_E11470A2D92C,0.40848154
CC_E117B8A6ADC6,0.035818696
CC_E128015073F3,0.08925009
CC_E131D5EB9237,0.22178322
CC_E14A24095E9F,0.10887021
CC_E14CADF89123,0.52454466
CC_E16876025011,0.05501635
CC_E16C71C15D04,0.6871764
CC_E16F1BB83653,0.06431116
CC_E17448FB08EF,0.46526736
CC_E17AAACEB07D,0.09227991
CC_E1875522DC57,0.15052846
CC_E18A0734641A,0.106416196
CC_E18A22453843,0.08714539
CC_E1B4E3360C0F,0.19658719
CC_E1B5AE645169,0.06253417
CC_E1B71F6B7DD2,0.27960673
CC_E1D073F693A2,0.3347888
CC_E1EA83C31C66,0.108323365
CC_E1ECAE226485,0.28472564
CC_E1F0C5076481,0.06859044
CC_E1F78CE289D8,0.049238812
CC_E1FBCECE0A54,0.21649373
CC_E1FD46CA26D5,0.099794835
CC_E20E7C7164A6,0.7382164
CC_E211E2698C14,0.042769928
CC_E21B4F587C45,0.13564645
CC_E22A278A1386,0.06504168
CC_E24078C03B7C,0.14158306
CC_E2452737F950,0.15381724
CC_E246119AA09C,0.70849764
CC_E246942C7310,0.084819674
CC_E2474A334F3D,0.073014736
CC_E2489637D0E8,0.115315154
CC_E2521AF9C2A2,0.087983295
CC_E253F4AC4762,0.62072
CC_E257805D0F0A,0.20625325
CC_E25A924EDB70,0.08276879
CC_E25B5D5502AD,0.1062302
CC_E2619E24BEDD,0.7041117
CC_E274DAF3C064,0.07817651
CC_E2787CBDFBF1,0.17164493
CC_E28AE2E68BB7,0.70663726
CC_E2C3E272D059,0.22453363
CC_E2D653061523,0.43476135
CC_E2ECDC7D23EE,0.14502917
CC_E2F0E725C3AB,0.06798318
CC_E2F7712CD056,0.21006551
CC_E2FD7FCF0AD5,0.79259396
CC_E308C7DFB2F2,0.1391947
CC_E30B791D5F11,0.23430091
CC_E315F7A94400,0.35972506
CC_E31DAB1E73F5,0.07119292
CC_E32034C97E83,0.27857777
CC_E32DBED5EAC1,0.24427137
CC_E32DDDDEE3CB,0.17847502
CC_E343EC3EB052,0.6434889
CC_E34A04E78D60,0.121573746
CC_E3503B565AD0,0.29491735
CC_E356B05ADD56,0.18624943
CC_E35D02BE6780,0.022389527
CC_E369AAECB2B1,0.47642112
CC_E36ACDB4F96F,0.46386573
CC_E36C7F0E1657,0.8280318
CC_E381FD4674D5,0.033253245
CC_E38E3835121E,0.05753056
CC_E3A70438A0C1,0.25595972
CC_E3B5C76189F3,0.24817722
CC_E3B7B7E57889,0.13805354
CC_E3CCC0D886D9,0.19408518
CC_E3DD8AD10171,0.2501548
CC_E3E230CF20A1,0.20230788
CC_E3E4B2543CCB,0.07853153
CC_E3E5DF01E014,0.17831677
CC_E3EB157288A2,0.09402512
CC_E3FBDA203EDF,0.16155982
CC_E404FCA6CB2B,0.7030146
CC_E4054F9C8442,0.2819564
CC_E405D808772F,0.037396356
CC_E4137B250609,0.26789415
CC_E41482A7E968,0.075203806
CC_E421FA1874F4,0.10425021
CC_E42C38BBBD04,0.16575262
CC_E42D90BFB285,0.054158255
CC_E42EFC05C891,0.07645768
CC_E430F3C75969,0.11234856
CC_E4576D6B6478,0.113705955
CC_E46B27A13728,0.35385802
CC_E4783FB590D4,0.16420335
CC_E489009C6500,0.16489011
CC_E493CB46177D,0.088587895
CC_E496AFA9B40A,0.3155934
CC_E4A2FFE0EE1F,0.12193833
CC_E4C553538385,0.2871313
CC_E4C7B5501ED1,0.17265493
CC_E4C8A5A60F51,0.19371474
CC_E4C94AB69214,0.40080675
CC_E4D75244E8B8,0.23647219
CC_E4D9A8EEDBAE,0.18836972
CC_E4DF787730AA,0.1375005
CC_E4E0DC070132,0.13410091
CC_E4E3C08B7F86,0.056812026
CC_E4FEEB4389C9,0.40741432
CC_E50598344DD9,0.36904246
CC_E50C634A9A18,0.032604538
CC_E5107337FDD7,0.06203389
CC_E511BFCFEC9E,0.6686918
CC_E51318749E09,0.12958312
CC_E53FE6708AD9,0.6822775
CC_E54290FEA34D,0.11423729
CC_E54B723C018B,0.055888366
CC_E554618F383B,0.090379745
CC_E557336955A2,0.09622167
CC_E55B48E73651,0.20168546
CC_E55D8DC645B9,0.050973676
CC_E575DA02C575,0.22257107
CC_E576BD98A727,0.178201
CC_E578DC77656B,0.12984356
CC_E57F3EAFD9A3,0.13354611
CC_E59A01603B7D,0.304407
CC_E59B2D974CB3,0.2609748
CC_E5A1C44F0F07,0.70911574
CC_E5A8BDF6BFC1,0.15074337
CC_E5B284DA0E5D,0.100379415
CC_E5B8363BB378,0.5746982
CC_E5D8BFFA5F88,0.06654127
CC_E5DA04902EFD,0.23747486
CC_E5F53CFC20EC,0.064076245
CC_E5FAECE63C59,0.5944471
CC_E5FB6E872C58,0.064090446
CC_E6045565E7ED,0.09879002
CC_E60845ADC7F1,0.039221957
CC_E61567D6B392,0.104559004
CC_E62174AFA94C,0.11603107
CC_E6247DD14641,0.10686801
CC_E6289A61F0ED,0.091749
CC_E62E32FB6FBB,0.025718043
CC_E62F6BE942DC,0.21641569
CC_E63E49B128AE,0.083580166
CC_E63F89885A3E,0.75211656
CC_E6466E6A92CB,0.28957856
CC_E64BC95F8B2A,0.8196764
CC_E64C652BBAB2,0.09145604
CC_E659DB355476,0.19109118
CC_E65C8BA5A7CE,0.06993048
CC_E65F39446752,0.35393333
CC_E67395791589,0.15186152
CC_E67622A69EEF,0.07591554
CC_E680830CAEF3,0.06819714
CC_E6823643AC4C,0.6704806
CC_E683F33931BB,0.12707767
CC_E68841DEB163,0.09964189
CC_E68B2C33D180,0.13367999
CC_E68EE6EC2618,0.060347304
CC_E69508D3D3F1,0.2284167
CC_E698F1348426,0.19219914
CC_E6A178F3709D,0.14117743
CC_E6A4B6E8619C,0.6470109
CC_E6B3887C66BB,0.2803746
CC_E6B6BBBDBEDB,0.29759157
CC_E6DBD0F9DC3B,0.08135645
CC_E6F090F70DDD,0.27329683
CC_E6F2D8CB45C6,0.110063896
CC_E6F8FBEDA2A7,0.10133455
CC_E70854CDFE9C,0.0736745
CC_E71C05F07F85,0.059259742
CC_E72797CABC60,0.068380594
CC_E727C1153226,0.09823262
CC_E73489D828C7,0.11834178
CC_E7355465CE6A,0.0791211
CC_E73CDBC743FF,0.25735515
CC_E74F00E75A4F,0.06860279
CC_E751F7E19192,0.14004213
CC_E7522AD6431A,0.5712869
CC_E7523630D2D9,0.22447297
CC_E767372DD95A,0.601358
CC_E76C5DFD3BA6,0.19141778
CC_E77326438575,0.18471286
CC_E77E29E11EB1,0.16519177
CC_E78F20B3223F,0.7340132
CC_E79A23E64518,0.0801605
CC_E7AC69AEA182,0.7861667
CC_E7B754CA9668,0.06658827
CC_E7BA60365AE8,0.14216006
CC_E7C95D4A741C,0.08487601
CC_E7D3D728EC5B,0.23304631
CC_E7E4D5F851D3,0.07857676
CC_E7EA49D37B64,0.37002575
CC_E7EF11A24F73,0.7932512
CC_E7F6F9A7EC65,0.066368006
CC_E7FBC7F69DBB,0.1996926
CC_E80B1A55A74D,0.15751739
CC_E824AB0AFDBB,0.21161272
CC_E826DAC92D9D,0.22521192
CC_E83AB7100D06,0.10900007
CC_E83E6D31EC76,0.24886781
CC_E86650461FBE,0.16447479
CC_E868A3754B11,0.83978003
CC_E86A993F7D05,0.076257385
CC_E87992FBEE80,0.64378154
CC_E87B909C4DDD,0.20937158
CC_E8828BA7EE08,0.11344853
CC_E886157F6FBD,0.3180632
CC_E88711C5C98E,0.103161424
CC_E887680BB6CC,0.16837649
CC_E8909BF77D8D,0.10877667
CC_E8A82DA3A246,0.19012748
CC_E8AC7545DBD3,0.079748094
CC_E8BA6B224C3E,0.10878511
CC_E8C6CA45BF72,0.23237526
CC_E8D2E3126A8F,0.68822515
CC_E8E55DAC4FF9,0.060677864
CC_E8EB77AF3F78,0.82113016
CC_E8F2C6905503,0.34713614
CC_E90831F897A9,0.19212373
CC_E90B14D51185,0.51459956
CC_E9188329C9E7,0.0839117
CC_E91E1C0C0C61,0.7247163
CC_E91E9D34C5F3,0.113838986
CC_E91F555DBA96,0.13777345
CC_E932CFF4B4A4,0.21692559
CC_E93643CB34CA,0.19353284
CC_E937CA493910,0.12731524
CC_E9409A50B4BF,0.48731065
CC_E96711AD5512,0.061588548
CC_E96A3E6912B4,0.42654917
CC_E98AEE74B9BC,0.24679735
CC_E992FB78BC2D,0.31280392
CC_E9A3AECEE3A9,0.07322219
CC_E9BDA7766728,0.27662444
CC_E9BF1AFE86C3,0.17173506
CC_E9CA055AD1A3,0.10878506
CC_E9CA0A56E917,0.21361992
CC_E9D3453F53AC,0.6103965
CC_E9D46EFFA839,0.22217311
CC_E9ED872B6037,0.04974925
CC_E9F40C1B559E,0.14257093
CC_EA06928C0AA9,0.28589368
CC_EA0A46F64C80,0.15660462
CC_EA114B15FC04,0.6143062
CC_EA1F3F67BA2E,0.087497905
CC_EA21618614D1,0.66804504
CC_EA26B5A89181,0.18294236
CC_EA26C6C27662,0.16355416
CC_EA3B5AC76649,0.23969683
CC_EA4E669C8528,0.09487659
CC_EA6917E7A5C2,0.7740851
CC_EA8A25862433,0.1221027
CC_EA901D7CA670,0.18747596
CC_EAA2BCE323EE,0.75149715
CC_EAA6D5189190,0.10718359
CC_EAAA8DD7FAAF,0.18746936
CC_EAB7408CCE0E,0.34471378
CC_EABEDB3C4827,0.13763547
CC_EAC6D83D1BFC,0.035132755
CC_EAD7F3E9DAD1,0.0560136
CC_EADC7D8196C2,0.29157257
CC_EAE608E24E29,0.04722683
CC_EB05AD2C7C27,0.046131387
CC_EB1DA337E2D1,0.1465766
CC_EB1F425EC937,0.11881934
CC_EB2FE764BF6D,0.12241928
CC_EB55483587DE,0.11002578
CC_EB569B3E2E12,0.5279355
CC_EB57E6E6C96C,0.20183133
CC_EB5A0FE0605C,0.13229027
CC_EB64EC97D01D,0.13748989
CC_EB691249B91A,0.15211917
CC_EB7C50A7D4C1,0.46237215
CC_EB7C52FDBEC3,0.2150405
CC_EB86FED24535,0.24343926
CC_EB89DECC2021,0.10397349
CC_EB999F9D6095,0.1717548
CC_EBA2F85924CE,0.07340151
CC_EBAC5A53FD11,0.07925272
CC_EBB109EF7619,0.17280744
CC_EBBD00C18763,0.055351827
CC_EBCA68C7854D,0.08356334
CC_EBCBDE122879,0.14093922
CC_EBDF6C88BBA5,0.08847125
CC_EBEDAC91ED43,0.07481125
CC_EBEEC4183FDE,0.045127593
CC_EBFD9D007253,0.46747166
CC_EC1ABC58E09A,0.22332752
CC_EC26EABA68DC,0.76129746
CC_EC2A485A3E71,0.17634621
CC_EC3B9E2FE47B,0.099576674
CC_EC505F03EE5F,0.033002757
CC_EC5317EC6706,0.15048626
CC_EC5B7FBD1EA7,0.1410942
CC_EC5C7471FFC5,0.07041515
CC_EC5D92B3617B,0.15817982
CC_EC5E214BFED0,0.6551971
CC_EC6406527201,0.10409516
CC_EC79022358C6,0.29188004
CC_EC831A90189F,0.08757101
CC_EC87C131FADC,0.051176567
CC_EC88785D6F39,0.20092195
CC_EC9173F5284E,0.031958945
CC_ECB7B3B6272E,0.061402544
CC_ECBF4CED56D1,0.09977396
CC_ECBF80B94EAE,0.78894675
CC_ECC78B7AE3F1,0.5896692
CC_ECC7E9E691F5,0.12758869
CC_ECC9235F612E,0.23736383
CC_ECCB0BD557DC,0.13346115
CC_ECCCB1B4EA8F,0.07976316
CC_ECDDF4983DD9,0.058841024
CC_ECEE93C4F564,0.5242002
CC_ED07BD8B2CB3,0.058588997
CC_ED0F4A02A01C,0.26243806
CC_ED11D72A1D3B,0.06962618
CC_ED165FC5A06F,0.06313077
CC_ED2B6A40ABC7,0.20624664
CC_ED390F22A931,0.09636392
CC_ED40E7CE5177,0.17695701
CC_ED4E4B13DB1A,0.053442407
CC_ED4F22572419,0.15518782
CC_ED5AE5CB1DC5,0.056155205
CC_ED6090A4E6E4,0.2427339
CC_ED645D91E6A5,0.09770483
CC_ED6B045B6075,0.2015881
CC_ED9313C71C57,0.13964395
CC_ED9BCE7C776F,0.7241335
CC_ED9D4644716C,0.15387976
CC_EDA794402358,0.25295618
CC_EDAADACD4DED,0.098049775
CC_EDBAD2E989FB,0.13283351
CC_EDC98B474E76,0.2794642
CC_EDD1FD49A66A,0.7456334
CC_EDD448008C0C,0.6559698
CC_EDDA3B790095,0.07020102
CC_EDF95BF0E3D6,0.19791257
CC_EE03D7C2BC69,0.07254121
CC_EE0D95184E81,0.044516325
CC_EE0FF690C214,0.4484151
CC_EE2412C352D5,0.10176348
CC_EE2A010019CF,0.085045576
CC_EE2AC730827E,0.065973595
CC_EE3236E6A9FD,0.13414975
CC_EE3759EA49FF,0.12525003
CC_EE38C78AD88B,0.41048425
CC_EE3CE0FD6B77,0.5411374
CC_EE6B7E58FC63,0.039747957
CC_EE6E02464067,0.2604466
CC_EE6E1FA7A753,0.13129762
CC_EE6FCE6C233A,0.238125
CC_EE88C07B9333,0.09562823
CC_EE9004165810,0.07470621
CC_EE9BD17AD343,0.050274212
CC_EEA608D5A455,0.14182687
CC_EEAFDB1BB486,0.51738125
CC_EEB482736C41,0.33758563
CC_EEBD9DA093E1,0.055758916
CC_EEF23DDD2262,0.1341696
CC_EEFBDC9AD94A,0.09368697
CC_EF05000895F4,0.49234387
CC_EF16B2CE0988,0.37105662
CC_EF1DD3F0CBDF,0.063863635
CC_EF2D82085BB9,0.1001216
CC_EF2DBE79D656,0.29500708
CC_EF3000C48A4C,0.07084106
CC_EF359AF608EA,0.028732456
CC_EF362432D758,0.3162163
CC_EF548B30F1B6,0.24488948
CC_EF5B403DFD7E,0.09802406
CC_EF66DA0DDF9C,0.33061188
CC_EF70BA4AEEC4,0.15417689
CC_EF83DD56FCC5,0.06308083
CC_EF8B642A6F8D,0.06552258
CC_EFA1EB27DA19,0.050129637
CC_EFAE84EA9BDE,0.086879164
CC_EFB26BEA106E,0.34488696
CC_EFBB51CD8502,0.22841421
CC_EFC18E9B3B55,0.112995416
CC_EFC4B0020E2D,0.118172124
CC_EFC9FA5108D9,0.15410969
CC_EFE45D9B9D9C,0.04376595
CC_EFF27FA98DF1,0.06037572
CC_F000DA497736,0.2571861
CC_F00107DE219E,0.66866314
CC_F009FC54A64B,0.78762066
CC_F01DF28C6BFF,0.10142538
CC_F037C91F63BF,0.13554317
CC_F03FADA95A03,0.6736426
CC_F05235F3C894,0.121463224
CC_F0649FEBFEB8,0.45040303
CC_F066C78B5C0D,0.13565229
CC_F07313626618,0.6537123
CC_F0783F6A56F5,0.7565766
CC_F0791523691A,0.19284055
CC_F080750455CE,0.056909516
CC_F0809EBB0B51,0.03312521
CC_F08259F86E23,0.18557584
CC_F0929F859702,0.15836747
CC_F0A7203CCA39,0.15490286
CC_F0CD4DD9C63C,0.14306031
CC_F0D29AD328E5,0.1586414
CC_F0D339E5B80C,0.07050845
CC_F0D3BC14FA77,0.075805455
CC_F0E16D28D49D,0.20195809
CC_F0EBE2C00A7B,0.05858739
CC_F0F137758DC2,0.06457457
CC_F0F6BD40CA43,0.27783853
CC_F0F6FCF6010F,0.17382123
CC_F0FBC9D4ECA1,0.03122127
CC_F0FEE924096C,0.19494276
CC_F1074E035DE6,0.06768979
CC_F108D26930FF,0.27873135
CC_F10DB853B9DF,0.41038328
CC_F10E06D52D76,0.123713695
CC_F11F5F477B91,0.6961188
CC_F14913B5BE1B,0.7636665
CC_F156C1647E3D,0.083634585
CC_F1598097E314,0.60144645
CC_F1641E3AAB3C,0.056915354
CC_F166878FB959,0.06555305
CC_F17540FE7C9F,0.119109884
CC_F175BB08B29E,0.054846756
CC_F1782AF286D0,0.3298155
CC_F1796AD4B774,0.5997027
CC_F17B3A3A5E56,0.614223
CC_F1858D6F0080,0.15042621
CC_F18689FA8E29,0.07060528
CC_F18A82B0F153,0.14578637
CC_F1AE7142A128,0.103691004
CC_F1B43DD57C9C,0.106004894
CC_F1BCB7676492,0.09464882
CC_F1C8B8BB90AE,0.13761857
CC_F1E044CD2D75,0.23940675
CC_F1FCB96B5E14,0.25320166
CC_F2067E92A939,0.13837871
CC_F21512554CC9,0.09527884
CC_F243956B7575,0.083298326
CC_F24FBC9FD3F7,0.30350658
CC_F252EB3F208B,0.06610707
CC_F25D793346CA,0.38508797
CC_F25EB1ED5AD9,0.08805456
CC_F265A0AE845F,0.7089046
CC_F274BB4AEBE0,0.06300256
CC_F28BF2185131,0.10838765
CC_F29077E45AF0,0.25251612
CC_F2988560CAB8,0.32750112
CC_F2993AB36C56,0.09358315
CC_F29D6C65779E,0.07953391
CC_F2D2BADD0000,0.07028039
CC_F2E4AEB73D57,0.13722298
CC_F2E630BAF431,0.03904677
CC_F2EFCB40AE74,0.14844905
CC_F2F085891915,0.718872
CC_F3030E2C80A0,0.23236191
CC_F3044C7C16BB,0.054110475
CC_F30B21CB4603,0.09847632
CC_F3140FCE870A,0.089207605
CC_F32A84B321FC,0.14624041
CC_F339FF584607,0.2999543
CC_F33CEE0F6DBE,0.43639642
CC_F33DAF3E9CF0,0.14117572
CC_F34EC3FF202F,0.07769369
CC_F35A6C383B39,0.22143146
CC_F360E0FF27CA,0.07962799
CC_F36B7AEC0086,0.09786317
CC_F370665BECB8,0.5916872
CC_F373A60E53E8,0.040234618
CC_F373BDAE18B2,0.082370415
CC_F3745BC63340,0.07069625
CC_F37DC9169301,0.14989588
CC_F394E57C5243,0.22558498
CC_F39E98FD418D,0.0763782
CC_F39F51452381,0.036367275
CC_F3A52465664E,0.07022504
CC_F3A8CF761A0F,0.23924181
CC_F3BF1709E29A,0.3917833
CC_F3BF72C29211,0.06632252
CC_F3CF35465CF1,0.0610377
CC_F3E2186DBD4F,0.27154127
CC_F3F0F9B9B56E,0.14039508
CC_F3F185395BE1,0.14239806
CC_F3F68E6599E7,0.08124931
CC_F3F7763C9DFE,0.14062393
CC_F3FFF13592CE,0.06547191
CC_F410C3CE89E1,0.13895938
CC_F410C8B811FE,0.07101484
CC_F4132072D78E,0.09485236
CC_F4157B8E5B32,0.5278567
CC_F41CF067E828,0.12762648
CC_F41DC456E539,0.053895846
CC_F41EEF55A0EC,0.05143863
CC_F426B5C1F07D,0.3245991
CC_F437875F9000,0.17360383
CC_F43C961F8A30,0.14869782
CC_F43D9BF23472,0.060823426
CC_F444BE033109,0.1665722
CC_F4481124F17A,0.1536237
CC_F44EAAF80F70,0.11462061
CC_F4521F6D3492,0.46405774
CC_F46BD9AB1B68,0.12633774
CC_F4763AA0B824,0.5898099
CC_F47976F33E20,0.21836038
CC_F47E588D4470,0.21150666
CC_F4A2777912C2,0.14563361
CC_F4A6C2B23685,0.07217168
CC_F4B3EAEEEA8B,0.044759586
CC_F4C6CD1E720C,0.081930876
CC_F4D05DA98C83,0.072518036
CC_F4D15889CDE0,0.13445999
CC_F4DEC1E6173D,0.04775288
CC_F4EFAD6AF8BD,0.2997233
CC_F4F7835A1FA2,0.18945423
CC_F500597795FB,0.1757437
CC_F5197FA9580F,0.6884164
CC_F5240F59146F,0.08571262
CC_F534A0B87C3B,0.15141621
CC_F536972BFE98,0.11185073
CC_F54FDFE5A5C8,0.093918055
CC_F55727F65F86,0.2593411
CC_F558EBDCDD6D,0.14525211
CC_F56D569AC51F,0.08978371
CC_F5714D180EE1,0.095487185
CC_F576ED9554AD,0.36056104
CC_F57C2559358E,0.16479698
CC_F5AA72FC0972,0.101781145
CC_F5AE7DEA2B48,0.08417751
CC_F5C6A5E9D495,0.17824703
CC_F5E0731F2181,0.19419894
CC_F5F4F3B03FE8,0.77457035
CC_F604D7B9CBD9,0.23206356
CC_F60F13391D61,0.16121705
CC_F618D72DF162,0.08445552
CC_F620B15ACC5D,0.09648384
CC_F62D426D6614,0.13177674
CC_F634999D5C1D,0.027375117
CC_F636E5BAEE47,0.17107394
CC_F6461B692240,0.6936616
CC_F65BAD63AED0,0.18412131
CC_F65DD2AC57E8,0.27109253
CC_F66C6577674C,0.05548016
CC_F670896FE959,0.1670641
CC_F67376F272EA,0.6546793
CC_F67FFE9E884E,0.2029363
CC_F683C99F06C1,0.10910855
CC_F68523E2CE7A,0.75888085
CC_F68E62F9AA0F,0.027007263
CC_F69604E05962,0.08404787
CC_F6B8913740B3,0.09347858
CC_F6BB4952DD35,0.23692602
CC_F6C0B7AC57B5,0.66583765
CC_F6D2B06E6E8B,0.6603378
CC_F6EB30A84C9F,0.27130324
CC_F70345A4792A,0.112696126
CC_F7068C1F77B3,0.28931
CC_F70B0EA8C0E7,0.06300907
CC_F71CC97FCE83,0.10317777
CC_F722224A84F4,0.6966732
CC_F72D1046063A,0.2604561
CC_F72DAB32A281,0.07525462
CC_F733AA5C0ED9,0.07590663
CC_F74043C1BBEB,0.064443976
CC_F74A31E36137,0.059279688
CC_F756B167634F,0.22352931
CC_F75CBE8E1B92,0.44973218
CC_F761F7EEAD39,0.1600548
CC_F79303D62FCD,0.068770155
CC_F795134B52E6,0.6427862
CC_F79533E83ECA,0.091297194
CC_F79F9A7ED432,0.75843596
CC_F7B2FC73E020,0.044181786
CC_F7CF24594B20,0.07950021
CC_F7D31937AA89,0.04904886
CC_F7EFD378035D,0.33347383
CC_F8014B1E00D6,0.04839828
CC_F80ADE95A7C8,0.06386264
CC_F82E58E476A9,0.11681854
CC_F82EB123CC19,0.2235662
CC_F83088660331,0.12229871
CC_F83C6DF6A815,0.5470851
CC_F8620C4F7581,0.15809421
CC_F869F4DA5077,0.8127496
CC_F86B1C53EAF4,0.26368505
CC_F87B7F26FF51,0.23438473
CC_F8803D1C899B,0.080202036
CC_F892E51AC9DD,0.04902346
CC_F89C185743F0,0.13358471
CC_F8A4D45C3769,0.094285846
CC_F8AD68EA5A16,0.23600805
CC_F8B4DBD0CE8A,0.36423433
CC_F8F3E551F166,0.27320364
CC_F8F9FE2C9B65,0.29750952
CC_F912A50D0DD1,0.16698858
CC_F91B7C2B1AFD,0.10438469
CC_F925251D4BF0,0.38447124
CC_F925ADD60E7B,0.06223014
CC_F9282C144479,0.067203
CC_F92EE3287CC8,0.101629466
CC_F93332608FE1,0.13174574
CC_F94070DE3B81,0.05477708
CC_F94C81428D20,0.24095803
CC_F95DFFDA9B12,0.32516068
CC_F96A53B02447,0.5880399
CC_F96A965CDCB0,0.6300713
CC_F9721FEDBE9E,0.1592715
CC_F97C3E145882,0.2420192
CC_F97C64C64052,0.09220052
CC_F98660A07E6A,0.76320964
CC_F98BA4B13724,0.08453208
CC_F9A3F3A76B1A,0.12092329
CC_F9A8E2B3A703,0.11305007
CC_F9B3E7E7F2A9,0.38208792
CC_F9D7D0B1E4A8,0.63931453
CC_F9EDA4EDDD44,0.05625173
CC_F9F2176B12FE,0.05442087
CC_F9F90E76CA5B,0.112275064
CC_FA0157249C01,0.11656079
CC_FA169BCA835F,0.098928556
CC_FA19B61BCABB,0.15177372
CC_FA1DD203C293,0.32930177
CC_FA2E30269BC1,0.18268004
CC_FA304CE8E045,0.20200568
CC_FA310759A257,0.6227307
CC_FA32397E7B8C,0.103974506
CC_FA33D97B84D4,0.09365155
CC_FA38991B9434,0.04443229
CC_FA4079FFF1E5,0.23577888
CC_FA716665CD8F,0.07549669
CC_FA770268B207,0.14908087
CC_FA7A2F59245B,0.446939
CC_FA8205104EBF,0.0849378
CC_FA8370AF8740,0.05155832
CC_FA858F1025FF,0.13447379
CC_FA86320CF6B0,0.056789424
CC_FA8B341CD3EA,0.26581445
CC_FA9057AAF95B,0.10655643
CC_FA97314C666C,0.05385805
CC_FA974C1D91AD,0.33717093
CC_FAA0E5BC9F44,0.7182783
CC_FAA2694D8578,0.29815143
CC_FAAFFC74BC35,0.72695756
CC_FABA6DCF8E45,0.04331108
CC_FABC53294AC1,0.19336331
CC_FAC52B8E66DA,0.1011025
CC_FAD284D8DAC8,0.8646393
CC_FAE70CA5999C,0.12763457
CC_FAF1CCB40132,0.10664411
CC_FAF93D8B3B59,0.08380408
CC_FB09E5481B64,0.119677305
CC_FB150A1F7C3B,0.1609909
CC_FB1808471515,0.41523263
CC_FB296D823CF6,0.07504287
CC_FB301E1FA7FF,0.04063829
CC_FB33C958A19E,0.38394424
CC_FB40D63FC3D3,0.1413653
CC_FB45A1837AD7,0.10246566
CC_FB45B79CED15,0.10661653
CC_FB52260232E3,0.05738155
CC_FB6A0A7B8813,0.24558112
CC_FB6ED10D82D2,0.0808399
CC_FB78DE84AF05,0.031209387
CC_FB8DF8F93E7F,0.18633787
CC_FB8F89048B89,0.11098151
CC_FB9C3E77A49E,0.11380723
CC_FBA40CEAEA18,0.085955605
CC_FBA998938FE5,0.15912898
CC_FBADBAFCD1B3,0.27112582
CC_FBCB85E21ADD,0.16075233
CC_FBCD00EE4402,0.16977353
CC_FBD40DFBA5D5,0.2755171
CC_FBDECF3DACAE,0.23087622
CC_FBE4E2F652EB,0.20050517
CC_FBEA9510C687,0.29940534
CC_FBED1E2E1CC0,0.14936025
CC_FBF54E48EB13,0.06572437
CC_FC1E279EF320,0.054554015
CC_FC2E1D460089,0.08728561
CC_FC31CBD20CDF,0.14795709
CC_FC41D8134A1C,0.06784916
CC_FC44D7EF257E,0.051314175
CC_FC4A649BDD07,0.242484
CC_FC51BCDBB6B2,0.12572467
CC_FC57B6E79AAC,0.16540965
CC_FC6AA879D9CF,0.12193506
CC_FC7A926F3A64,0.68613374
CC_FC83CB9C71CD,0.04904863
CC_FC9E6D511294,0.13515007
CC_FCA657E69930,0.36051705
CC_FCB451237214,0.78641856
CC_FCC7E51DF812,0.45275164
CC_FCD42ECC012B,0.0559182
CC_FCE8FAEAAEF1,0.1066114
CC_FCFAE9BE2522,0.35638267
CC_FCFDB5DFE5D4,0.09398843
CC_FD24FC7961A5,0.094131336
CC_FD2793DCB5EF,0.12232219
CC_FD2EEF724088,0.12318231
CC_FD3205367675,0.09790562
CC_FD3A21CDCA7C,0.0877368
CC_FD3C4C2FB68C,0.14379388
CC_FD41687DC1A0,0.13587841
CC_FD44B4E31EFE,0.07901802
CC_FD5721556AB7,0.07765947
CC_FD643C174587,0.3504911
CC_FD6BFA30DD9E,0.20754552
CC_FD7C9DD7F11B,0.15251705
CC_FD7F2D90CF8C,0.07640594
CC_FD8C4F601909,0.043976188
CC_FD90B45AA24E,0.114360034
CC_FD95457772AB,0.075116545
CC_FD9D9B58DB1A,0.25408632
CC_FDA918AEB5D6,0.6130127
CC_FDD4C2065540,0.3355984
CC_FDE57A2C5156,0.20094383
CC_FDE9920975F6,0.24095571
CC_FDEC856F9C6D,0.06454304
CC_FDEED2AA92A3,0.3586197
CC_FDF5607ECC1B,0.061705366
CC_FDFED3D7E70E,0.16599263
CC_FE0324F99784,0.14211604
CC_FE0A18D6570D,0.05057328
CC_FE0DACAC84BC,0.24095015
CC_FE16586C9FAB,0.24623293
CC_FE16FBC86237,0.1892921
CC_FE1C808C4515,0.06426617
CC_FE1E64201B9F,0.1100606
CC_FE33D60E29EB,0.037752796
CC_FE3ACE674BEA,0.13819921
CC_FE468E9AA9D9,0.03658617
CC_FE5AA923C220,0.16425522
CC_FE6C777DDC19,0.0692417
CC_FE6DD8C8EC90,0.26540375
CC_FE7A84AAA8F7,0.10393462
CC_FE7DB6B410A4,0.16215715
CC_FE8691B1F3D9,0.07063406
CC_FE874279A94B,0.108814925
CC_FEA61499305D,0.1841935
CC_FEC22B334AC5,0.1444855
CC_FF045F9508F2,0.16193831
CC_FF0EFF711598,0.22764327
CC_FF12F53D5676,0.050513294
CC_FF13D426EC1C,0.16223267
CC_FF16A7C8600F,0.24758887
CC_FF2236DC115C,0.40628684
CC_FF2725428B6F,0.06990746
CC_FF3176D91690,0.12341983
CC_FF393D295D66,0.05372443
CC_FF4598202C5F,0.58583975
CC_FF463A4B3D04,0.24364766
CC_FF4703F7664E,0.049281456
CC_FF86EC3C0851,0.46605498
CC_FF8A580DD831,0.21626349
CC_FF8BD8697ADE,0.13346827
CC_FFA681A2054A,0.05448982
CC_FFB6B2D2BB2A,0.36561444
CC_FFBFA27643F8,0.14342842
CC_FFC81CC80F9D,0.13986355
CC_FFCC9C0763D4,0.10673584
CC_FFD4E33DC920,0.5560938
CC_FFDE11143038,0.075088024
CC_FFEF28047C4F,0.33286107
