client_id,default
CC_0012A082B7B7,0.20788136
CC_0012BC27DFB6,0.15209089
CC_001563B2143D,0.121879995
CC_001B46930B6F,0.10412022
CC_001D771E1C9F,0.049308725
CC_0028BD91E759,0.09563412
CC_0029971D7EF4,0.24020499
CC_002B8C00B239,0.05848616
CC_0035DFA86185,0.76893485
CC_0042D11A6D0F,0.06489147
CC_004D21A4ABB6,0.12734914
CC_004EE05FC2EF,0.51455575
CC_0050E546EDCE,0.6893951
CC_005D7F31F785,0.07143677
CC_0079996ED779,0.18382087
CC_0082B4E1D9CE,0.06610971
CC_00B01C73CEB8,0.15625693
CC_00B74FFEEA53,0.18050656
CC_00BF6791C18C,0.10291346
CC_00C5E30B288C,0.32446167
CC_00C68CE1CC12,0.35097244
CC_00CC4148959F,0.17355235
CC_00D428772D30,0.40558
CC_00D5806C7783,0.08374507
CC_00D5C677C2AE,0.41630924
CC_00DA781C4D66,0.10436932
CC_00E7E2D6B548,0.18974371
CC_012BC0A68DC1,0.07663155
CC_014911033882,0.16140084
CC_014F7EF4E595,0.7085846
CC_016501B25F2B,0.06121105
CC_016767D9B049,0.038077477
CC_017598512EA2,0.119579375
CC_01941532C804,0.1642347
CC_01A66C6E22FF,0.73315674
CC_01A684355200,0.1937262
CC_01AC62740827,0.10423218
CC_01B0EFE5DB79,0.20049489
CC_01B876B2988F,0.23706026
CC_01CBB64C1DB1,0.39355317
CC_01DBD993A1FC,0.068586916
CC_01DC49D55C2D,0.03426446
CC_01EF18A3ADBC,0.37638107
CC_020252D37557,0.15763094
CC_020BCDBCA8CA,0.34723866
CC_021A6DD97ED4,0.15120737
CC_022054506F33,0.07463377
CC_0225D6231EAA,0.06167393
CC_024B524B0176,0.035032537
CC_0256303A6DC0,0.1980524
CC_02589E6E4714,0.07067563
CC_025927626E10,0.76308453
CC_0283023DB294,0.037343856
CC_02903C6FC0C0,0.20344147
CC_0296E572CF21,0.029075118
CC_02999E509460,0.50246114
CC_029E835D91BB,0.067420736
CC_02A32EC3526B,0.11993795
CC_02A393632CD3,0.2841361
CC_02A3E21B28BC,0.7177139
CC_02A4B4644529,0.117256925
CC_02B43865B30E,0.050158206
CC_02B5A1A178A2,0.13892166
CC_02BC4785773C,0.23919661
CC_02BEDD9627DD,0.72946256
CC_02CD2C1EFBB0,0.12792495
CC_02D4430492D3,0.33295828
CC_02F79A06858B,0.10147108
CC_02FA254C9D43,0.03982519
CC_03062402B4EE,0.056011282
CC_03072CF2EC63,0.3014551
CC_0315369B079D,0.11310594
CC_03199242A810,0.20036352
CC_03214BA76DB4,0.2107838
CC_032735A44CC6,0.064856865
CC_0330340F2FE5,0.14150651
CC_033236FAAFDB,0.14377409
CC_0337298F948C,0.047041148
CC_0341CAE5E2E8,0.22481422
CC_03434E2371CD,0.37171873
CC_03547AAB948A,0.22608672
CC_0354D0453D8E,0.09424079
CC_03592E51F427,0.8048032
CC_0365DEB525A3,0.09486991
CC_036782052BC9,0.35266793
CC_036977A50F1A,0.13222429
CC_03720D08B8C2,0.28616044
CC_038AE599BCA8,0.32974717
CC_039E67CDFE1E,0.4096072
CC_03AC962FC717,0.16987556
CC_03B00DFA3A85,0.7955003
CC_03BC6380E968,0.44458795
CC_03BC730E0B02,0.019259106
CC_03BD4F22DA3D,0.12120126
CC_03C7E1EF6F69,0.8028888
CC_03C9FA383477,0.08316562
CC_03D1AAE90CA6,0.05951019
CC_03DBB9598F39,0.124384694
CC_03F18B43797C,0.09884233
CC_03F80118E46D,0.045163147
CC_0405E0151A6D,0.18177576
CC_041FEE6C805E,0.38888973
CC_042F88EE269B,0.19601016
CC_043D98ED7F98,0.18019257
CC_044C3537B769,0.13549563
CC_045932C46685,0.14368464
CC_04629624AA8D,0.17907831
CC_04690B4A6AF1,0.23354283
CC_046CF40369FB,0.11423561
CC_046D6EC816AB,0.4695383
CC_0475CD95EDC9,0.11548593
CC_04796F06B82B,0.12079762
CC_04AC7C1CE736,0.38694015
CC_04AEDD051B96,0.32334402
CC_04B42AD0E01A,0.31761095
CC_04BBD1DB360C,0.27440846
CC_04C767FFDA0F,0.47187522
CC_04C7B819B9B9,0.103015974
CC_04D127A775DE,0.09131571
CC_04D9ED00053F,0.062061753
CC_04E0EFC4F548,0.3231163
CC_04E6848903E8,0.04497577
CC_04F69D03ECE1,0.3003244
CC_04FA1CFA1DEB,0.22004578
CC_04FA6842AC62,0.036820665
CC_0502F3791166,0.26183686
CC_050B514E15FD,0.12209814
CC_051ADBD6D835,0.09535886
CC_051B4644216C,0.08127147
CC_051C0A644DD3,0.019985214
CC_051CBF566856,0.042670824
CC_051EEA9AE819,0.14566973
CC_0520E27BE904,0.18946365
CC_05224448D290,0.1535219
CC_0525DE4744C0,0.039513763
CC_052F5CD81EFE,0.1596383
CC_05368FAD2E6D,0.07972032
CC_053788B82006,0.0978699
CC_05471A48C6F5,0.14010067
CC_056DBA1A87BA,0.07348381
CC_05901F3E7A0D,0.15126336
CC_05906BC8ED3F,0.14309676
CC_059D55E32C78,0.07768126
CC_05A12EF84A86,0.3880338
CC_05A42D035609,0.15542182
CC_05AD75A5CE38,0.06060892
CC_05BBD4B92613,0.49585727
CC_05C8EF6500D7,0.8230259
CC_05DDB7B07497,0.08115592
CC_05ECAE6E0774,0.24477135
CC_05F11F14DF9E,0.3326345
CC_05FA9192590F,0.1232098
CC_05FD764FB154,0.8102733
CC_0608DBB4DF03,0.24897295
CC_06198383F6D4,0.08423374
CC_06199EBE2B05,0.1557016
CC_062A8881A331,0.06391055
CC_062F74350907,0.043615274
CC_0635AD30F004,0.8283812
CC_0639F539946C,0.3272777
CC_063DDB42CF5C,0.06770055
CC_06405C00E240,0.26537198
CC_064920FC9DAC,0.055829372
CC_0650AB329174,0.84934664
CC_066941B109B9,0.15863422
CC_066AA16F5874,0.32873923
CC_06732311FB8B,0.15378152
CC_06780061F889,0.117173865
CC_068A81B06B74,0.39935103
CC_06A1C5FE269B,0.2797355
CC_06AA7138DAF8,0.04199406
CC_06C0DD0D066E,0.73040503
CC_06C97CFBD476,0.1993783
CC_06D15F523C05,0.22633268
CC_06D35787AD65,0.051054884
CC_06DA375201A2,0.07323788
CC_06DB455FF19B,0.6189473
CC_06F3674E7313,0.4131755
CC_070232DF9996,0.109000444
CC_07141FA77DBF,0.124915674
CC_0715F11CC8CA,0.28175688
CC_07168A9C843C,0.20836739
CC_072AB9F855DD,0.038181163
CC_07337AF6AC2A,0.11054453
CC_07434E4E5C28,0.07381853
CC_074381358A2C,0.027467616
CC_074E7CA75E8A,0.25980425
CC_075D0C618BAB,0.2658433
CC_075D804F7851,0.101588495
CC_0765961D818F,0.2833692
CC_07698F10563E,0.07431092
CC_0773B9BA9E18,0.35590726
CC_0784ABDA7F8C,0.1769406
CC_0790C9F9EC9C,0.06980256
CC_07A996E6CA6C,0.30638248
CC_07B588ED677A,0.16403253
CC_07B730FD7F82,0.13309757
CC_07BE6961D039,0.07171625
CC_07D23A6BAF5C,0.13086477
CC_07E08196A3DB,0.044671003
CC_07E4850039B3,0.08178557
CC_07FAAF8B2D23,0.04450862
CC_07FB3FD9BE0B,0.118817784
CC_080CB94A724F,0.31826952
CC_0837C56711FE,0.09035506
CC_084100A049EE,0.056946892
CC_084113D0951B,0.25922787
CC_0843DDCDD601,0.65566313
CC_0846C14EAAFE,0.045682486
CC_085091ADED2C,0.18227671
CC_087943B4A5D2,0.14793906
CC_08A97B98C405,0.16045609
CC_08AA321BC4AD,0.16866653
CC_08AA44ECBDD5,0.07931657
CC_08AE2EE9D798,0.19500066
CC_08B149462891,0.17718387
CC_08C71A8D2D58,0.04873857
CC_08D645F7B257,0.04544335
CC_08D80BF0B273,0.06224172
CC_08F52B1BE431,0.23197399
CC_0903571AC7E7,0.1506819
CC_090D528C09D0,0.42639965
CC_09106BA6CFC9,0.06930039
CC_0915905A5D48,0.073566526
CC_0918F67CDF01,0.16035554
CC_0925D0B6276C,0.15240388
CC_092A2830E36A,0.78042245
CC_0951489C8F79,0.045816675
CC_0951FA4D5513,0.101534106
CC_095C712064EA,0.080193855
CC_0969AA7BEC71,0.09640686
CC_0974840BED49,0.73539436
CC_097BD371F652,0.08018291
CC_097C8139DBD1,0.05155163
CC_0981CA4DBCE0,0.02520116
CC_09A5D2F129A4,0.23343848
CC_09A9BE38080D,0.08720872
CC_09CDC42E000B,0.15818089
CC_09D8DBAB2A42,0.08658435
CC_09EBB1960580,0.04714716
CC_09EBF206FEE6,0.21810983
CC_09F2AE996181,0.07144204
CC_09F45833F53F,0.12916768
CC_09F4F5C5B4EA,0.7735292
CC_0A04BF4005F8,0.16841647
CC_0A0E563D1060,0.08850481
CC_0A0F781A999D,0.15175055
CC_0A1138C37BC0,0.14243157
CC_0A334A16524B,0.06064386
CC_0A359CD5D73A,0.054454707
CC_0A3E2C273DB5,0.06751932
CC_0A4705B1E08B,0.058849074
CC_0A67EB7C5282,0.14418302
CC_0A6CD64871E5,0.38688436
CC_0A75643FDC7B,0.0653632
CC_0A8066F501AC,0.04406564
CC_0A83017D027D,0.2315636
CC_0A9AB7441D5B,0.33465087
CC_0AAA72FA148E,0.34602568
CC_0AAC488C8AE4,0.44497612
CC_0AC2DB82398C,0.3188966
CC_0ACA2C49A497,0.121851586
CC_0AD4BBEA75ED,0.048400994
CC_0ADCD6553B8C,0.057836317
CC_0ADE56B56C41,0.040866878
CC_0AF4B5B4162F,0.72312206
CC_0AF9BD814AC7,0.10224304
CC_0B083BE0FEA3,0.10921401
CC_0B1384331163,0.057223856
CC_0B216C6AF0F2,0.020501602
CC_0B3465DB0684,0.5940391
CC_0B442B91679E,0.14549008
CC_0B455175F494,0.1166229
CC_0B4C01B4002C,0.23544985
CC_0B544A526D6C,0.06028045
CC_0B5B19AFCD18,0.04614222
CC_0B5BD2D224BF,0.07010382
CC_0B6407C2C9BD,0.1678959
CC_0B73F59991EE,0.061113764
CC_0B7579216681,0.09344368
CC_0B7F3B4B32C1,0.25063092
CC_0B830A67900A,0.10650872
CC_0B84250F96B8,0.19729133
CC_0B92212B8E27,0.2947416
CC_0BB43BC4B3BC,0.11411424
CC_0BB992973640,0.061271302
CC_0BBC41297846,0.084790766
CC_0BDDB468A1E0,0.24955982
CC_0C00A631C2B4,0.08151783
CC_0C011AF6C857,0.35938936
CC_0C0459AB67DE,0.12737066
CC_0C18B07E451D,0.0972243
CC_0C19EB845CA2,0.22979796
CC_0C1A736F37CC,0.08200179
CC_0C335C9D86F7,0.78540784
CC_0C4C24D066E9,0.14892624
CC_0C5499989AF4,0.15702218
CC_0C95548CC1BD,0.14202964
CC_0CA2DE660B41,0.22593786
CC_0CA6D8CFCF2B,0.24272221
CC_0CA9DF9C5C15,0.06656738
CC_0CA9F52C92A8,0.18597367
CC_0CAFB6C41CE7,0.11117124
CC_0CB27D5313F1,0.55238575
CC_0CC9DDDB8B44,0.056942806
CC_0CCA18595BA5,0.24329254
CC_0CD90568D3E6,0.18303214
CC_0CE0D56B0584,0.11120482
CC_0CEA028BF961,0.2594257
CC_0CF67D68AF16,0.33353904
CC_0CFAA0FB0691,0.06106075
CC_0CFFD2785D2D,0.08698206
CC_0D28AF91CE97,0.11767864
CC_0D34E55A580B,0.08067147
CC_0D3663B6524E,0.729095
CC_0D3C2864ACD2,0.3533816
CC_0D5F4BE8132C,0.1961792
CC_0D6D5ACB0889,0.23258175
CC_0D7BFE8CC0D5,0.1224242
CC_0D8852AAB481,0.16974068
CC_0D97EF394C79,0.37740004
CC_0DA8FDDE6DD0,0.05525809
CC_0DABB89E37CE,0.08713107
CC_0DAF0F2FAA86,0.09300007
CC_0DB9E5F8EDAD,0.08149655
CC_0DBC64F88C05,0.17457138
CC_0DBDF018E822,0.06872708
CC_0DC31A5A1096,0.050040413
CC_0DC3870F23D0,0.044790246
CC_0DD39F5D7C0D,0.05329073
CC_0DDC2C18BBDE,0.06321161
CC_0DE09CAA93E5,0.14326055
CC_0DEA4477FDC1,0.1280616
CC_0DED63EF6639,0.20723878
CC_0DED7DBF26F6,0.25556412
CC_0DF01CD21B9D,0.17592174
CC_0DF6A478C01B,0.19809648
CC_0DFE1A3FA5AE,0.16258818
CC_0E07D5FB24B2,0.11995067
CC_0E0CD9F23A5F,0.807195
CC_0E121FCB1D47,0.08304234
CC_0E1423A4C263,0.1766609
CC_0E16883EE8E6,0.32340762
CC_0E1A2BA1C545,0.209901
CC_0E2B52BBA69B,0.085075326
CC_0E40BAFC3530,0.18335372
CC_0E48EE235179,0.06600481
CC_0E4FA0FB9797,0.5946047
CC_0E5162F59924,0.7592998
CC_0E5E2FCAC8C2,0.31011304
CC_0E68C2BE2A75,0.11928632
CC_0E6C5A8D8CE4,0.1291045
CC_0E6E9B0E674E,0.098503806
CC_0E746EAD6CE9,0.07424381
CC_0E968E7C22C1,0.38803315
CC_0EA1483F50A9,0.1708963
CC_0EA81362C7D1,0.16387792
CC_0EAE97520873,0.3483725
CC_0EBCF4228FF2,0.4912524
CC_0EBDEFD0BDC2,0.07320533
CC_0EC6AEDA63EC,0.26110837
CC_0ED61DD76795,0.10083599
CC_0EE33B1B71D5,0.15003355
CC_0EE7EFF13EBA,0.055665758
CC_0F0F136B0991,0.16631962
CC_0F0FAF218BCB,0.057310898
CC_0F125B48F175,0.13873318
CC_0F292A238627,0.12333235
CC_0F2949A1746E,0.10103482
CC_0F2B71163121,0.069625884
CC_0F393F1DE2EB,0.06743759
CC_0F41B187053C,0.3876862
CC_0F52EDC9D383,0.13129441
CC_0F62C4F36236,0.10954609
CC_0F6A29CE5D45,0.16888289
CC_0F7C0515A6CF,0.18189862
CC_0F8D6C89202F,0.20045368
CC_0F933684CC08,0.14055902
CC_0F9BA54F2AF6,0.045917403
CC_0FA06CE7FAE8,0.044691414
CC_0FD25AA655DA,0.11843063
CC_0FF5570E06EC,0.7306516
CC_10197FE0E34B,0.70525813
CC_10355B5718CD,0.12608795
CC_103A9D18EC12,0.16377561
CC_1040DB6A21EA,0.107714266
CC_104D2B84FC4F,0.042817056
CC_104EA2802A11,0.100565426
CC_105777B1BF91,0.056957126
CC_1059F1B6C0C3,0.09571457
CC_1061947FDD14,0.06805686
CC_10689257E68C,0.30888343
CC_106BFCFA7D7B,0.024864916
CC_108FA04AC10D,0.07801242
CC_1092915D0093,0.12622873
CC_10A30F88E157,0.18102124
CC_10A657027AC9,0.74989927
CC_10A6EAF27BF3,0.048452884
CC_10B148BED568,0.3902229
CC_10BB7101F191,0.022741145
CC_10BC5BC3A9AD,0.36784306
CC_10F27C70AB99,0.11190265
CC_10FADDF63CDC,0.18106274
CC_1107D9301AA0,0.09655842
CC_111A6DE5D9C7,0.70162827
CC_111DC3B1756E,0.30423963
CC_1131156CC6F6,0.18198219
CC_113B66D5D5D9,0.12804417
CC_1143254EFF36,0.048929147
CC_1145E5277FA7,0.35302243
CC_11521077BBB0,0.13757147
CC_1154861ABCCB,0.5263719
CC_115BCAEAE2A0,0.08990773
CC_115BF13E8BFC,0.21744192
CC_115EBE5044BD,0.37042564
CC_1165AA07FC47,0.7000489
CC_116EE8219753,0.05056538
CC_1176FA3233B3,0.061671972
CC_117C2A1587ED,0.08982334
CC_118C0A1D14B2,0.21515289
CC_118ECB589F3C,0.113541335
CC_1190F13FB1FC,0.12915996
CC_1192EEC65A1E,0.21017992
CC_119B1FEC4D83,0.24637756
CC_119C413C2580,0.11444595
CC_11AB74142A2E,0.76710486
CC_11C8A291FD11,0.17894508
CC_11D1E9C39E41,0.06095864
CC_11D600EE1BD6,0.17637299
CC_11D7539AC69D,0.21852736
CC_11D78BB50016,0.12006581
CC_11E0C583685C,0.07416047
CC_11E0D2F15AA1,0.03644771
CC_11EDFE67C719,0.70450276
CC_11EE85F284B8,0.2258904
CC_11F700202C6D,0.14913785
CC_11FB668DF543,0.10898545
CC_1209FA26609D,0.03542042
CC_120CA1B916D0,0.12293178
CC_1210186F4D33,0.060622614
CC_121F621374FC,0.2141603
CC_122532C1FBCB,0.11901695
CC_122B19CBC88C,0.71233743
CC_123C7F0111C7,0.65902233
CC_1241EE42F174,0.15481052
CC_125B7100F1DD,0.12277837
CC_1263B255B3B5,0.14964224
CC_12878596E940,0.08429185
CC_1298ED71A9E0,0.065046534
CC_12B555C6F086,0.12108627
CC_12D22C629874,0.19085233
CC_12DD89EA0C14,0.17295386
CC_12E24CDE2684,0.18534806
CC_12F3B7309455,0.55515975
CC_12F8E7A4BBE5,0.35286427
CC_12FDEAE4873F,0.2373348
CC_130F7B067939,0.34736422
CC_13209EDC85EE,0.6795824
CC_1332B6F0E543,0.19260351
CC_1334E256AEBC,0.6751662
CC_1337726B2AE6,0.08867249
CC_1338237BF402,0.19362663
CC_1341DF38D9C1,0.17525464
CC_1342F868176B,0.64211386
CC_134651CCD2F8,0.13705994
CC_1363E3090578,0.048168547
CC_13736493B695,0.055962197
CC_1392DE633D4C,0.20059906
CC_139ED2E0AD76,0.07699545
CC_13A5383EA098,0.66112614
CC_13AA272C6861,0.06721697
CC_13B74E4EE3EF,0.21171027
CC_13C437E86B81,0.46960455
CC_13D61B077E7C,0.08681433
CC_13D7115A8FCC,0.19649193
CC_13DFE319B21E,0.75918233
CC_13E0F0B3FAE6,0.24927458
CC_13FD88C2920A,0.72987515
CC_1401CB818627,0.22762963
CC_140B86E74F74,0.7945785
CC_1452A0B69085,0.031089589
CC_1458CA7329A7,0.244027
CC_1459E7125AFB,0.10161304
CC_14633EC7F622,0.34129378
CC_147B1B30DE7F,0.110207014
CC_1484511F54C5,0.30613446
CC_1489A941A69B,0.28204152
CC_14A8B16706E9,0.08874281
CC_14BE52BADB77,0.09311611
CC_14D53413FBCE,0.34616864
CC_14D59B58E51E,0.22405906
CC_14D964327B1D,0.06859052
CC_14F5D06CF093,0.13686909
CC_1501D63D5A80,0.38567737
CC_150E3A0E5084,0.18715248
CC_15152312AC56,0.05644371
CC_1522BA0411C3,0.059623197
CC_1534B0241A1B,0.04934477
CC_153BE2BEB74C,0.14614402
CC_154BBCD4DCEA,0.24436407
CC_1552EC27FC0C,0.71630824
CC_1566BFF4BCDC,0.30311373
CC_1579BD86A63D,0.28103837
CC_1583CFD90530,0.27700773
CC_1584385F38C8,0.048049517
CC_159656F13BE8,0.10976401
CC_159B6F6AAF1E,0.083561085
CC_15A4934FD96E,0.11595986
CC_15B2140CE869,0.090810835
CC_15C0972DE384,0.642903
CC_15C0E30FF2DC,0.16902949
CC_15D617FAB434,0.06360004
CC_15DA0F4FFF0E,0.3269418
CC_15DAE76D15DF,0.066261806
CC_15DC7C139EBC,0.36227888
CC_15EB741857ED,0.068381555
CC_15EC51F4C521,0.3004748
CC_15F6259C7C53,0.051549997
CC_15F7C012E10D,0.5014336
CC_15F7C1BEC28F,0.1990781
CC_15FF58854AEA,0.2294655
CC_16035CDDC2F6,0.12640171
CC_16095572722B,0.05771599
CC_16109F1CE0A6,0.29899484
CC_16150E74E4DA,0.18484855
CC_1629E47AFBA5,0.089634284
CC_162F4582D06D,0.7514692
CC_163194DFEDDA,0.050017435
CC_1640F01B7730,0.11516614
CC_16460554039F,0.021250272
CC_164D308CDE41,0.28580058
CC_1661041F819B,0.7363875
CC_166829780A76,0.13405058
CC_16798666E855,0.09531768
CC_1684B5493414,0.2213802
CC_168A8907C8F4,0.06289204
CC_1690EC56D088,0.06457809
CC_169853EEAB4A,0.10907801
CC_169B7FD839BA,0.14343517
CC_16AED1A3008A,0.16026635
CC_16BAC7837C73,0.146989
CC_16D57E1EEA01,0.13726348
CC_16D833E56D7A,0.17332543
CC_1702487A047B,0.1544933
CC_17029F78E70E,0.0447163
CC_1702F3E986AE,0.065542825
CC_1707181BB559,0.03783064
CC_17117BF03935,0.3273604
CC_1723E40C3D40,0.1768889
CC_174FBBE9ADD9,0.18492275
CC_176E6E58FD1E,0.12528157
CC_1783F37259BE,0.08609351
CC_178B135605CA,0.09572266
CC_179AA5165026,0.3018755
CC_179DBA1C4CDB,0.32482797
CC_17A1090B69C9,0.07585992
CC_17AA1A4C904D,0.18414919
CC_17B06C06FDC1,0.17641547
CC_17B89AC1FD03,0.17650867
CC_17DC33AA73F3,0.08079056
CC_17DE4D267831,0.10147694
CC_17E929BE0344,0.30490732
CC_17EB83DECE5E,0.4605458
CC_17EC9982E5A6,0.20549399
CC_17ED5555B4FD,0.24955362
CC_17F4292DAF8D,0.12727538
CC_1807B0980C86,0.09263408
CC_181354A58B53,0.09211919
CC_181E7266E018,0.09153986
CC_182AAE7CC3CA,0.5352868
CC_183EDEDC5DA7,0.106954925
CC_184C47552665,0.2627447
CC_185A7392A475,0.28191647
CC_185FEFD3233A,0.37750027
CC_18676FE5FC07,0.0822539
CC_18776C4FDE28,0.07887373
CC_187A8AECEFBC,0.17525207
CC_187E7D0B4E82,0.73485434
CC_18839D393105,0.14754853
CC_1888476F6CF3,0.08728664
CC_188B1ED2AAA5,0.33533528
CC_18A4257C3172,0.2597145
CC_18A7929D9FC9,0.27041182
CC_18A8695F185E,0.093975194
CC_18ACE64E8F74,0.18931368
CC_18BF4A29BB38,0.11466414
CC_18DE36F7D294,0.14955144
CC_190EB07AC1FC,0.12074445
CC_19219F2C60B7,0.12472541
CC_192262DB0B0F,0.09258571
CC_1929746E06CD,0.6397557
CC_193356E72D61,0.69735545
CC_193938E8EA40,0.16580744
CC_193C60092202,0.52922285
CC_193F669537D1,0.1690363
CC_194E13150BE5,0.04366463
CC_19556DDCCDB3,0.036697607
CC_195A6E9B48A2,0.14191535
CC_196DEC616B33,0.13338897
CC_1978B23D64A8,0.101632975
CC_198562A4BD86,0.15162903
CC_19864C9572BC,0.17423941
CC_19868B6887C9,0.14771661
CC_19969E05AB2B,0.1763034
CC_199FC89885C7,0.11686191
CC_19A40411B404,0.18434519
CC_19A6D9B60B29,0.5794972
CC_19AAB010550E,0.06545814
CC_19B4743DFEEC,0.06282765
CC_19B95A61D757,0.16531587
CC_19E6A00F6A5B,0.08671398
CC_19E8DEC29F47,0.60552186
CC_19EA54976042,0.17845131
CC_19FBBEA75B7F,0.17121026
CC_1A039E58840A,0.048582252
CC_1A075331756B,0.1391807
CC_1A1E1302C432,0.18077816
CC_1A37690EAEDB,0.137239
CC_1A3BF9F5BD42,0.13383523
CC_1A4268FEB02E,0.15548056
CC_1A5F8618A912,0.30418962
CC_1A659D4D521E,0.3190743
CC_1A879655902A,0.078492664
CC_1A9F6DA46BC2,0.1347175
CC_1AAB15E81743,0.031736262
CC_1AAC389EF8A2,0.30512634
CC_1AAD0CE365D9,0.11518004
CC_1AAD9152C90B,0.04313429
CC_1AB15BDA9296,0.068020254
CC_1AB8BDA3041B,0.3519475
CC_1ABB9CB074E2,0.79739845
CC_1AC1B1A3978D,0.071412794
CC_1AD20D1F9C08,0.7083932
CC_1AD881A90D1A,0.2969731
CC_1AE9811724DD,0.67779374
CC_1AF1AAAB9D12,0.79960257
CC_1AFCC4D0ABD4,0.14416859
CC_1B08ADAFD1C4,0.17227389
CC_1B10139C7917,0.11288608
CC_1B127133B948,0.15102302
CC_1B25964EA376,0.14056657
CC_1B27A85C7244,0.18622723
CC_1B29F4378A34,0.12151717
CC_1B2EC0BD0677,0.37877592
CC_1B4AAF37FB97,0.09080971
CC_1B5E792F6E6C,0.2241721
CC_1B7166DAA790,0.119836666
CC_1B89FD901C95,0.08312287
CC_1B91E3A70338,0.0686177
CC_1B9D9B7184F7,0.14810677
CC_1BA3FDD92B1B,0.0545001
CC_1BA9B3D67170,0.14896066
CC_1BAF97E2BCF2,0.08530621
CC_1BB7D8A54021,0.096330814
CC_1BD548A5FEF3,0.13775897
CC_1BDF1893ECEB,0.19581755
CC_1BF117A8AF9A,0.075099744
CC_1BFA7E407428,0.727999
CC_1C0066F472E4,0.73573655
CC_1C09CC2385AF,0.06801022
CC_1C11467AB472,0.69810224
CC_1C1627B7EE6E,0.04311839
CC_1C3259B85E28,0.13378264
CC_1C334ED885FA,0.03421677
CC_1C376760FE39,0.08157963
CC_1C39A1ADF3F2,0.175538
CC_1C450FC77478,0.13085863
CC_1C48409023DF,0.47539365
CC_1C4D03324C60,0.27621678
CC_1C5F1E1028DB,0.046201788
CC_1C6681C0AA7A,0.80185795
CC_1C84CFE19CDC,0.1985017
CC_1C8B3F689C6D,0.2510114
CC_1C95674B902D,0.034053754
CC_1C9A4C11F28F,0.13955675
CC_1CA3F50BABEA,0.08219558
CC_1CBF42D35AED,0.6208506
CC_1CC11BEADBD5,0.11748587
CC_1CC3CE396A8A,0.22660394
CC_1CD2B13C2E6B,0.09619093
CC_1CE0B37CA670,0.108139895
CC_1CF5A99FC068,0.14568633
CC_1CF71AEB6671,0.09793979
CC_1CFE066F5EE4,0.18377343
CC_1D00B360809D,0.07174859
CC_1D1173F82F2F,0.10933901
CC_1D1E06E0B393,0.22085348
CC_1D2789866B1B,0.08375793
CC_1D2DD7DF781A,0.24254976
CC_1D313498A2DF,0.19147523
CC_1D68396533F9,0.3107804
CC_1D7235BA1EAF,0.19248971
CC_1D7ABAF9D080,0.0430628
CC_1D7FA51D0D7D,0.47866428
CC_1D8CFB3589AE,0.05470064
CC_1D9421A6EB19,0.33846948
CC_1DA0AC68719F,0.27146032
CC_1DA366D588B6,0.09336203
CC_1DACBFE0296C,0.10086385
CC_1DBD6A716910,0.636502
CC_1DCB75B5CBDE,0.35380813
CC_1DCDADBC0E90,0.40129453
CC_1DD11FAF43E8,0.14122324
CC_1DD8064E71C7,0.2397496
CC_1DEC926EE25C,0.115038
CC_1DECBAE4FC5B,0.059357494
CC_1DFF80E6D4DF,0.05699044
CC_1E025C3597E7,0.28985703
CC_1E082052CCBA,0.67471635
CC_1E0E30441DD1,0.19065519
CC_1E20E200611C,0.116792664
CC_1E354C75EB9B,0.028239923
CC_1E3B2C15EBCD,0.16575694
CC_1E4DF11FAF55,0.12693197
CC_1E4FE60DFD8D,0.7180392
CC_1E5A648D299F,0.23557931
CC_1E6C0A8B3841,0.6758051
CC_1E7FA6E807A3,0.19689034
CC_1E93F760EC93,0.23706076
CC_1E99F40FA03E,0.09251449
CC_1EAD09DBC23F,0.21511973
CC_1EB3D53252DB,0.2563979
CC_1EC889E04D69,0.09148763
CC_1ECCBF6853F6,0.53379816
CC_1EEC4520436C,0.14133467
CC_1F2827DC99C0,0.18829614
CC_1F2C184C5227,0.07380544
CC_1F3FA8091B02,0.13763456
CC_1F4E07BFDC8C,0.04663296
CC_1F4E0E9B54BF,0.06852323
CC_1F55738A6A27,0.39035374
CC_1F65276D0EF8,0.11648473
CC_1F65C797BD40,0.045344435
CC_1F668C0AE868,0.07819297
CC_1F6B19A04BD8,0.052736517
CC_1F945A60367E,0.4483028
CC_1FAB6F11DFCA,0.71123046
CC_1FACCCE95224,0.27821878
CC_1FD010E5EA82,0.06470548
CC_1FD2B7BCCD20,0.70326245
CC_1FDAEC3D5CBB,0.09737787
CC_1FDC65FE3DBE,0.14984553
CC_1FE696D8A81B,0.07206077
CC_20027685F59C,0.7731821
CC_2009F3D77774,0.11579121
CC_200C552C40F3,0.14120093
CC_201459527065,0.12957077
CC_20275029A688,0.053050827
CC_2028DA597C34,0.25069538
CC_204E557E5046,0.37175697
CC_20542CFCFB39,0.04986282
CC_2060F813C9B2,0.23871833
CC_20813A9A7F71,0.14529559
CC_208429A11E2F,0.15748823
CC_208B0FE7CBAD,0.11072932
CC_209A511030A7,0.023117121
CC_209DD60421B5,0.07188072
CC_20B26D646D62,0.16084637
CC_20C47966B174,0.2088741
CC_20CFE9681E4D,0.07546879
CC_20D4DB0F3E3D,0.050610803
CC_20DD84CE3CA0,0.08247068
CC_20E57CA675DA,0.6614321
CC_20F129FFBE00,0.23741627
CC_20F4E0F62D2C,0.07675088
CC_20FEE0B2130D,0.55967677
CC_2111B298C212,0.099131025
CC_211315AD7633,0.26712817
CC_211504721E27,0.11663386
CC_2119919BCB4F,0.69657075
CC_21375C9ED931,0.24060427
CC_213D2A5355FB,0.22760075
CC_214B50E48E94,0.15594442
CC_215F86D986BA,0.11733315
CC_21600308F496,0.0358244
CC_2166F3F6344B,0.13547187
CC_2168BBB42053,0.12199471
CC_217030CE0127,0.04535102
CC_2179067B405D,0.037842836
CC_219B59B67193,0.19710697
CC_21A9E8DB58FE,0.19261579
CC_21AE679C5E95,0.2367474
CC_21B98D13174C,0.1070952
CC_21C81BC15002,0.12302816
CC_21C9B26CFEA3,0.08546947
CC_21D22081A4CA,0.73300576
CC_21D29CD736D3,0.324
CC_21D3CEAF838E,0.16772954
CC_21EF792A3811,0.552644
CC_21F04E996723,0.42916745
CC_21FB6C8AB8BF,0.4367453
CC_22067686F6C4,0.6804537
CC_2207A39B7BB8,0.13033904
CC_221053121AAB,0.21811566
CC_222423774191,0.0715136
CC_2230EFBC99AE,0.3406728
CC_223BDED2A465,0.24473523
CC_223E3CA7A07F,0.17460507
CC_2250B42E48B2,0.114110366
CC_225935E43583,0.13229178
CC_22781E93CF84,0.15233605
CC_22784AF3CB6B,0.44438967
CC_22831690395E,0.1751127
CC_228E6CBCC935,0.6047886
CC_229338EBBA6C,0.0814756
CC_229A63057E54,0.41191864
CC_22A2D8A4B437,0.08888418
CC_22ADE1EE9BC7,0.13131173
CC_22B69E7C415A,0.042212006
CC_22C590B43FEF,0.3302742
CC_22F06379D8FD,0.033658344
CC_22F282264A1D,0.12291877
CC_22FBF5F0E1C0,0.22593325
CC_2302088175A3,0.2976344
CC_230672EAA654,0.02442092
CC_230870B121F6,0.14215808
CC_230A051B2B3E,0.060954925
CC_2316F57AFB7A,0.07391048
CC_231D091FCD1D,0.063966095
CC_231FDED1781F,0.27365372
CC_2320053D1183,0.052925922
CC_2320AF507566,0.21173902
CC_23321FF41C3D,0.24121876
CC_233470D6BE72,0.65006614
CC_233C8EBC95FC,0.34556818
CC_235F99F13500,0.11800696
CC_235FC02CA52F,0.18825375
CC_236C80CAF53D,0.20396851
CC_236E7222D97C,0.07637483
CC_237B86FDC93C,0.07648403
CC_237E7EB2D7D8,0.09851354
CC_23830081EE1A,0.63435495
CC_23894AAA08DB,0.5000703
CC_238CBFD6E20C,0.33697307
CC_2392A4A79C9E,0.037228726
CC_23A474D43C73,0.18907946
CC_23A9CC59BA0D,0.020880224
CC_23B158D8306A,0.13755286
CC_23D147F1870B,0.21773176
CC_23D2E73DCFCF,0.14126542
CC_23D9103D1EAB,0.022757595
CC_23E142182F2F,0.6243191
CC_23E43713A108,0.041313365
CC_23EF2911610E,0.4236664
CC_24056B76BD7D,0.051640328
CC_2416ECE66177,0.108631626
CC_241E65816FC2,0.066091396
CC_241F7E97FBDD,0.07533849
CC_24217201D7A1,0.3456663
CC_242301FCCE50,0.060466107
CC_242C69CF0B12,0.108509906
CC_243B23702DC1,0.17174539
CC_2456B9C796E4,0.121186316
CC_2457D89CB88B,0.6335313
CC_24667210E2AF,0.23002362
CC_2468D206CAEA,0.054718725
CC_2469630A4F86,0.31487912
CC_2469D83D9594,0.034284957
CC_248C65EF54A5,0.68635803
CC_24BCCA7941E8,0.10663654
CC_24BDC1CE2A3A,0.21609835
CC_24BFCCDF957C,0.047806367
CC_24CC8A1B1CB7,0.13308041
CC_24D4B1852554,0.20799735
CC_24E65FA5A32E,0.14146887
CC_24EF3EDB6857,0.051820975
CC_24F15A19D648,0.16641293
CC_24F2410B5A19,0.1201994
CC_24F27E7DE1C6,0.56735224
CC_24FFFD0C983B,0.031526346
CC_2504E9D5D5E4,0.16328746
CC_250F6A0DB62D,0.059276264
CC_2520E13DF0A2,0.73077756
CC_2539C315029D,0.26800168
CC_25519ED78507,0.1979352
CC_255D49296DB6,0.12135858
CC_255DC60FF5BD,0.05756276
CC_2563C9EF9D55,0.060529254
CC_25756EB9651F,0.1408921
CC_257CC46D379B,0.40279767
CC_258D5F80A933,0.6610522
CC_259D87270257,0.20190835
CC_25A41AB21C94,0.27229995
CC_25ABCDCC8B71,0.102454215
CC_25AF0D0569B5,0.09274957
CC_25B61D393144,0.12981245
CC_25B95D7288CB,0.37920022
CC_25CE2F2F13BE,0.22330576
CC_25D1A5971976,0.29724014
CC_25D411B46F00,0.74613863
CC_25E7A2DC5E41,0.059272617
CC_25F4C8E51AC2,0.47378018
CC_260323EFB122,0.66606075
CC_260F10484312,0.047764882
CC_2610D0F1D0A7,0.17052245
CC_2615866F35A2,0.10935009
CC_261DA4E8DBEB,0.13663076
CC_2628F00B0745,0.33643886
CC_26338E9AD15F,0.13836844
CC_26346B99BDBE,0.62479645
CC_26351DBC1AF6,0.113643885
CC_2637397AA3F3,0.6150805
CC_26675C32611C,0.7934975
CC_266E49E49071,0.18246552
CC_2696368A4DC6,0.02267006
CC_2698641B68A5,0.12126424
CC_269C5AE6A1A3,0.675599
CC_26A06AD1206C,0.73576987
CC_26A358B0C10F,0.20367746
CC_26B07CB02EA3,0.60223305
CC_26B638BEA8CE,0.12009337
CC_26C33B649FC9,0.06383613
CC_26D5B969A36F,0.30688545
CC_26E3A1226C2D,0.13896388
CC_26EEA3F0224A,0.24304284
CC_26FA5E5A718C,0.13207608
CC_26FE119D4919,0.080534205
CC_270B462BAEF3,0.039390795
CC_270D929FEA9F,0.078647576
CC_2731AD82BA11,0.14922428
CC_274144AE3E86,0.15685228
CC_274AE6E82879,0.1865708
CC_2757A490C5E1,0.07891478
CC_2766F6011BD0,0.36767495
CC_2768E644C697,0.06619353
CC_2770DF70328D,0.06630445
CC_277503968C44,0.61425287
CC_277CE974AA8F,0.34723273
CC_277D246E39B9,0.24553773
CC_27A1CC725B7A,0.07352062
CC_27A798829CA8,0.74280316
CC_27C938FC8DC6,0.49059418
CC_27CA2D819E7A,0.048880674
CC_27E3712F0E38,0.11723827
CC_27F3B3F43FF9,0.042037014
CC_27F9832EAB8A,0.4971312
CC_2809CC131F3A,0.65662646
CC_2812523510C0,0.17669086
CC_28151C75756D,0.04093606
CC_28203CC976F9,0.118006654
CC_282AFAE06F96,0.07585181
CC_282C2404F4C0,0.08602525
CC_2834BA2F19FC,0.18702777
CC_28432E22F47D,0.5600941
CC_2844882CC439,0.06362919
CC_284F79726032,0.42170957
CC_28544783AB15,0.5034347
CC_2856104729EA,0.71937394
CC_28625CD86761,0.19520175
CC_2866BDB46FB1,0.09203695
CC_2872415C6B36,0.07452694
CC_28752737647D,0.62078846
CC_2875C281EE88,0.0426396
CC_287E3E9EDAC9,0.070667915
CC_288A2C49D62A,0.05960434
CC_288FA8CD819C,0.164099
CC_2891894CCED4,0.06383932
CC_2895608A9699,0.1325528
CC_28A2EF7926AE,0.65326023
CC_28A7DBD2B710,0.19936669
CC_28AD81DF2C51,0.17317802
CC_28AEC29CEC25,0.16507082
CC_28C1C3DF7928,0.09649573
CC_28CA76962EC8,0.18007295
CC_28CD47803B6A,0.08808096
CC_28DF569DBBE5,0.08781733
CC_28DFE611C657,0.09077192
CC_28E11E6A6C8D,0.15315826
CC_28F58ADC7CBC,0.10095057
CC_2916479EBC84,0.18847062
CC_2917C6CB0B2C,0.13964894
CC_291C7830D4B5,0.37181503
CC_291FE1744E5F,0.07518933
CC_293124F1ACD1,0.14661883
CC_293C2D704AA9,0.34587714
CC_29432A6B2555,0.10711877
CC_2944B427406C,0.20516093
CC_29468B7035D6,0.10114317
CC_294A9A24E473,0.07132551
CC_294B94EB0E07,0.1795019
CC_2967C29E4C3A,0.13751495
CC_29716D5835F4,0.17005272
CC_297179FF2BCC,0.3989704
CC_29803690C939,0.16907741
CC_29821539DC4D,0.1534094
CC_2983C1D2A273,0.17232794
CC_298CAC5A1868,0.6242636
CC_299EBE0FB429,0.17155845
CC_29A1C0073882,0.43232077
CC_29B6065F187B,0.3924971
CC_29BC66C10F87,0.61308664
CC_29BF3C3D9682,0.203318
CC_29C4425FB2DA,0.19668938
CC_29C5D0D72D61,0.18047047
CC_29D65E313500,0.14821205
CC_29FD856F47A5,0.7323125
CC_2A097F88615A,0.094549544
CC_2A0CB4CE1A48,0.23196287
CC_2A14C1652D6D,0.2179458
CC_2A1F96F80938,0.14890781
CC_2A23F71805A2,0.13492195
CC_2A2BF2FD0498,0.13220361
CC_2A358A1D3DDF,0.6218057
CC_2A3E371F0DAD,0.23553386
CC_2A423FC8A330,0.32273868
CC_2A43368D54F9,0.3610656
CC_2A47A21C0E07,0.626774
CC_2A4CB02E7A1E,0.1294373
CC_2A510080BA29,0.13102542
CC_2A5316E550F0,0.08935844
CC_2A59695EF90A,0.65879166
CC_2A606D00CC46,0.06028505
CC_2A6C69145AE0,0.07241563
CC_2A6CD71471A6,0.10089562
CC_2A70D6EF64E1,0.07735077
CC_2A844754AE67,0.63071686
CC_2A85A7B242FD,0.17617573
CC_2A9A51067D7F,0.16875802
CC_2AAAD4020436,0.22205733
CC_2AB62BCF3704,0.08618754
CC_2AC1C8DE5649,0.08238955
CC_2AD10D78793D,0.688727
CC_2AD26446A7AE,0.03863365
CC_2AD2D35975D1,0.071129076
CC_2ADA07B0211F,0.3140716
CC_2AED2D284351,0.3169272
CC_2B01FDE2552D,0.23354283
CC_2B06DDFD7F8A,0.090268776
CC_2B08FBC0A948,0.19767074
CC_2B1914218468,0.7603574
CC_2B1D93E12DC9,0.1995417
CC_2B248C488918,0.09950469
CC_2B256891C60A,0.5891466
CC_2B2801591A25,0.43643704
CC_2B2B7CF1E40F,0.09212453
CC_2B2F4204834B,0.19136448
CC_2B5443C7AB87,0.0787431
CC_2B5D780AC244,0.64306164
CC_2B64E67CFF13,0.06429799
CC_2B6B872C8D21,0.06825986
CC_2B85D931F011,0.095346004
CC_2B959EF030DD,0.15378556
CC_2B973D1AC16E,0.1095017
CC_2B98983C2687,0.059058223
CC_2BA581E7B8D2,0.10490499
CC_2BB2C432C369,0.09014265
CC_2BBE19587CD5,0.100644365
CC_2BCB838A9581,0.13080241
CC_2BD0E9336EB4,0.090974115
CC_2BD1633FD528,0.06747745
CC_2BD58FC8C2B9,0.025321577
CC_2BD6083CAB0B,0.8117431
CC_2BDD47B177E5,0.7842144
CC_2BDE889EB05C,0.31102425
CC_2BF8DB192A49,0.7314158
CC_2BFDF46F3AC2,0.11237667
CC_2C00CF2FAE22,0.10198254
CC_2C06DDBA1073,0.35518745
CC_2C16C7838FAB,0.7771628
CC_2C263A1A732C,0.14083162
CC_2C34105831A6,0.18557407
CC_2C43FFA06F31,0.08699311
CC_2C4DEE4CA1CF,0.058210634
CC_2C56DB55E40E,0.079321265
CC_2C59F565C183,0.14571235
CC_2C7F54E56925,0.16611785
CC_2C8CFCC646BE,0.039090183
CC_2C91AB1DB754,0.055785302
CC_2C93356976AE,0.40620777
CC_2C9DADC294C8,0.07107746
CC_2CA94231028A,0.24562503
CC_2CC8CB17283A,0.18802924
CC_2CCD42AA2376,0.124186434
CC_2CCFE560A79E,0.063992545
CC_2CED227E5216,0.111158356
CC_2CF326E90715,0.042884115
CC_2CFEA03CC6A0,0.62644315
CC_2D1D032137DA,0.1375556
CC_2D258781011B,0.18834147
CC_2D30260A1CEC,0.22317715
CC_2D35C002A9F1,0.1300157
CC_2D45DEA4EB25,0.13507828
CC_2D5494C13FFA,0.06382974
CC_2D5EA2953E81,0.15461403
CC_2D6E7894EA16,0.5648659
CC_2D7DA36360AD,0.20112129
CC_2D7DFEACA38C,0.3541625
CC_2D836654A121,0.15661962
CC_2D9CDFC6C57E,0.6682298
CC_2DAC67585B03,0.17830221
CC_2DAE338809DE,0.22087914
CC_2DB062A18C75,0.60915875
CC_2DB2C55CF89E,0.782315
CC_2DBCBF870292,0.04479412
CC_2DCBC03B4FA3,0.7074958
CC_2DD78131B5A1,0.117915824
CC_2DD7BCA75AB9,0.1428577
CC_2DEB49017220,0.09936354
CC_2DF6C71ED372,0.16036941
CC_2DFBFA1A4FE8,0.17575628
CC_2E12A41F7733,0.065374166
CC_2E1A348EB1E6,0.09513497
CC_2E23CB0F6F7B,0.40510362
CC_2E3634587158,0.04563356
CC_2E3F4B14D8DF,0.35441986
CC_2E3FDDBF4F48,0.17384113
CC_2E61C46BC16A,0.17988907
CC_2E62AEB14351,0.22468144
CC_2E6F1C0ADEB8,0.18530491
CC_2E7415FAB62E,0.077049516
CC_2E77F7444FDF,0.03975046
CC_2E78431BE3DB,0.080813624
CC_2E7D44FB8075,0.15442696
CC_2E7D8539BDA6,0.3554607
CC_2E7F248874AA,0.7237717
CC_2E85BB8F3BB5,0.08915802
CC_2E8897E4D9BB,0.2558993
CC_2E8CCDE89E2D,0.26999417
CC_2E927D910813,0.13050729
CC_2E9891F5A2D5,0.117805645
CC_2EA56A7EAC04,0.32218087
CC_2EB45D13B248,0.12556961
CC_2EC924B0EAAE,0.109692894
CC_2ECC248C96B7,0.05256
CC_2ECF0C98B06D,0.43062484
CC_2ED3F6481454,0.14985445
CC_2EDDF0B40ED8,0.14609244
CC_2EE2A139642B,0.1325827
CC_2EEE072DA301,0.18392643
CC_2EFEBB85DAEB,0.15340456
CC_2F133BEFAA69,0.13252942
CC_2F1AAE3B81F2,0.069567956
CC_2F1BC47CC90E,0.036533672
CC_2F2128FBBDDC,0.17625396
CC_2F3D3342834E,0.05507339
CC_2F42D39F710B,0.59518564
CC_2F4AFE398419,0.7585626
CC_2F4C24B38EE6,0.07665325
CC_2F508C0838A6,0.09367883
CC_2F50EC193942,0.24806283
CC_2F5BD03D4900,0.064506784
CC_2F73AF6728BC,0.057581104
CC_2F7EBEAB9CF2,0.18475513
CC_2F9AD2BC25F5,0.06367504
CC_2FA3172ED3FE,0.7378563
CC_2FBEF8808F48,0.17476767
CC_2FC014F0EA3C,0.07406879
CC_2FC3AD2EC986,0.22545998
CC_2FCC82AC097C,0.22447394
CC_2FE2ED7D464E,0.25538272
CC_2FFCC9802D2A,0.16432226
CC_2FFE32627DF8,0.20599958
CC_300BEA90EF3F,0.12327882
CC_3017B64D0364,0.2315595
CC_3017E5E87C94,0.16029438
CC_3028375CC87E,0.76314574
CC_302A48CFCEDA,0.07852949
CC_3031F96196BD,0.4990862
CC_30328ADA0AE8,0.120119475
CC_30451015D913,0.034965172
CC_305D33AC15A9,0.73219174
CC_306015CFB66A,0.18454921
CC_306413849CEA,0.5154489
CC_306EF0BC7CB3,0.022616642
CC_3075C5B861A8,0.15464127
CC_3083D9B76858,0.062045556
CC_3096994A495B,0.22646138
CC_30B106BC1657,0.21791123
CC_30B967417C42,0.18028577
CC_30CABAFF5453,0.10701469
CC_30D68208FB23,0.36686245
CC_30E2A90BACAD,0.16822496
CC_30FFD856443D,0.59400994
CC_311EF26786A8,0.06461116
CC_3129843EADE6,0.76113856
CC_312C34EF683B,0.051150713
CC_31302B64C078,0.10529091
CC_31344A25B569,0.030420866
CC_31397A399AD5,0.110753015
CC_3145B5EAD7AE,0.25753036
CC_3146EE0BF81A,0.13370134
CC_314D02632843,0.2307956
CC_315133406E42,0.24581465
CC_3180D1C6FB7E,0.2200457
CC_31827EE8A968,0.31135714
CC_319BE06CC27F,0.041629974
CC_31A0A97AFFCC,0.41725782
CC_31B22116E36C,0.24189581
CC_31C78D9B6494,0.41670287
CC_31D3FA367B41,0.10884304
CC_31DAAB3E6DA7,0.17200783
CC_31E36F666FB7,0.066570416
CC_31E72EA14FE4,0.13227537
CC_31FC6DC9482C,0.23642968
CC_32076DA6AE23,0.13875262
CC_3209FA12D938,0.31696305
CC_320E17F947CD,0.4448658
CC_3223C706DD92,0.24330439
CC_322EFB2E377D,0.09292583
CC_3248EB928073,0.09795127
CC_325D5DC52B1F,0.09210106
CC_32662A6DB78D,0.15609647
CC_328DD3BA068A,0.22966652
CC_328DF7798F91,0.15141334
CC_3295CFEB188B,0.08847389
CC_329DC79286ED,0.7011142
CC_32CB77D55C73,0.115976974
CC_32D129B9E651,0.11744819
CC_32DB12551D37,0.67053217
CC_32F00D77D5CD,0.11030969
CC_32FF5F6892D9,0.20290843
CC_3301EF60877F,0.17019543
CC_330F334BD816,0.1101092
CC_331285B3494C,0.20852245
CC_331364283D5C,0.115687795
CC_331718E0F54F,0.16909228
CC_33194D48FF66,0.09289097
CC_331E8B8BCAB8,0.069718316
CC_33254134ABA9,0.75223017
CC_332E42439579,0.076723635
CC_333102AB964C,0.14548476
CC_3338AC0E8112,0.32479686
CC_33656EEDE6F2,0.4203861
CC_336777D934E0,0.46912143
CC_336DBFE464D1,0.49947032
CC_3382BB2F3152,0.1389043
CC_3387207793E4,0.036083438
CC_33992C973839,0.15707605
CC_339C36703675,0.08518425
CC_339CA5814519,0.10367257
CC_33B157F2A921,0.079941005
CC_33BBD10F239D,0.07487564
CC_33D3B12EE56E,0.07252265
CC_33DB68EA27CB,0.10328781
CC_33F0B95E70CE,0.31193444
CC_33F40275D630,0.036426257
CC_33FD5DE22692,0.07647624
CC_340961106343,0.14858313
CC_340BB1F4CEF0,0.11595754
CC_3410B11F1FA3,0.21413657
CC_3424972707B6,0.5949237
CC_34452758A645,0.027425267
CC_344D239879D6,0.15685797
CC_34503B6891CE,0.27777728
CC_3451722A3813,0.095682524
CC_34517B513D8E,0.5416983
CC_346ECB4CF2F8,0.10984657
CC_3478E8B6B56A,0.06700432
CC_347AFDE16722,0.068535574
CC_347B1A01467F,0.042916175
CC_348AA62FF484,0.23146228
CC_348D3F098A4D,0.08620609
CC_349290E4D0C9,0.1430947
CC_349347D553D1,0.28677452
CC_3495CE27BB05,0.18722509
CC_34B10A654721,0.1278074
CC_34BD2C5130C8,0.118034914
CC_34C433439160,0.04994188
CC_34CA271F73E3,0.3030936
CC_34CEBEA3B15A,0.06582969
CC_34E58CF793A0,0.16509542
CC_34E6909B6027,0.5519302
CC_34F4292A8B5C,0.22881222
CC_34F6DD223594,0.055110574
CC_3508A7A5E9EB,0.1498917
CC_35094977DD75,0.10260205
CC_350DE157CE6D,0.25322947
CC_351BD5C2EE8B,0.020225903
CC_35486249EDEF,0.17026214
CC_354C9ABE6DDE,0.065345645
CC_35578162927A,0.12783024
CC_357C3E7518D3,0.8037781
CC_3584C15BF11F,0.058756314
CC_3588C5166872,0.07574376
CC_35A68306B19E,0.19467448
CC_35BFB3093D02,0.053684536
CC_35C085ED37BD,0.527438
CC_35C695C13279,0.07252281
CC_35D1668A4C13,0.26497528
CC_35D27495E0CB,0.76232624
CC_35D562E1DBE1,0.7493082
CC_35DCDC74A757,0.41275436
CC_35EC2AB1D1EE,0.12400546
CC_35EEB90317B9,0.5389289
CC_361A9EAF7706,0.2732681
CC_361B968FEB98,0.31995678
CC_361C9FA031A7,0.83590156
CC_3620C5D1B3E2,0.0689862
CC_3622D7221940,0.050697666
CC_363175E92F74,0.32909748
CC_3638C9146BFC,0.12590131
CC_3643A4C7EC5C,0.048627365
CC_36690A9AE112,0.6742379
CC_36719170F638,0.10540617
CC_3673466BA7A7,0.09280038
CC_36847054DF52,0.32026982
CC_3691CE792752,0.74576867
CC_36A27FE53743,0.5634054
CC_36A3FB06D1D8,0.7978549
CC_36B0F2AD5413,0.06170834
CC_36B1B7BF5F75,0.1405986
CC_36B68E66951E,0.46054226
CC_36D3F09AD810,0.5001077
CC_36DBD8424220,0.60857785
CC_36E5645D8018,0.052116677
CC_36E6592E4E23,0.17354403
CC_36F143AEC864,0.09115964
CC_36F2A735DF73,0.13792388
CC_36F81C003E8F,0.034039006
CC_36FCD55EE425,0.6005588
CC_3701D5DB7FA1,0.059574425
CC_3706E1EB2587,0.49256444
CC_370E0F8EF86F,0.57986045
CC_371D47444D5B,0.73275656
CC_372CFE308EA4,0.65609074
CC_3731D90357A6,0.29187077
CC_37322F66C543,0.033908557
CC_373539DE38C5,0.123716995
CC_375225700242,0.2807068
CC_3762D0B6F3C2,0.08452146
CC_377A277E831A,0.12462224
CC_377B6066B91B,0.17225562
CC_378D71726B5E,0.09633249
CC_37A46BD0DCBF,0.05159912
CC_37B447368F02,0.7513713
CC_37BFDFE369A3,0.25251094
CC_37D09FE492BD,0.06780681
CC_37D3F4C07235,0.22449395
CC_37DDACE48E3C,0.13757144
CC_37DEF85C0A37,0.3244071
CC_38020CED9EEF,0.08494301
CC_382207621EC5,0.7892237
CC_38374AB27F95,0.08214453
CC_383A5544DD5C,0.12717687
CC_383C129A5B96,0.23943792
CC_3847AAA649C7,0.10033311
CC_3849D992C1E3,0.08335717
CC_384BB17F0F0B,0.6130948
CC_3851177E5E76,0.07249209
CC_3862F88850B8,0.21004346
CC_3867CFCFCC94,0.22754054
CC_3872ED018F85,0.22776948
CC_3881A587C072,0.12488672
CC_3882F8EB5EEB,0.70873785
CC_38911341EA6C,0.1018255
CC_389E5B71E254,0.5528073
CC_38A0DBCD3728,0.08532788
CC_38B3E9142747,0.12277287
CC_38C1B8860300,0.05239469
CC_38C8CF250B60,0.0241289
CC_38D32B790B4A,0.14778416
CC_38EB304A9915,0.18928689
CC_38F26461C872,0.71931034
CC_38F942257E28,0.4751666
CC_38FA5D78A8A7,0.05185864
CC_3903D7BCCA95,0.069132686
CC_39043D7ED04D,0.18424688
CC_39098B256732,0.055341266
CC_3909A2E4C679,0.12931041
CC_392344DF8D55,0.30721417
CC_392628C8AD47,0.06259191
CC_39285F4C42BF,0.37422833
CC_392A376EA1A2,0.095249526
CC_3932E086F150,0.16956921
CC_393D1D3640D0,0.06355259
CC_3943B3490B49,0.76923954
CC_394DE164DBCD,0.11485455
CC_395600E84A54,0.14655969
CC_395D181A7E1F,0.10646065
CC_395E8CACC437,0.13233475
CC_39635AC6A70E,0.052487243
CC_3969352E3ABC,0.0997547
CC_3985C0DF9CB5,0.49983233
CC_3989F2C6A9F8,0.1904981
CC_39A82672A1B2,0.09100883
CC_39AA15DAE17D,0.6893054
CC_39AA2A3D98CC,0.035270836
CC_39AC257B00C5,0.09263542
CC_39ACC63CDAEE,0.11952304
CC_39CE40784C2C,0.24332133
CC_39E1A306D418,0.16975126
CC_39F2B11C46D7,0.085950285
CC_3A10F5F50A27,0.04026255
CC_3A27CF9D162A,0.52289987
CC_3A297424A7F7,0.106026255
CC_3A39F7930BF3,0.09240659
CC_3A57566F9977,0.5584119
CC_3A61121254E6,0.06327533
CC_3A81C568A7F8,0.18054272
CC_3A82E7050A4D,0.047399685
CC_3A860AADE6CE,0.15078709
CC_3A8B3FC29C9E,0.13389236
CC_3A8E9056A5A2,0.09591507
CC_3A9617A5777D,0.3722411
CC_3A99D25777CD,0.11906453
CC_3AA9E8D01340,0.5225431
CC_3AAEFC09C290,0.77739614
CC_3AB5E579843E,0.23139177
CC_3AB77A30AD40,0.21927989
CC_3AB7BA36A414,0.3467723
CC_3ABA830A5BB2,0.139549
CC_3ADDDA550A57,0.10560172
CC_3AE7B1151DC9,0.1277402
CC_3AE9A209EE00,0.05330539
CC_3B06FCD75C98,0.05204199
CC_3B0722FB5E8E,0.3104676
CC_3B1C51DD7429,0.20373677
CC_3B1F4696D710,0.64104635
CC_3B224413A072,0.27885213
CC_3B35C3783CCD,0.26042035
CC_3B3626F3DF9F,0.19870393
CC_3B4405C7E486,0.5913855
CC_3B4C4A9C9D99,0.2907935
CC_3B72F0E9E3F8,0.18352722
CC_3BB02A95C6C1,0.6655724
CC_3BB8B675C2BC,0.37550744
CC_3BC51B069218,0.12970524
CC_3BCA5BD201AC,0.14896668
CC_3BCAC9793441,0.27174118
CC_3BCBC867AC4A,0.030597277
CC_3BE51412ABE7,0.3589395
CC_3BEA98B401CD,0.61299163
CC_3BED6DF1ABF1,0.15351367
CC_3BF0BF7CF827,0.852852
CC_3BF110035599,0.6130002
CC_3BF213810DEE,0.7035724
CC_3BF21CA88D3C,0.42150664
CC_3C0E29764C71,0.059027202
CC_3C19509D4636,0.11500429
CC_3C1B038BB068,0.15136178
CC_3C594CADCA2E,0.2058272
CC_3C5D909498F7,0.7332544
CC_3C68D5179A01,0.11013916
CC_3C83955704BA,0.7977033
CC_3C93218F41B2,0.3130216
CC_3C9CFC8FB4D1,0.7480664
CC_3CA266EB55BE,0.09082315
CC_3CE49C937F7C,0.09494706
CC_3CEEB9C04F0B,0.37174216
CC_3CF504AD4DD9,0.05461892
CC_3D1092DBC5C2,0.18922675
CC_3D185833E7BB,0.047945622
CC_3D2309981121,0.33820102
CC_3D27A0086AA6,0.13621692
CC_3D3BE7D0F4D8,0.07282553
CC_3D412B5EA919,0.10338126
CC_3D47650C6F30,0.07887846
CC_3D55D1FD8457,0.04644145
CC_3D599501BA76,0.072154015
CC_3D6181EE3C87,0.63282865
CC_3D65CC165F44,0.13319448
CC_3D6CF6DB8014,0.4600326
CC_3D7C14801D40,0.228837
CC_3D836BDBF866,0.67979133
CC_3D8DF3A3DB71,0.75088996
CC_3D9309851089,0.20563656
CC_3D9ECB4274C3,0.15772028
CC_3DC8A9A92802,0.29400608
CC_3DDD3813D1D4,0.10870767
CC_3DF3FFB3CFC7,0.1997575
CC_3DF88701601B,0.14447333
CC_3DF91A482CFD,0.33207107
CC_3DFD6349D046,0.64518225
CC_3E0D54125AE0,0.19357093
CC_3E10CFE1DD57,0.05677096
CC_3E13CB98572B,0.15688418
CC_3E142C8ACA6F,0.09752475
CC_3E1BAC4E5B90,0.05911836
CC_3E2DD0D1E2D8,0.14826448
CC_3E403BF08A45,0.0787803
CC_3E46368104AE,0.09798124
CC_3E48A086B5C7,0.2819771
CC_3E54451B0F6D,0.07451918
CC_3E6335ED3F4F,0.065543465
CC_3E87A65C50A5,0.21405254
CC_3E91109E2090,0.058759052
CC_3E92A1EDA618,0.20662594
CC_3E94684FE270,0.48854938
CC_3E9DB402F352,0.21705875
CC_3EB5A15A6C04,0.7636678
CC_3EB8A9A6C49D,0.11582721
CC_3EC96BC884F2,0.10136327
CC_3ECA9E44B90F,0.2155859
CC_3ECE4EF16A44,0.17668347
CC_3EDDB8E70F57,0.20577966
CC_3EDF137D0E1C,0.14860578
CC_3EEEE844410D,0.35909086
CC_3EF4F348C967,0.12055707
CC_3EF91DD11A81,0.14669494
CC_3F08C55E7A40,0.20227024
CC_3F171CED0CFA,0.029259954
CC_3F2544EFA753,0.13023031
CC_3F28F3286CCA,0.082767
CC_3F379CB37B0D,0.15095362
CC_3F42D798AB1D,0.6370647
CC_3F48724540D5,0.16900396
CC_3F68068E2D5E,0.09507002
CC_3F7FBE71B77F,0.057092007
CC_3F80017B8599,0.06496684
CC_3F8B17953200,0.06408232
CC_3F964BADC4BC,0.7450245
CC_3F9767602FCB,0.22858645
CC_3FA84F0B23CE,0.059874833
CC_3FB4B189143F,0.16328815
CC_3FB7C976EB26,0.47761655
CC_3FBCEB2F36D5,0.08979312
CC_3FC4FE843245,0.08186147
CC_3FD52E32FE8B,0.63396037
CC_3FDB44EC6254,0.04456512
CC_3FEFBD6DC62F,0.27364677
CC_4005466D00ED,0.37915236
CC_40095FFBC1A2,0.05689865
CC_400F1887A662,0.09065534
CC_40133FF3069C,0.0955109
CC_401C6F0EED5A,0.107269
CC_4021AD03FA01,0.1419733
CC_402E91F3A56C,0.12821774
CC_403754B6988D,0.11731654
CC_4052DFCB1656,0.24576508
CC_40579C5C13D5,0.76657355
CC_406937FF97E7,0.07354558
CC_406C4233347A,0.20451742
CC_4073E42E11E4,0.15598361
CC_4077BB12A5F4,0.101010785
CC_4077DD5B5C4F,0.19033124
CC_40824D899215,0.090249024
CC_408D79189FBF,0.3190622
CC_40A3F1D5EA0F,0.33962324
CC_40A852A592FB,0.16745542
CC_40AADA91D560,0.21740521
CC_40B39CB2CC58,0.047284283
CC_40CE2030F058,0.06606955
CC_40EA2F8481E8,0.17091107
CC_40EFD7778F98,0.13832675
CC_40F278D49681,0.2818472
CC_40FFCF631F19,0.40286177
CC_4101D1B82788,0.16755353
CC_4109B79A4B06,0.03734406
CC_4119348F051A,0.12391586
CC_41206EE45803,0.078218274
CC_412DF740DA62,0.13483436
CC_413AB4CA7451,0.10059974
CC_414C06C60FF7,0.678816
CC_414F50748A51,0.053149436
CC_415C65EA66AA,0.07356069
CC_415CED95F7CA,0.14000112
CC_416584250060,0.07117555
CC_416B3A1F0F0B,0.092621714
CC_41735021FC7A,0.25808528
CC_417858CD20F4,0.12254484
CC_41902EFB3974,0.052732334
CC_41A27790EFBF,0.0988056
CC_41A4A223F39D,0.10436163
CC_41B464757ED6,0.1173866
CC_41D1A87E1136,0.38671783
CC_420FE297808E,0.036346942
CC_4211096D5588,0.16465615
CC_421F4D78128B,0.4647524
CC_422F2780C85A,0.29456463
CC_423B0296BE24,0.06996041
CC_423E78000AA5,0.11179211
CC_4246081DD359,0.11137056
CC_4249EDF2FDCC,0.80101854
CC_42568C67F412,0.31502292
CC_426A25EA9E21,0.7443911
CC_427ECDDEECE6,0.31390166
CC_4289EEC8F0A2,0.100649685
CC_429A7158AD07,0.11078509
CC_429C51AE729D,0.04425185
CC_42A0DE1E5E80,0.08462493
CC_42A7D0F5388F,0.110159025
CC_42B23C8C9F66,0.18130289
CC_42BD3999AC3E,0.2589078
CC_42C95B199130,0.38878706
CC_42CD6CE97523,0.58038956
CC_42DA114F12A2,0.398063
CC_42E2736AA331,0.19965973
CC_42EA825C351B,0.44834968
CC_42F1B2B4D258,0.57279736
CC_42F4588EB38D,0.26935205
CC_431F29A12E99,0.21059822
CC_432EB78A198D,0.2834402
CC_43383344BC72,0.18131922
CC_4339187DD10A,0.059136886
CC_4344A2E7EA1F,0.4738493
CC_4347468ABE51,0.5625987
CC_434894BC2577,0.05079023
CC_4362DB93FC92,0.08193836
CC_436850DDC704,0.101506345
CC_43698E2EEA0A,0.080373116
CC_4387F73F131E,0.13879569
CC_43A33C994C70,0.36783746
CC_43ACD82B5514,0.31234005
CC_43B37131B8FA,0.20412157
CC_43BFCAF8BD20,0.21837705
CC_43C060E01266,0.21566936
CC_43C41AF27375,0.063148074
CC_43C5AFA48B93,0.0681034
CC_43C767A44C55,0.17791244
CC_43DECAB53552,0.047849167
CC_43E6D931158D,0.40785754
CC_43E9F88019F8,0.057624344
CC_43EBD6EBD675,0.070812784
CC_43F81C577002,0.3276245
CC_443C4E041687,0.09185292
CC_443F63BF238A,0.092693515
CC_4463776F9AA1,0.13098814
CC_446F1EDF03C8,0.061740495
CC_447BAD4F7820,0.8483267
CC_447D02F917B5,0.06040229
CC_447E705746E2,0.19613205
CC_44A017104F93,0.6074717
CC_44A1E58CDBC0,0.050359722
CC_44ABCC04C418,0.089940764
CC_44BF6BCCFC2E,0.059571367
CC_44D0671A3B87,0.13015528
CC_44DBEE3A7D81,0.16820621
CC_44F7DD6A88A1,0.24255233
CC_45080C42280D,0.2120445
CC_4524AD74135F,0.46521944
CC_45262103231F,0.20405392
CC_452D8C5D039C,0.83431095
CC_452DECDBC90F,0.07498268
CC_453C9B3A5992,0.465973
CC_4542AACA1FE4,0.08251018
CC_455209549D3B,0.7992288
CC_4555C804C4D0,0.06532449
CC_4581E4190B2E,0.1203837
CC_458912F91D6F,0.4339648
CC_45913E1BE65C,0.3282116
CC_4594791FB40D,0.11732564
CC_459B49073E2C,0.2783144
CC_459EA8E0E2EF,0.11258499
CC_45A4A38557E9,0.15485579
CC_45ACE2B1DB6F,0.067410916
CC_45C1A92F0E8D,0.112485684
CC_45D0673EDD20,0.13026425
CC_45D70DC84DA0,0.085229404
CC_45D96479EC1E,0.054539513
CC_45E8597BF74E,0.07473663
CC_45E97246F83A,0.27285582
CC_45EC44761309,0.12779005
CC_4603A6F83E2A,0.056864172
CC_46045CEE8330,0.07445005
CC_464E17187A4E,0.41173083
CC_4659FB4B8536,0.14758933
CC_465EF4F9B68F,0.15566425
CC_4663FDE62E3A,0.31655988
CC_466D54BE0809,0.09614789
CC_466ED9BD34B5,0.098607935
CC_466F7908E13D,0.16337633
CC_4695A5525A11,0.16087714
CC_46BBB8A4854A,0.061740853
CC_46BC61EC8F2E,0.14032806
CC_46C0DFA660B0,0.12948747
CC_46C2DCF84CA0,0.16277683
CC_46C38B9F0D8E,0.098381944
CC_46CAB9AE7C87,0.5164804
CC_46D0D1ADEA59,0.1575421
CC_46DFC1AA0821,0.81582063
CC_46ECA5976180,0.16862336
CC_46F5F6D27991,0.093726434
CC_46FE9F226120,0.26519942
CC_47130CC63FC5,0.16875884
CC_472330768F5F,0.106584884
CC_47292EBB8BD1,0.13112722
CC_4734AB1281DA,0.061968137
CC_473989E6BA47,0.24762507
CC_473AE07014DC,0.18691644
CC_4741EF45C3DB,0.25552803
CC_474586BE49EB,0.15117194
CC_47490BF44944,0.27578706
CC_477213DAED38,0.079298094
CC_4778086276B7,0.11621623
CC_47910B073CF3,0.22152276
CC_47939776FDF6,0.7131244
CC_4796F6A64420,0.044505253
CC_4798549B52ED,0.2500117
CC_47A3714E7D2E,0.31568053
CC_47CE219EBAAD,0.21039096
CC_47CF9074E03E,0.19382504
CC_47E4537A53FD,0.13210985
CC_47E8BC938FA1,0.17576197
CC_47F134D17818,0.10512449
CC_4812FBE05C7C,0.36333376
CC_48152725FAB1,0.6363313
CC_482256495FAD,0.7049729
CC_4829FF15D21E,0.21290492
CC_482D26D81935,0.66531116
CC_4838990A8D02,0.08201638
CC_4862EA9CD1DD,0.030807663
CC_4862F8C1B0AC,0.07696507
CC_486CD67D26CF,0.16693878
CC_486D8F9AE549,0.2463813
CC_4877D1BDB737,0.10062669
CC_4885E34F0B26,0.14268838
CC_48928CA8082E,0.17649063
CC_48A74FF0E6C5,0.09805252
CC_48E0791DDD62,0.07951083
CC_48F620B6A472,0.09004805
CC_48FDBB1D7493,0.12695055
CC_4910EC928152,0.12287553
CC_491C18C17767,0.07541807
CC_492F65EF8D9D,0.8074888
CC_493DDD53B97E,0.06122438
CC_495F82AA5B9B,0.17094828
CC_49618412FF86,0.06819616
CC_496A7CFA344D,0.73243046
CC_4983EBABAE3F,0.0676976
CC_4992C1915957,0.61629283
CC_4993B31028A7,0.059483036
CC_49945441A644,0.20337167
CC_49A80692BC68,0.1083705
CC_49AB67613A58,0.17034921
CC_49B05CADDD95,0.5738167
CC_49C6F9AD111E,0.17493205
CC_49CEB94F0B3B,0.034596797
CC_49D3A79B55CD,0.108618304
CC_49D6671DAE8E,0.12743168
CC_49E6C539B1CF,0.05618823
CC_49EEDF0DA684,0.028260306
CC_49FC290E33A7,0.16804303
CC_4A01CF2F67D2,0.725006
CC_4A16DC668832,0.4810314
CC_4A212461781C,0.07685014
CC_4A237A8E6706,0.14168882
CC_4A3DFA0E27A4,0.16006784
CC_4A513D39DCE3,0.078060426
CC_4A532B0E6165,0.1701239
CC_4A5FA9F1C804,0.09631062
CC_4A7BDEC665FF,0.06364781
CC_4A7FC9B23222,0.3133635
CC_4A8A7080FA25,0.2977532
CC_4A8EFD589879,0.058313113
CC_4A8F7D2B857C,0.18355386
CC_4A91E8D4289D,0.34672347
CC_4A93163A12F4,0.32592368
CC_4A9FEF48EA65,0.11248419
CC_4AA73D751AA5,0.32446167
CC_4AAED0C85F70,0.13779254
CC_4AB1DEF044AA,0.04707955
CC_4AB5AE299217,0.18179631
CC_4ABA0CDC2270,0.17259714
CC_4ACFFC2F295F,0.6957738
CC_4B0490BAB1B9,0.08028123
CC_4B28B03CEFEA,0.08961489
CC_4B420765EB9A,0.09722824
CC_4B47C16D9867,0.10488078
CC_4B494C4D7D03,0.4150655
CC_4B4C84B015C2,0.049665097
CC_4B607295E983,0.04350849
CC_4B6D24E81483,0.05507633
CC_4B77AF6FAF2B,0.6799156
CC_4B7EC3F2FFBA,0.058308177
CC_4B85318DFA50,0.13879958
CC_4B9B36B36DA5,0.76496786
CC_4B9E0AD5D692,0.51624876
CC_4BA041C9678C,0.11824214
CC_4BB40F2129A6,0.087378845
CC_4BB8FD274E2A,0.07274204
CC_4BBB8118FBBB,0.1601042
CC_4BC8CB91719F,0.108447194
CC_4BE447D54BB8,0.15731607
CC_4BE85B1BDB62,0.3996133
CC_4BEF3C7F6395,0.23282437
CC_4BF03FF61B97,0.54004776
CC_4BF4C38EAE8D,0.21980126
CC_4BF95B8140C8,0.10357782
CC_4BFE0CB61B5A,0.43862176
CC_4C2A3F254101,0.35959464
CC_4C351DEB6230,0.24659485
CC_4C38031A2A9E,0.10997789
CC_4C3E35875F03,0.0934433
CC_4C4D79F933B2,0.13444863
CC_4C56497F4AB0,0.69923896
CC_4C827B493CFD,0.13735054
CC_4C849C6073AF,0.12145538
CC_4C869E6F618A,0.2194895
CC_4CA21C15763D,0.10981238
CC_4CB2F1CAE684,0.11139664
CC_4CC0265E0778,0.044062104
CC_4CC5483903E9,0.532771
CC_4CD7C76FE235,0.38938397
CC_4CE2BFED4F4C,0.07849596
CC_4CE751CB58FA,0.41162354
CC_4CF3E184C500,0.039991952
CC_4CF668E60D64,0.34265092
CC_4D1A1AF53E18,0.03650646
CC_4D29155FCF33,0.18953829
CC_4D2CC7618AC2,0.50613284
CC_4D350FF7402B,0.32226893
CC_4D38AE84E3CB,0.21484716
CC_4D4140E1056D,0.07247839
CC_4D5545FAB130,0.6319567
CC_4D55E218946E,0.08918306
CC_4D5E14BD6AFA,0.10354135
CC_4D78935D66E9,0.060842812
CC_4D883AAAC6C9,0.041758988
CC_4D8D8108C51E,0.69678426
CC_4DB40331777A,0.7891868
CC_4DBC8652D26F,0.09167501
CC_4DC0E154EBB0,0.6842349
CC_4DD5B8780C4C,0.08895215
CC_4DE0070FF683,0.19824143
CC_4DE688CDBC27,0.10451558
CC_4DF37857FCEF,0.06861528
CC_4E20F0249BC6,0.7803059
CC_4E2F01B7B9EE,0.16423543
CC_4E41C247B4E5,0.1981274
CC_4E479F6989A1,0.062337834
CC_4E48AF17BC29,0.07828233
CC_4E6BE67E3C4F,0.0377361
CC_4E70939C5933,0.49635324
CC_4E70FB172717,0.15681565
CC_4E726EE8C026,0.27792558
CC_4E76F48DFDEF,0.12036151
CC_4EA180B2B913,0.030572383
CC_4EA67A160C3E,0.5243063
CC_4EE41FC91AD2,0.1771907
CC_4EFECC6C2E36,0.6534724
CC_4F22CB97C34F,0.05695095
CC_4F2444DC6C75,0.8231988
CC_4F2B7F512DD5,0.06443353
CC_4F504A9744FB,0.13156947
CC_4F6FEE589187,0.13602811
CC_4F71AAF96C32,0.09082375
CC_4F76E57C55EF,0.39168617
CC_4F88D3E5AA2E,0.0448737
CC_4F8A4384F6DE,0.15211368
CC_4F8D83DCCF25,0.21628971
CC_4F956AA47816,0.6039156
CC_4F99FCEA10E8,0.08244167
CC_4F9F10A183F6,0.08354354
CC_4FA766935F14,0.07661658
CC_4FB0B9E398F2,0.2794717
CC_4FD0DF6CA3AA,0.06270738
CC_4FD902F7ADEC,0.057349566
CC_4FF1155E3A6B,0.3331508
CC_50103368F241,0.094767
CC_5012B9991935,0.16720797
CC_50172FF2C2C1,0.13032053
CC_5017C9BA7773,0.066946365
CC_502C3D0EC4CA,0.103604086
CC_504157951119,0.062348206
CC_5042938B5A9A,0.48636016
CC_504A57293FE4,0.8044877
CC_505812CFE43B,0.36022747
CC_505A6EB06E39,0.304969
CC_5064CCE0EF29,0.24825053
CC_507BDF639FB5,0.1901767
CC_507E53684AB6,0.12732768
CC_5087A0D1765D,0.23524202
CC_509229AEC221,0.20229712
CC_5092D3A72B03,0.18741702
CC_5092DF691F74,0.542111
CC_5094BB59416F,0.2141635
CC_509926B384D8,0.75264764
CC_50A6C96DA7D3,0.058216006
CC_50AE75A10F3B,0.25938872
CC_50D4BB93EB1A,0.057973713
CC_50DF7B02E356,0.17401424
CC_50EB53CFE7F8,0.0544751
CC_50FC7D563CE4,0.15020192
CC_5100E6EAA3FF,0.24080561
CC_510F2944B2A0,0.11910081
CC_5128881AAD54,0.111593924
CC_5138941DB7A2,0.16883041
CC_5139EF8BEAFB,0.14278823
CC_513E5EEC6B04,0.11388123
CC_51427EF15375,0.2707257
CC_5147B281DA64,0.32628348
CC_515D968ED36E,0.07712811
CC_5176FF858154,0.15726776
CC_517CB40FB016,0.08836899
CC_51884D5F3E4D,0.093351744
CC_51AE98263438,0.16334988
CC_51C9CE782368,0.16148764
CC_51CC80D1570F,0.0615828
CC_51D2E3476902,0.061454557
CC_51E05E706D64,0.109801486
CC_51E5A5E9801C,0.064108334
CC_51F5DA44F9A0,0.45253292
CC_51F6BDD355F4,0.06611789
CC_51FE657FE212,0.07110335
CC_520950C9BAA3,0.055556856
CC_520B1D31AB99,0.10755226
CC_522550E1761D,0.7741137
CC_524CD519E76B,0.114423074
CC_524FE9E3DAD3,0.40112337
CC_52629A025048,0.11318263
CC_526765FC100C,0.23185565
CC_526E56249FFA,0.28146458
CC_528B42A34966,0.24876171
CC_5292B36E4882,0.20064208
CC_529A2F110236,0.14434427
CC_529BC4ADAD6A,0.197914
CC_52C1C5A6F887,0.08111326
CC_52C3B674FDFD,0.27695695
CC_52CCBB8F9964,0.078237504
CC_52D21FFA24DE,0.74854743
CC_52D32EDBAA78,0.16222778
CC_52D7821A8363,0.11602132
CC_52D9087EBCD6,0.7901023
CC_52DD62E1AC2E,0.15064135
CC_52E8B04F0FA0,0.12373095
CC_52E965E9E2C3,0.15950504
CC_530BA492842A,0.31644878
CC_530F6E906D6B,0.037391778
CC_531FCFBE3B13,0.109878704
CC_5320DFEAD897,0.17251118
CC_53319AE7B829,0.6161658
CC_53481151859F,0.038695373
CC_534D4FC05F82,0.1748526
CC_53687DA8C9E5,0.3380286
CC_53795A7B7751,0.04271891
CC_538328A6B3BA,0.4759721
CC_5385266461B1,0.16220912
CC_53891CB35BF8,0.19601543
CC_53A6E1083B13,0.05957179
CC_53A77DA726A4,0.06278595
CC_53ADBC2F6E34,0.25876373
CC_53B249809561,0.08815198
CC_53B2DF5B019C,0.059413727
CC_53C1F3E031A3,0.14239286
CC_53CBF2E8AD05,0.49191904
CC_53D04793ED9D,0.076615684
CC_53E23A9B6F74,0.06551831
CC_53EB59C99100,0.32803428
CC_53EB9AC04311,0.097650774
CC_53EC732C9B30,0.03295164
CC_540122E71534,0.14016087
CC_5405C89DF8BD,0.70834583
CC_540D69F5BA23,0.13417834
CC_5414446319CC,0.7787356
CC_5418410F95A2,0.0718957
CC_5431A01C30E4,0.08816308
CC_5452437FC605,0.412813
CC_5452979BF98D,0.08057636
CC_546EE83F84A4,0.4855111
CC_5473268241FC,0.17815234
CC_5474EE64D859,0.38251734
CC_5476E2B2FCA0,0.10300044
CC_54892024F98D,0.22703536
CC_54B33C66DCF7,0.09502267
CC_54CF66B660B4,0.43861917
CC_54D3A35EC69F,0.054865625
CC_54D6AE2665AA,0.0950855
CC_54D93974E62F,0.36238736
CC_54F5F552A0F2,0.13771757
CC_54FC3B361BDA,0.07011764
CC_550135E8FAC6,0.15554883
CC_55020AD0D117,0.11850021
CC_55094AF7EFEF,0.10413988
CC_55126E23462E,0.053388685
CC_554C21CCAF3E,0.102033556
CC_554C912C7DBE,0.07728669
CC_556B02A2B401,0.34056318
CC_557A0B0CD0F4,0.15387806
CC_559A14E729EB,0.3148601
CC_559F0DD4E4A7,0.34210607
CC_55A82B4E57F6,0.165619
CC_55A98ABE4C75,0.13843477
CC_55A9D45EA466,0.049031053
CC_55CB872FF50B,0.27576488
CC_55D9E3D58435,0.2030732
CC_55DFF3C3BB46,0.056124575
CC_55EDC3996984,0.12703583
CC_56013299D8C5,0.07911029
CC_560B519C1F50,0.11031999
CC_560CABF0F5D0,0.121214
CC_56178AD87948,0.25073302
CC_5619A7BB54EA,0.092942886
CC_5624319D7B28,0.093332194
CC_5625119D6C37,0.20400721
CC_562BE7245E1B,0.74176526
CC_563684010DF5,0.6379579
CC_563EA9A29338,0.10911664
CC_564590AFB575,0.030879008
CC_565E01191BF6,0.67310053
CC_56612A039382,0.039738476
CC_5665FB827721,0.52135545
CC_566932C3CC97,0.11144571
CC_5671D59B2A51,0.11292149
CC_567E7DD24A97,0.058716755
CC_567F47F37683,0.031677123
CC_56847A91065C,0.1039815
CC_5698480F8634,0.07032065
CC_5698B024CECC,0.5430471
CC_569DC051A2EA,0.12135615
CC_56A322152604,0.4133608
CC_56BFD9A8335D,0.34639308
CC_56C9379BADB6,0.05139168
CC_56D410FD8F56,0.33159754
CC_56D4549919EA,0.16326304
CC_56D918CA6353,0.16157871
CC_56DB30CE666D,0.13441281
CC_56E760C3206D,0.2934069
CC_56F73F905615,0.80448383
CC_570683C088DB,0.096211374
CC_571C6AFD00ED,0.38480905
CC_5725663C3B89,0.09510319
CC_57291D7667C8,0.22264947
CC_57313F6E7927,0.20337002
CC_5735F9B859AF,0.5865546
CC_573B34826B2B,0.77354705
CC_5744447CAF7A,0.068784185
CC_574CC0FC7B05,0.16744517
CC_5759E2982909,0.11466851
CC_575CCCCDD7B6,0.64190465
CC_57603A37D19F,0.040537067
CC_57639D4995CF,0.23321429
CC_576E6676FD55,0.05669816
CC_5775C148E05C,0.1305863
CC_5798E560E9F3,0.754148
CC_57A486F61065,0.52296585
CC_57A726458B99,0.06577124
CC_57B0D41BD7D3,0.30782372
CC_57B501E60C35,0.05912139
CC_57CA90509CB1,0.7646212
CC_57CB7673547B,0.11881007
CC_57DE479CB61A,0.7265631
CC_57E7F1A6B895,0.03153785
CC_57F13C4115FA,0.36448357
CC_57F480CA9A42,0.09065137
CC_57FDFC6DE726,0.30247736
CC_5810468B76BE,0.12546974
CC_5810F212B2EE,0.35435328
CC_5817759E7007,0.13086325
CC_5818B5089B3C,0.099339075
CC_582C78363EB6,0.07792692
CC_58391600720C,0.14163163
CC_583D7B177F85,0.08877895
CC_584C11014F63,0.122229494
CC_584CDC12578D,0.040962886
CC_5852F443C55D,0.08547687
CC_58565AF0F70A,0.4850748
CC_58568DF9AECF,0.19493395
CC_5859EE6309D5,0.502962
CC_5872B45E1C19,0.8570062
CC_58797A417EEA,0.26491123
CC_587A4844B482,0.2457537
CC_587C0CC3DD82,0.61434114
CC_5881A04052CE,0.084206134
CC_589A4E02EF81,0.16668022
CC_58AB46E5655E,0.16913654
CC_58B0CFC9F3D2,0.06858025
CC_58BEFDA6B4C6,0.14158864
CC_58D95C7247D5,0.06567995
CC_58DBF3409D48,0.06404452
CC_58E35A47B880,0.15744263
CC_58E40EFF57CF,0.3684312
CC_58F551219BD6,0.059203904
CC_58FA76C6C45C,0.5624709
CC_59018149723B,0.054659516
CC_5904459ACECB,0.7684816
CC_59088B2886E8,0.03599783
CC_590D2E0AD18E,0.5309176
CC_59146CA05E8C,0.07955156
CC_592592397DC2,0.465947
CC_5926F5B4E054,0.14398114
CC_592A5A163624,0.3286755
CC_5941C323917F,0.09489616
CC_594E4E86A1C6,0.19817583
CC_595ADAA76A32,0.10596396
CC_596A20270C3D,0.18113677
CC_5970E93E11DF,0.31577003
CC_597AD111527C,0.11406323
CC_597FDFFA265C,0.09922691
CC_599C287D2BAA,0.40503952
CC_599E345094D2,0.1338656
CC_59A4741B5A92,0.17311533
CC_59BB3A5BA2A3,0.56042546
CC_59BFD1200F6B,0.18281169
CC_59C07CCAF4E0,0.19832055
CC_59C49474B501,0.11177903
CC_59CFBC2CA471,0.52218306
CC_59D62BE0C0C6,0.13797688
CC_59D86F572716,0.11826457
CC_59DF71FBA4B0,0.04942081
CC_59ECB7465DCD,0.04492568
CC_59ED43A803B3,0.022830937
CC_59F5E81F4EA0,0.16164976
CC_5A10371BE7B1,0.7772169
CC_5A2F9A594A05,0.5807908
CC_5A38E46246FC,0.5369709
CC_5A3F52B0A07B,0.22140035
CC_5A5507A49F6D,0.10055292
CC_5A58A5E6DE82,0.09003664
CC_5A5BB6DC1018,0.17324403
CC_5A5C0DF50E01,0.11122414
CC_5A633C535360,0.08818107
CC_5A67E62D8D5E,0.7128025
CC_5A6BA0007593,0.11461218
CC_5A7513434C72,0.03883228
CC_5A756D8AE60D,0.18067823
CC_5A7C13841B7A,0.6960082
CC_5A7CBB6E8716,0.21099098
CC_5A83A1E25A2B,0.41110083
CC_5A86EB53A14D,0.72704124
CC_5A89E13CE597,0.17595237
CC_5A9466D0CF9F,0.13654916
CC_5A95331BD0C5,0.12582238
CC_5A9F63C3E428,0.057636075
CC_5ABC76FF707A,0.04946375
CC_5AD0F1B43457,0.117659494
CC_5AD82250C271,0.041550923
CC_5ADD27165E38,0.6603619
CC_5AF32E5C8018,0.038964946
CC_5AF3690FA0B0,0.1602656
CC_5AFDFAA63B45,0.14579351
CC_5B025DA26FE6,0.058557924
CC_5B07C7DE7E7E,0.25070596
CC_5B08171A6880,0.23262177
CC_5B09FB1A0BE2,0.07016132
CC_5B0D6BA12702,0.55107915
CC_5B0EF2D4C3CC,0.12455061
CC_5B195D88C182,0.30455005
CC_5B1F6FE71A38,0.056974173
CC_5B247961602E,0.05887229
CC_5B276421F4CD,0.06486139
CC_5B289AFA1662,0.33800068
CC_5B3A16421A31,0.059524488
CC_5B3E78897EB7,0.072704524
CC_5B480B44A9B1,0.15756403
CC_5B546C3A21F8,0.1669087
CC_5B5BC4023EE7,0.15520479
CC_5B6D63DD34B7,0.08503041
CC_5B6E868912E6,0.08472293
CC_5B818D2581FB,0.123304844
CC_5B82E8BB921F,0.3213703
CC_5B8E8DA14EE6,0.19830517
CC_5B900A135A69,0.072279796
CC_5BB64BDF3C99,0.091545455
CC_5BCB2C79D1CA,0.24319278
CC_5C072DB8586F,0.058510073
CC_5C0BEC2A0850,0.09822938
CC_5C24010127D1,0.36170715
CC_5C2DAF5E0EB7,0.42902127
CC_5C3E8DB90978,0.12697476
CC_5C4A7CE69975,0.3140716
CC_5C5766F933B0,0.47368592
CC_5C5808240054,0.1100447
CC_5C5D6E15EA27,0.20733061
CC_5C60C4545922,0.113333546
CC_5C626D70F6D6,0.15446363
CC_5C670F0622BF,0.07743678
CC_5C799E57EF53,0.037885737
CC_5C7B44735AF4,0.17392972
CC_5C7D8DF047E9,0.18063033
CC_5C80F394EFC3,0.12678939
CC_5C99E6189441,0.08107497
CC_5CA9AB4A6AB4,0.12606655
CC_5CB78ADD2432,0.12235255
CC_5CDE37CE08CF,0.049209014
CC_5CE258D12432,0.3564133
CC_5CEEF006ABF9,0.06291005
CC_5CFD2850E277,0.21405028
CC_5D01F71B9FAD,0.11903865
CC_5D065A455A45,0.1902371
CC_5D0AA7D4954A,0.30096918
CC_5D242448B812,0.14065702
CC_5D2C5115BDD2,0.19865151
CC_5D3273E039AF,0.6371435
CC_5D398BB3365B,0.10053032
CC_5D3C1CE64952,0.08272094
CC_5D4B0EBB5CD6,0.08600158
CC_5D5E897588D3,0.086491756
CC_5D65F25FFB8D,0.058544766
CC_5D665A86C465,0.09905125
CC_5D80C353E475,0.12095321
CC_5D8895A0AB4C,0.21215189
CC_5D88A673BF50,0.22735484
CC_5D89688B69A9,0.41241115
CC_5D8AC8E18A8E,0.08732226
CC_5D8E7DC2FA6A,0.5388899
CC_5DA29AD9E85E,0.04905991
CC_5DB286EAC626,0.30238658
CC_5DBC1BB95B84,0.7916772
CC_5DC0A465470D,0.056835495
CC_5DF82CB03C3F,0.1057484
CC_5E001C93F359,0.067434974
CC_5E029094A55C,0.6913976
CC_5E0808121A65,0.18675642
CC_5E1117E4E593,0.14937003
CC_5E1541060A97,0.6748091
CC_5E1C11540C0B,0.08562278
CC_5E1DC0E143F2,0.10875559
CC_5E206AC277E4,0.26108357
CC_5E22B4BC8B12,0.11302502
CC_5E22D889B6BF,0.116320364
CC_5E38425EC99F,0.7432304
CC_5E3A70C2077A,0.14040616
CC_5E5607D275CA,0.12865488
CC_5E73C3D2B3EE,0.13874057
CC_5E7F23A07A71,0.08967805
CC_5E80A96974B8,0.25898153
CC_5E8C0453B9B8,0.31254944
CC_5EA599FBA5E0,0.48673165
CC_5EB379BA6C7A,0.111711904
CC_5EBB96F65AFE,0.40452075
CC_5EC41568C2E1,0.08975903
CC_5EDB5C924107,0.31083232
CC_5EEE5D0FF8D3,0.13978249
CC_5EEF07FFC243,0.0627216
CC_5EEFD690759A,0.090769775
CC_5EF2176F01D5,0.11326616
CC_5F17CA33D26B,0.080861494
CC_5F20750D6658,0.12586279
CC_5F2CE32A6EC3,0.14648929
CC_5F328EE757B6,0.055724226
CC_5F35B8D87D06,0.16168901
CC_5F390BA40E83,0.73918736
CC_5F59092CA9B2,0.11707146
CC_5F5916E96E19,0.14832069
CC_5F5E835B9E6E,0.08136232
CC_5F648D39D67F,0.5049533
CC_5F6D4104C808,0.18824488
CC_5F72EBE104D4,0.040036306
CC_5F765C41F051,0.066440135
CC_5F8859A6F0DB,0.03551216
CC_5F88ACC7C384,0.11842046
CC_5F89DFA97B7C,0.4843755
CC_5F93A3E31DD6,0.62104833
CC_5F9A44423DD4,0.13708474
CC_5FAA7965BD71,0.111739196
CC_5FAFA265CA02,0.35421062
CC_5FBE1A34704F,0.14067757
CC_5FCAA919577A,0.24360086
CC_5FCD208ADD77,0.16409409
CC_5FECD2BB0094,0.085584365
CC_5FFDE52E6B7A,0.098769575
CC_6002BFD3F26A,0.17300287
CC_600311592F72,0.057439286
CC_600AE12112D6,0.27846086
CC_601C3178E38D,0.17973624
CC_6037EEA42F2C,0.42876172
CC_604C08F76272,0.67286885
CC_604C72AC662C,0.17309505
CC_60510AFA8A87,0.12458793
CC_605E2E26E52A,0.31183535
CC_605E3904CD8E,0.1290448
CC_60611B935106,0.13850868
CC_6061787228F8,0.17846937
CC_607270A72DFD,0.18504712
CC_60738E418DB3,0.09457104
CC_60961DF8A134,0.16038024
CC_609B7A7FA165,0.08902146
CC_60AC5C892D01,0.12508206
CC_60C09FF84412,0.17327695
CC_60C87349D73D,0.30227935
CC_60DA2FBF1FBF,0.09791187
CC_60DA539A39FD,0.17526916
CC_60E974A0B278,0.06708544
CC_60EF7D647EFC,0.038084846
CC_60F525A39898,0.039196335
CC_610009B69EBA,0.6303982
CC_610FDDF5FE54,0.13514291
CC_612C06CB5FF4,0.09407378
CC_61307D82CC26,0.6222271
CC_615030FD33CC,0.7921245
CC_61649241FE59,0.18718146
CC_6170051A606A,0.17342462
CC_6179A630658E,0.077909596
CC_617BD59427E7,0.08961135
CC_617EC8BD5153,0.24548301
CC_6191E14D21BE,0.058698438
CC_61A798B8D222,0.05941663
CC_61B4A983D1A1,0.09763098
CC_61C9732AA682,0.70693666
CC_61DC64E37471,0.06754492
CC_61EAF14033DB,0.1078656
CC_61F18E0C218F,0.051107105
CC_61F1A1263F5B,0.1505553
CC_6209EA426553,0.04371109
CC_622BD8CB3807,0.25221452
CC_6234A9617A7F,0.08134551
CC_623AC074EB25,0.15954837
CC_623FAACE8A80,0.05267164
CC_6244E2935407,0.19600765
CC_624535E11F69,0.04567136
CC_624EA2917CDD,0.617428
CC_62565D08DDDD,0.7736181
CC_6268ACD3F95B,0.50598425
CC_626B61F4789A,0.6429317
CC_629193C2A090,0.3277513
CC_62933641AC43,0.2542635
CC_629480877536,0.33306453
CC_629CB045D9FE,0.09385404
CC_62A84BC400F0,0.2768752
CC_62C36DF81797,0.19094633
CC_62CC835CAE4A,0.6534595
CC_62D4192F126E,0.7646304
CC_62D7A3C9483D,0.061119497
CC_62DF1B99B4DA,0.10479265
CC_62ED7BA3E620,0.040949605
CC_62FC001AFC78,0.11719458
CC_630412B4AFDA,0.20569049
CC_630903AD39C1,0.032705583
CC_630938DCC1B5,0.06847241
CC_630ACED773E9,0.39914292
CC_631E1690D913,0.052656773
CC_633A7C7FC25F,0.21769686
CC_6342051D8FEA,0.2509705
CC_634CE4E8AE49,0.19623971
CC_6359692F5EF6,0.13005702
CC_637278423A6D,0.19914465
CC_6377AB848081,0.08267933
CC_6381A65E0A3D,0.08357148
CC_63871B4814E2,0.11852038
CC_638AD269F05C,0.031033183
CC_6391AE0FB83F,0.14878438
CC_639703EE2ABD,0.036494195
CC_639750C87A7A,0.7035767
CC_639B1DCECD2F,0.19455071
CC_63A869443AC0,0.46341488
CC_63CCEE26BCAE,0.06102041
CC_63D51CECB6D2,0.2571162
CC_63E53402FC02,0.027351677
CC_63FC6895901C,0.122717425
CC_63FC8A97D9C1,0.12464926
CC_64117B93EF73,0.29762486
CC_642D9C325F1D,0.33796158
CC_6436B950E22B,0.19551843
CC_6445BD3DDB6E,0.03653718
CC_645C15569E42,0.08917723
CC_646472AD66EF,0.10200673
CC_646B8254357E,0.14888598
CC_647F4BB4983D,0.652521
CC_6489ECEEFD0E,0.079854496
CC_64946E57306A,0.037455264
CC_64976830B0B7,0.28347898
CC_64BA10F3FAA1,0.08274782
CC_64BA39A0DFC6,0.08211438
CC_64CF9A79EBFC,0.0778623
CC_64F0E0473D1E,0.10615409
CC_65006C2AB2D4,0.72899795
CC_6500BD19FA06,0.3379167
CC_6504DCAA90E1,0.0837084
CC_6509C7361994,0.21785134
CC_651486189673,0.100077376
CC_65194BAE506A,0.18809599
CC_652539353439,0.14562644
CC_653CE5FA5A76,0.29890984
CC_6560C2F4EDA4,0.14939459
CC_656137F98187,0.6375762
CC_6575B4B39113,0.037823785
CC_657F629D31E2,0.21493371
CC_6580B7583ADE,0.19391008
CC_658477BA75D6,0.041349478
CC_658B7867BE7C,0.12497351
CC_6593FE5349F2,0.07912132
CC_659EE0F05A75,0.3453242
CC_65A0D8134410,0.29318088
CC_65ADD5A19F64,0.108135454
CC_65C3F0F73BB1,0.0923582
CC_65C47521C285,0.039035805
CC_65C4EE0B737C,0.24468496
CC_65CB68404333,0.2033391
CC_65D6DFF1B766,0.12054598
CC_65F1545C35E1,0.1957054
CC_6602547E2FCF,0.23125239
CC_6615D7044816,0.2842104
CC_66244D4B72EA,0.105512895
CC_662E5AAE07A8,0.058070783
CC_66322B339E84,0.05357789
CC_6634FD4B1CD5,0.77508366
CC_663DCEF4923E,0.20765679
CC_663FE5BF918D,0.48314345
CC_6645798E740D,0.101559006
CC_6649736C8321,0.8182666
CC_664E1026C4D9,0.27362317
CC_665603C4A33B,0.078794
CC_665BDD9C8039,0.38490137
CC_665F2AD58363,0.18923502
CC_666767444BC3,0.23564279
CC_666C0A2A8674,0.05917457
CC_666F2BCDC7D7,0.16015486
CC_66775178B226,0.0664183
CC_667B6F8C846A,0.6576087
CC_667E909835A4,0.2256228
CC_66809C278FCC,0.19668965
CC_669CCC44CFCD,0.06404441
CC_66B0BD3F6516,0.33755502
CC_66BF02C05DD8,0.13468844
CC_66C491256BE4,0.076093964
CC_66CEFA65F912,0.37053582
CC_66E025DB3282,0.6028239
CC_66E7B423A32F,0.6807704
CC_66ED26E7BAD9,0.07508999
CC_66F7FF7735C3,0.13360253
CC_66FD0CE6D57B,0.043420024
CC_66FFFE05C2E8,0.07375822
CC_6700012A39B8,0.1540454
CC_670FC6A064F0,0.20453542
CC_672932B65802,0.066779196
CC_6742C6478F98,0.18435648
CC_6745321663BF,0.05999057
CC_67579CF57290,0.15550016
CC_675F7483FB90,0.15199177
CC_676ACFAA6131,0.6393869
CC_676B423C495A,0.5838421
CC_6771C0D1CB1F,0.050685894
CC_677EE0369CA7,0.078962155
CC_677FE35855A9,0.23007268
CC_678091614A14,0.10441359
CC_678A43ED0803,0.6888179
CC_67955C210226,0.056715224
CC_6797E0B01112,0.26248598
CC_679D90941842,0.14634681
CC_67C05273700B,0.11080343
CC_67D5172B6450,0.17545857
CC_67E8CF412D93,0.11606258
CC_67F6576A6836,0.27265507
CC_67F985A00A12,0.05839885
CC_6801AD1D4478,0.07749814
CC_6803BFA94B17,0.055364106
CC_680B16E5E240,0.1515458
CC_680F2D0F4F6C,0.07341276
CC_68221E1393E1,0.10711478
CC_6822590B968C,0.17728141
CC_682D8EBCEE94,0.23237677
CC_68429B4AE401,0.42395198
CC_686B26BDD061,0.06654259
CC_687518442359,0.452342
CC_6875DA61F422,0.22860616
CC_68A3D749608C,0.15553662
CC_68A9C3CE2557,0.07115353
CC_68B9F8C6D9D6,0.66845
CC_68BC65E3C84A,0.46869147
CC_68CC4D1D898F,0.07153221
CC_68D0ACBD2D0F,0.03499569
CC_68DA8D5488B3,0.092102095
CC_68E675A69AF3,0.13370408
CC_68FC9E6FA27E,0.1693235
CC_69322F7C4CE3,0.14068665
CC_693710EAD59A,0.21156487
CC_69387752F41F,0.59475905
CC_693B71DDFE67,0.15335825
CC_693D4AEDA3A2,0.14080475
CC_6952171BCD2D,0.14529508
CC_69547DEB412A,0.23067607
CC_695E80DBA42A,0.076736584
CC_69717E76CFAF,0.46699226
CC_69741BF89A2D,0.1387876
CC_69825C70EEE9,0.19730894
CC_6985C268DC74,0.39381155
CC_698886C4AD90,0.14319102
CC_6999901A6060,0.19800867
CC_699ABD34646F,0.06779817
CC_69A98DC7A907,0.062137403
CC_69AA6E0DDE10,0.22692482
CC_69AD5A48A78B,0.22342277
CC_69BA7BFF98E2,0.119195715
CC_69BBE365C097,0.052645985
CC_69CD95A00D9C,0.046967097
CC_69D328691680,0.0606957
CC_69D39C9F36F2,0.30917966
CC_69E09390CD64,0.069711804
CC_69FD49E90AC9,0.36217377
CC_6A099AFE73BC,0.15688857
CC_6A099E6C91BA,0.30198926
CC_6A19EB191A81,0.03145415
CC_6A39017046FE,0.092498176
CC_6A4A401F2920,0.37131247
CC_6A5261180031,0.057217322
CC_6A7432494840,0.17049812
CC_6A7963180D20,0.38771364
CC_6A7D7E5F814F,0.5973636
CC_6A8B8BBA749E,0.1797585
CC_6A8DFDB0621D,0.13855448
CC_6A93C436E2FF,0.11146267
CC_6A97F81D9A0A,0.14972523
CC_6A9D1622B4DE,0.30762365
CC_6AA6589445C1,0.67155236
CC_6AA7A87F59FD,0.20714013
CC_6AADD44C0B52,0.09991815
CC_6AB4A5EBA3F6,0.2123365
CC_6ABA7D0ABAC5,0.14930771
CC_6ACF1E52BE8E,0.11351079
CC_6AD3513459CB,0.07012809
CC_6AD4238EE77D,0.19127922
CC_6ADD0FE5DD74,0.6759589
CC_6AE2737BD3A8,0.10660155
CC_6AE48C1F2448,0.17411788
CC_6B00A666A420,0.5836739
CC_6B07C3992304,0.06218182
CC_6B0A72BBD800,0.61924964
CC_6B12B975F2EC,0.38830507
CC_6B12C9507F32,0.15404673
CC_6B34719D93AC,0.58963
CC_6B34740DD355,0.14712907
CC_6B41081727AD,0.22668585
CC_6B4902892E70,0.07558761
CC_6B5BC2D89077,0.73351616
CC_6B65242C2CCC,0.1419477
CC_6B823BACBE75,0.35075244
CC_6B83E1A959C2,0.26225466
CC_6B84FB3DE604,0.02629729
CC_6B8AABAA752E,0.20342402
CC_6B8AC0DEE990,0.38133436
CC_6BA45C072D40,0.14749737
CC_6BA72ECB5027,0.116137244
CC_6BB560F020BD,0.06430485
CC_6BDF0B68C126,0.021827748
CC_6BF0A9437728,0.13246875
CC_6BF3B9097199,0.14762273
CC_6BF7A1EF31B9,0.14248694
CC_6C29DF49246A,0.057517014
CC_6C3C86C2125E,0.09498776
CC_6C42FF6D7218,0.6105619
CC_6C541A482CF2,0.1481062
CC_6C585A6BFE01,0.79959846
CC_6C5CE36700D0,0.18996584
CC_6C62C2094733,0.055809177
CC_6C66539A9D02,0.25829294
CC_6C684505E498,0.09023967
CC_6C6E40927C35,0.02324778
CC_6C7736F51C12,0.6743834
CC_6C781CEB6F52,0.08485284
CC_6C7E39BF4744,0.14114274
CC_6C9EE9BAECEE,0.073233284
CC_6CA0F076091A,0.08361094
CC_6CAD299645B0,0.15938629
CC_6CC3C50BA394,0.08762333
CC_6CC593C5385D,0.042338017
CC_6CDA4B24C602,0.3224689
CC_6CE31AFF7813,0.06961569
CC_6CECB68DE9C1,0.35044074
CC_6CECD3DBA212,0.18462992
CC_6CF17D012682,0.1614275
CC_6CFCDF903310,0.15913905
CC_6D08B5E62654,0.09909012
CC_6D0F60667273,0.24776882
CC_6D127EE83945,0.06686397
CC_6D134DB29068,0.33911836
CC_6D141A49D94E,0.54984546
CC_6D148C0A624D,0.15840225
CC_6D1EFDDE2EED,0.06227046
CC_6D22B938D7B9,0.06632078
CC_6D27409F4956,0.10964541
CC_6D2F0EBBCA4D,0.26769885
CC_6D43BE30E8B8,0.24856879
CC_6D4EDEAF67C7,0.2147181
CC_6D72571304DC,0.53019464
CC_6D7C62C7C161,0.05699261
CC_6D8A18C28AF0,0.07383788
CC_6D8B35007242,0.08549549
CC_6D93A9E49E3B,0.16194513
CC_6D9C644A082B,0.114404246
CC_6D9F52BD4D0E,0.10088868
CC_6DA058F9B631,0.25713822
CC_6DA1F8DF9CDC,0.24231377
CC_6DB000AEF16A,0.10349964
CC_6DB5025899E3,0.22373617
CC_6DD6FA2FA0C6,0.08841587
CC_6DE4E4C1A31D,0.17063516
CC_6E09CBC15C94,0.47740492
CC_6E353816938F,0.046033703
CC_6E3AB992A5C9,0.17653964
CC_6E420A2FE490,0.14467454
CC_6E46D01888D5,0.15918618
CC_6E4702162475,0.06957589
CC_6E548AF15091,0.24796502
CC_6E5C9A2DA27E,0.041320864
CC_6E610F3976CB,0.17245787
CC_6E614FF9BE02,0.6752936
CC_6E68D46447E2,0.08955317
CC_6E712C21215D,0.046017468
CC_6E84DED41B8B,0.12313832
CC_6E8557E30DC9,0.6314005
CC_6E8963475D35,0.2356148
CC_6E9880CA0BF9,0.30189764
CC_6E9FCD68ED52,0.6563407
CC_6EB194A93F60,0.13015069
CC_6EB370F511F7,0.07132275
CC_6EC722B2BC2F,0.15286416
CC_6ED1B0EE4B6C,0.24562329
CC_6ED65E7CABA2,0.10004709
CC_6EDA84B653B8,0.34122008
CC_6EEE8E7C1D1C,0.18814069
CC_6EF17801ADD6,0.13376741
CC_6EF337CC4BA9,0.24772392
CC_6EF464EC9FCF,0.094769664
CC_6EF6B8AE7DCD,0.042788044
CC_6EF8C59D8395,0.8372082
CC_6F2146FE362E,0.051997498
CC_6F2408B665A6,0.46370637
CC_6F2B8E925D59,0.023602288
CC_6F3034E96848,0.09436538
CC_6F3559ACC2F5,0.044115942
CC_6F46C5897DA8,0.36798707
CC_6F49ECAE902C,0.06850112
CC_6F4B818665D3,0.12526952
CC_6F4E696A1F88,0.3059388
CC_6F54BD66C0EA,0.2009584
CC_6F786C433998,0.087815
CC_6F78BF56B0C0,0.10459978
CC_6F8346F138C1,0.40088263
CC_6F86CFDB23D6,0.051033504
CC_6F8E30AE9457,0.20375492
CC_6FC25B27AC26,0.08517568
CC_6FC8BE007FE9,0.16567071
CC_6FC8DA40122A,0.17675751
CC_6FD8BAB1DA3E,0.054697312
CC_6FE4FD09A9D8,0.08953029
CC_6FE78CB02174,0.028227586
CC_6FEB8EDBF2A4,0.13030326
CC_6FFCF2DAD0A4,0.0660643
CC_7002034B0979,0.078208506
CC_7006523D45E4,0.084775515
CC_70097151A773,0.061634157
CC_7011BC95A91B,0.038146425
CC_7020F3C11A3F,0.1521984
CC_70306409A3E8,0.37635612
CC_706B18DA7204,0.1110537
CC_70703A59C070,0.26130474
CC_70749DDFF595,0.13795882
CC_7079CE5127A3,0.03968719
CC_7087A46F0AB7,0.07210317
CC_708B73EBD939,0.14579812
CC_709315667BCA,0.094226226
CC_709970475B6D,0.57819134
CC_70A56ADAC199,0.058006104
CC_70ABB244502D,0.04408462
CC_70B0176647CE,0.120997705
CC_70D3353DA1C3,0.0773554
CC_70D652DF4E91,0.1272593
CC_70E3121BFDC4,0.09639097
CC_70E5FB8B072D,0.04850147
CC_70EFECA3FAEB,0.18972899
CC_70F59DA18BCA,0.42821515
CC_7100129A0AFF,0.10324344
CC_7113554E33B9,0.04041741
CC_71260405461D,0.051511344
CC_712677251322,0.20251988
CC_712D31B2785D,0.0743199
CC_713052DB1E2E,0.06417706
CC_7139C2D6F1AC,0.112522714
CC_71427FC8FA49,0.23951769
CC_714912E93A71,0.1465322
CC_717A5C2ED311,0.24944144
CC_717C94F5C8F1,0.06310052
CC_718F067F4DA0,0.049287528
CC_719E714DD38C,0.057464205
CC_71B169C874D0,0.17295931
CC_71BB5070615C,0.11074803
CC_71D37D6D19C6,0.18576618
CC_71DC80205F42,0.14078276
CC_71DEB636B8CD,0.61283815
CC_71E4CBAA1211,0.16611366
CC_71E787049755,0.113901235
CC_71F1EF5575AC,0.104792155
CC_7201DD8EB33B,0.22665493
CC_7202C8CE2317,0.3146353
CC_720B06583C57,0.030539075
CC_721DEC038BAF,0.075250596
CC_72219BCC83E3,0.14649157
CC_7223DABA7E98,0.07468345
CC_7233459FF7B8,0.23650129
CC_7238A8A6767A,0.18356623
CC_724559551664,0.66712725
CC_7248EB4B76CF,0.06425695
CC_7259B5314D92,0.08463897
CC_725CA03102FE,0.041475058
CC_726E05E5A555,0.109767705
CC_7276AEED6D4A,0.069970645
CC_72A18E8D6670,0.035909597
CC_72CDBC38202A,0.4925475
CC_72D8B2ABA2D1,0.7370653
CC_72E4590D362B,0.35273013
CC_72E8542AE4BA,0.052161995
CC_73010B6E55DD,0.6542152
CC_7309A4693D52,0.1292351
CC_730C2A3FF1BF,0.13347477
CC_731C1BCED024,0.5440524
CC_732C325832D8,0.16143897
CC_732DFCAA0A75,0.20537646
CC_73322A6A24B1,0.7807175
CC_7336B19A18AB,0.23739691
CC_733AF1D123B8,0.3433997
CC_7344A0E90AFC,0.10566177
CC_7348C2B475B7,0.13277987
CC_735E1A78B058,0.07884945
CC_735ED2A02DC4,0.1246104
CC_736015DE4E3D,0.32149124
CC_736A42761E55,0.110625856
CC_736C0436B98D,0.15462136
CC_7379212919FD,0.092643514
CC_73859CD59E75,0.4789283
CC_738B201B1CF9,0.17814104
CC_738DCB11942F,0.07043955
CC_739198ACE582,0.13018085
CC_739D093D7B69,0.096881986
CC_73A7FC903662,0.1669796
CC_73A8927DCEB9,0.099164955
CC_73B575BBBBE3,0.14610316
CC_73B6B9AD2002,0.051819183
CC_73C28D72A5A3,0.40679663
CC_73C38DBDF9A7,0.108033046
CC_73D44BEF6754,0.38561428
CC_73D4C1D7C022,0.07828553
CC_73EF383F3C2E,0.14760786
CC_73F34B1607C1,0.05622869
CC_74137206902D,0.09318387
CC_74198E5EC366,0.07560075
CC_744FB5804A8C,0.6460153
CC_7451E64B6D47,0.18381824
CC_745A64878AF1,0.09594648
CC_746B196CECA1,0.16209807
CC_746C06898D5B,0.62671256
CC_746DE1EED0DD,0.25662553
CC_7476938CF6A0,0.5307984
CC_747CFDB7E305,0.0671543
CC_74845374E870,0.74831206
CC_74AD8D3B192C,0.7729348
CC_74B90A15B270,0.105155356
CC_74BA5D46E909,0.7253964
CC_74BE0AD5E21D,0.17777993
CC_74C33B66F002,0.16270754
CC_74C9C3F17421,0.05769578
CC_74E4BD5C07D2,0.06955869
CC_750D90249EFD,0.10829272
CC_750DA21B7EDD,0.34050652
CC_750E6537383A,0.2416267
CC_75137D6F9DCB,0.10033478
CC_75173A8A11D1,0.33834678
CC_751DDC1FC2AD,0.14443992
CC_75357E0206F5,0.08093131
CC_753D160E3A58,0.21088888
CC_754447632F75,0.040046286
CC_7549363C5D36,0.0732841
CC_754F3894627C,0.105823986
CC_7562CD43897F,0.12573305
CC_756A077EC614,0.46098137
CC_756D3492443F,0.23445913
CC_75783B3E6C6E,0.045202263
CC_7598068A716C,0.044369068
CC_75A37D8C1F6C,0.5774344
CC_75ABDDA24C26,0.103890486
CC_75B287424E59,0.36645848
CC_75B2B88876B6,0.10566684
CC_75B324FCDD4A,0.19391787
CC_75C1466E61E2,0.21849175
CC_75CCCD9D4568,0.120973624
CC_75D2DAF4491C,0.32819346
CC_75D54090AAD4,0.083907045
CC_75F1927E5941,0.6463032
CC_75F99AD6844A,0.3148601
CC_75FBA505C727,0.31626394
CC_7615CC930B76,0.14892364
CC_76168488EBB0,0.2714422
CC_76197A77D666,0.024753544
CC_761F48F8E962,0.19274636
CC_764C6ADC6D1A,0.08776585
CC_7658A6B0910B,0.04128368
CC_766347951B7B,0.55530095
CC_76857712D8F5,0.30866873
CC_76A0DF2549B7,0.10859485
CC_76A636414AEB,0.2587163
CC_76B01540CDD1,0.16951098
CC_76B420FC66EB,0.08800458
CC_76B6BCD2EBAF,0.0753137
CC_76B7A0029620,0.11209226
CC_76BA435EF2AC,0.16346376
CC_76BCC1AFDA4D,0.075482085
CC_76C35913E797,0.15366745
CC_76DE3DF1DEE3,0.1631006
CC_76DFA4CD068B,0.102482006
CC_76DFE3568C72,0.24412206
CC_76E201F1E036,0.33991912
CC_76E83166FE0A,0.14849319
CC_76FD9E9D9ED0,0.10458688
CC_7720BBD06736,0.34686172
CC_77340228F356,0.6537696
CC_773CBBCBAFFE,0.09317687
CC_773E9B092923,0.10396998
CC_773F22C3E42F,0.04841603
CC_774ED295BF96,0.13055196
CC_7751ED6DF76C,0.051737677
CC_77571749B970,0.148018
CC_776F8B3BAC08,0.10452962
CC_777889F9694E,0.03880824
CC_777D08513AE8,0.084529996
CC_777E3D988EFD,0.21656324
CC_7795BEDE05E8,0.28980315
CC_77A9EA3A6784,0.08771124
CC_77B1AB7960A9,0.23239964
CC_77B6EA810549,0.25608492
CC_77B9889C9BFD,0.1793988
CC_77BC55DC92B6,0.17880279
CC_77D1DFCB0A8B,0.04481665
CC_77D9AC43DFE1,0.24191473
CC_77E6EF1CF2F7,0.13891023
CC_77FFA8E6B36D,0.07733104
CC_7801661A9DC2,0.142008
CC_78069B1BD931,0.15120149
CC_780828B48716,0.06252674
CC_782130B98F34,0.09923407
CC_78273789B3C5,0.7697436
CC_78296783E4EA,0.14792348
CC_782B06291D87,0.06724623
CC_783A2D4C89F9,0.4069423
CC_784407E16923,0.10288294
CC_78491B6255F2,0.34884536
CC_784F17AC712F,0.05625257
CC_7852FC3BBADB,0.07220619
CC_7866E4CE528E,0.7524437
CC_7867E7C01013,0.21312189
CC_7869F609EC2E,0.24613674
CC_7874F14ABD7F,0.19714521
CC_78774E05FF12,0.14443995
CC_78815A352067,0.12810162
CC_788FF4549766,0.24827234
CC_789977501322,0.08805128
CC_789B2BA880E7,0.04222416
CC_789D87F51AA1,0.051545415
CC_789DC3C358CB,0.25745717
CC_78A036DF6320,0.7143588
CC_78A3EA63B7EF,0.033007547
CC_78BF1B8FC1CA,0.11935464
CC_78C96E7015BA,0.67856306
CC_78CC84FA2CE2,0.25644657
CC_78F0087076CF,0.17515253
CC_78FAA95F5B5F,0.10811286
CC_79033EFDE096,0.12821324
CC_79086C18A963,0.16865996
CC_790DA2ED9F5B,0.09580433
CC_7928811F7D86,0.09982429
CC_79345478FCE5,0.15484403
CC_7936C8D65B95,0.12688088
CC_7948C5509411,0.5140899
CC_794ADB0677CD,0.13807891
CC_794FF8E7F876,0.0421187
CC_79500EA652BC,0.60100967
CC_795083A66DB5,0.04885472
CC_7950D4B773CF,0.11145062
CC_7955AEB49759,0.14962836
CC_7964F862DFA3,0.462863
CC_797A700CF967,0.48321614
CC_798180DDF677,0.37897784
CC_7981ABA9C370,0.12246639
CC_798B2DC03C5A,0.076517925
CC_79BD986C23CA,0.068031214
CC_79C6BA680815,0.48193994
CC_79D694E6F5AF,0.30848855
CC_79ED9A0F6E49,0.46108338
CC_79FA2512E5A2,0.1602538
CC_7A0024F6FA60,0.23435348
CC_7A193A453F27,0.04093681
CC_7A1F071DC5D4,0.32683542
CC_7A5D96BC99AA,0.7461836
CC_7A6B51562949,0.17458895
CC_7A6D7F9654DD,0.42753834
CC_7A778E010F33,0.21770054
CC_7A7FB841B669,0.52984375
CC_7A91013D31E1,0.11960525
CC_7A9117596769,0.051843014
CC_7AAF340DCE8F,0.18484034
CC_7AB146267981,0.19741593
CC_7AB2A9CC8424,0.21165207
CC_7AC1DF18CBA4,0.21322033
CC_7AC4240DD225,0.31168163
CC_7ACB325BD924,0.2402318
CC_7ACB88002397,0.47000784
CC_7ACD4F370AED,0.23369841
CC_7AD4072A9F82,0.06765769
CC_7ADEECDE4D73,0.2503987
CC_7AEB48D8C5E0,0.08220693
CC_7AFA5CD2B29E,0.10081011
CC_7B092786DDB0,0.053879973
CC_7B1B35D5628E,0.035819687
CC_7B210557F04A,0.11494378
CC_7B369A7C1D3F,0.17025878
CC_7B4002591821,0.6933975
CC_7B42BD80D79A,0.20966358
CC_7B44FDF08B93,0.09474087
CC_7B501C32CAE5,0.075430244
CC_7B88520D4FA2,0.37114963
CC_7B8ABE6E552B,0.20799483
CC_7B8D2E07908E,0.45990327
CC_7BA150468D19,0.5227898
CC_7BB159FCEB53,0.1821622
CC_7BDD72710831,0.057281405
CC_7BE02C65B967,0.2042495
CC_7BE382988C1C,0.63167447
CC_7BE6110DBAA1,0.322924
CC_7C0B14BB0573,0.17012581
CC_7C0CF5558904,0.69839114
CC_7C13E7F561DA,0.6697938
CC_7C46F7F667F3,0.0890262
CC_7C510CE0521B,0.07914361
CC_7C61B5D39E49,0.38993576
CC_7C6770DDA182,0.13716945
CC_7C6DBF78A610,0.10471797
CC_7C7B0438E3AB,0.17069384
CC_7C87DFBC3176,0.094714776
CC_7C9528E94215,0.32928252
CC_7C9ADE65CF81,0.08702103
CC_7CB6CD1B9DD0,0.045425314
CC_7CB7C7E55BE6,0.16830097
CC_7CCC3A690325,0.14345492
CC_7CE5689488DB,0.041404434
CC_7CEB758A9814,0.059196718
CC_7CF7443D923A,0.064230435
CC_7D0D597690BF,0.12234625
CC_7D0EA0307817,0.037840147
CC_7D12E6FF25C3,0.115943976
CC_7D28D39AED1F,0.5988357
CC_7D2D19D832FF,0.06368405
CC_7D34A67E1369,0.045128483
CC_7D4388B41EB9,0.133775
CC_7D46FE573D79,0.08353916
CC_7D7810799F2E,0.04684668
CC_7D79241150C8,0.13442323
CC_7D7B92EF2655,0.167656
CC_7D8C2495C1F7,0.08100377
CC_7DA4F1BA24A1,0.6990456
CC_7DAF18939084,0.07001868
CC_7DB8BA427410,0.045587093
CC_7DC9456F1161,0.041174646
CC_7DD2CBE0F0BC,0.22813496
CC_7DD495158BFD,0.6891856
CC_7DD5411F7A14,0.3190414
CC_7DF099A7A092,0.21032767
CC_7DF27D2AC111,0.0369506
CC_7E0CA072EF93,0.062098447
CC_7E0DA100F5F2,0.20901535
CC_7E1086EFDED5,0.046216533
CC_7E12E0F3CF6D,0.1141726
CC_7E178CE78FB8,0.08419538
CC_7E1C1A6D0E9A,0.17955124
CC_7E2A76850DF6,0.75457036
CC_7E3ACB15C69D,0.116647735
CC_7E3F3373A73D,0.7655313
CC_7E42A3D0737F,0.12793583
CC_7E4679C534D7,0.213505
CC_7E53FEEB19B1,0.2402176
CC_7E71CE7FC603,0.19915412
CC_7E8333DBAEB4,0.3686247
CC_7E843438DE4A,0.05482357
CC_7E8E4747C0D0,0.57275766
CC_7E952828C1B5,0.09401054
CC_7EA6431FE6F5,0.13829565
CC_7EA7BA7621C3,0.24001086
CC_7EA8F24B3010,0.10848636
CC_7EAB28B0309C,0.052432716
CC_7EB4A5BDA97E,0.07952295
CC_7EB4B0A36534,0.09663621
CC_7EB791F4AB2E,0.12134965
CC_7EB883C9D5F9,0.041550484
CC_7EC59C577F02,0.06438289
CC_7ED2683D26DD,0.11118612
CC_7EDB3440E0AB,0.64883816
CC_7EE12013C7DF,0.19013949
CC_7EF824CC0D3C,0.13674785
CC_7F09C6F6321D,0.7401079
CC_7F1AD40DA179,0.15707624
CC_7F1D38A39164,0.09390853
CC_7F22B7D326CC,0.17169765
CC_7F2614F1AAAE,0.2812244
CC_7F2CDC7C1634,0.042118102
CC_7F2D46DF9BC7,0.15092818
CC_7F57A90B69E0,0.23678498
CC_7F633226A676,0.2362452
CC_7F753D809267,0.7255042
CC_7F7EBF25AED7,0.03395894
CC_7F8496CC5779,0.045204084
CC_7F88D9C5D258,0.07725738
CC_7F8AB4DCA794,0.12602967
CC_7F8CC9509418,0.2332507
CC_7F9069571F79,0.28813478
CC_7F9AD27E079E,0.22878483
CC_7FA281AC1C7A,0.07631982
CC_7FA389E90548,0.051492836
CC_7FBF4A48AF55,0.067051575
CC_7FC40175A8E1,0.24752621
CC_7FD58EE7029D,0.080561556
CC_7FD7F635C341,0.058944236
CC_7FDD458DA059,0.25289994
CC_7FE85C259E03,0.087842
CC_7FE8CD30D7E0,0.08173289
CC_7FFA32DE7B04,0.13627173
CC_8014F1E2C5BF,0.041804127
CC_8015895C1C29,0.25064102
CC_802BA7E39A13,0.060683083
CC_80300D23C3FE,0.30139536
CC_80465303B6E2,0.20180456
CC_805ADFD46B84,0.053100735
CC_8060F40D9522,0.1794339
CC_80621E822131,0.054600913
CC_806654B580B5,0.38266754
CC_806CFD6A52BA,0.034657367
CC_807935BBEB7F,0.0491264
CC_807C57E626E4,0.08795354
CC_807C91C98684,0.022696879
CC_8096B589BB07,0.11440814
CC_809D60155E9D,0.048394646
CC_80A2189E5125,0.5109858
CC_80AF87F62770,0.16227563
CC_80C03DF9CC57,0.20079273
CC_80D9B6563750,0.59283274
CC_80E9638ABD4B,0.057740174
CC_80F7171B71CF,0.09071885
CC_80F9983BC18B,0.050062273
CC_811109A98EFF,0.10961327
CC_8129480B056D,0.3718524
CC_8134E5DA9FEB,0.61286247
CC_8140399AD344,0.09653345
CC_8140E278B6A0,0.29426622
CC_814E0F756757,0.44858545
CC_815FAAABFC91,0.15860751
CC_816B28807CED,0.09100054
CC_81821F9F2307,0.52090687
CC_8186D7991EB8,0.044103686
CC_819E203180C8,0.7907014
CC_81A5E3141BDA,0.47363007
CC_81B5CED8EE79,0.1571433
CC_81B91198E00D,0.7701233
CC_81BADC379C8B,0.18523023
CC_81BF8EA390F7,0.06296654
CC_81C5FC962C72,0.05162669
CC_81DDBFAF1CB6,0.04993975
CC_81DE637E6138,0.026667032
CC_81F389DEC9C5,0.100777484
CC_81F647806849,0.1239332
CC_820D491B2903,0.7582412
CC_82172863AA45,0.25107977
CC_82195FBE9366,0.04386898
CC_821F503DA953,0.08888891
CC_8221AF9B0B93,0.7517447
CC_8222D1C47857,0.06431535
CC_824BB6CD2B25,0.067690074
CC_825192411933,0.073127724
CC_8270E213EDF5,0.19129556
CC_82839CC161E8,0.062255714
CC_828A0B6D7291,0.0927209
CC_828EDE22A438,0.041362412
CC_82928B5ABD45,0.3146353
CC_82A7FE954659,0.18026279
CC_82ABE1FFFA1F,0.112642914
CC_82BDFA01C41F,0.116674095
CC_82C20057CB4A,0.09678313
CC_82E52529A567,0.15490082
CC_82EFBFCF68AB,0.14651483
CC_83092F58B321,0.15760802
CC_83098B4BBD4A,0.10604984
CC_831F9E623C5F,0.17034142
CC_8326C8A3D569,0.10973142
CC_832730F42A18,0.1132325
CC_832A44C3F2A0,0.06053231
CC_832EBAE498AE,0.68351907
CC_833B196A70F3,0.66913736
CC_833E14DFF4C6,0.11170118
CC_834092035687,0.35508165
CC_8351244DE3CB,0.06656852
CC_835B90025058,0.038682763
CC_836534CEDFD3,0.1350643
CC_837ADC1EA55A,0.1601211
CC_83884D799788,0.16036455
CC_83947255841B,0.14516102
CC_83A5A3022ADF,0.793722
CC_83ABA98906DE,0.08245604
CC_83C75D07414A,0.41606766
CC_83CBA767432F,0.7230016
CC_83D342F53F36,0.16438222
CC_83D5CA2A23C2,0.045708533
CC_83E002D6D82D,0.18094286
CC_83FE1BCC83E6,0.34501797
CC_840E5B830DB4,0.054482803
CC_842525788FC1,0.19541113
CC_843076C8EB9E,0.28106096
CC_8442C97EE91A,0.1377933
CC_844C3C30ED67,0.095883615
CC_844E345D2636,0.20272303
CC_844F26E92B12,0.18260384
CC_845032D8A261,0.2879468
CC_845223F606E2,0.36452493
CC_846F5B19B110,0.27097434
CC_84797EA9ABF9,0.21717204
CC_848D59D48081,0.23814678
CC_84AB057BFCCA,0.04119958
CC_84B0BA112537,0.038768727
CC_84B8FCEDADD5,0.087017015
CC_84C61A6BE99D,0.09152119
CC_84CDF830F68F,0.06824701
CC_84D5B88572DC,0.2272044
CC_84FABECED186,0.12900637
CC_8503F43FB29C,0.2557274
CC_850ACB004EE2,0.06584626
CC_850B114489CE,0.093185514
CC_850CC17BB13B,0.11379311
CC_8518C159BDE6,0.1036568
CC_85299261146C,0.083560325
CC_853986C52A17,0.050154675
CC_853ABBECF2E1,0.78464025
CC_853BF4485D85,0.1629997
CC_853EED03843B,0.074043885
CC_853FD1B551B1,0.15448222
CC_854AAA98CC0C,0.7925812
CC_854F8AB5F1FE,0.041156117
CC_855E2A785BAA,0.100216076
CC_85614CA68432,0.05639105
CC_856B92B23BB5,0.8087044
CC_856DF4A30E13,0.71444166
CC_858704DBD5A6,0.054118637
CC_859EF0AAA74A,0.03878829
CC_859FB710961E,0.1397635
CC_85A0EB3C9884,0.5130454
CC_85C887BB996A,0.10230508
CC_85D9A6C9CA60,0.11400795
CC_85DAF10E61A1,0.574604
CC_85DEF8ECB524,0.14568071
CC_85E2E0B8B15F,0.668002
CC_85F018DC47FC,0.28960815
CC_85F376B33951,0.18606576
CC_85F745E1D307,0.15653715
CC_85FAFB430486,0.28018856
CC_860D4B868C17,0.01925273
CC_8614E30C9FCE,0.5317422
CC_861F5DC22035,0.048390266
CC_8624ABB391B1,0.18130787
CC_862BAB422756,0.3257599
CC_8642F98E5504,0.17225319
CC_8655B8862C81,0.15033564
CC_865FCEE75A8E,0.027205268
CC_867372811CCD,0.45242146
CC_867695B5C296,0.57481754
CC_8682B1F914ED,0.14056578
CC_8691DF144B92,0.53787124
CC_86AD259FA5B1,0.14187796
CC_86AEC21936BB,0.70963967
CC_86B1D15F8424,0.061566964
CC_86C2A6EC5712,0.7625336
CC_86CF816B494B,0.079465486
CC_86D4D58B1D0C,0.1257745
CC_86E2C4E17CB6,0.046221975
CC_86E9E191E3CA,0.31721237
CC_87000C16C856,0.10975177
CC_8703DD5FA02C,0.1739396
CC_87065B1F429D,0.09625807
CC_87434BBA1CE7,0.0525007
CC_87450EA8CD55,0.72173053
CC_87480F785786,0.07642146
CC_8777EA6EBFD4,0.04334497
CC_877A35E76904,0.069147065
CC_877B37D01563,0.14686577
CC_879759A5EFB8,0.32131284
CC_8798AF2651BC,0.0818231
CC_879989FB3B92,0.5553159
CC_87A3BECEE5A4,0.14478445
CC_87B7CDF4BDDE,0.036835387
CC_87C13E620006,0.24670617
CC_87E3AFB080F8,0.078837
CC_880044F77ACC,0.09378941
CC_8809BCAC74A9,0.037385285
CC_880E0019DB5D,0.033462673
CC_880F027D886E,0.12718534
CC_8812BC579F7D,0.075833514
CC_88225FE57D82,0.24464811
CC_88315318E9DA,0.32988623
CC_883864E584A8,0.08768967
CC_88469BAD58C4,0.063807696
CC_8854EE679596,0.06843987
CC_886273CC4072,0.081763476
CC_8866B6D4524F,0.2524019
CC_88A943606806,0.31495693
CC_88E916A3F984,0.8566813
CC_88FDC55C31A4,0.14778633
CC_890D5EE59076,0.022808857
CC_890F721517F2,0.10612813
CC_89129D16418A,0.34595382
CC_8917F02F9326,0.15350352
CC_8920B6584A43,0.08881003
CC_8929DF270419,0.6942886
CC_892B119F0E5C,0.16974482
CC_89302456B9D5,0.5902874
CC_893FAA6D1F04,0.7461905
CC_895AF697BFBB,0.26551536
CC_8961FF892F79,0.026026288
CC_897674493060,0.0699077
CC_898AFCD28B03,0.13569778
CC_898CC919D10F,0.24561112
CC_89A711195EEB,0.16053334
CC_89B4DF07DF12,0.076285034
CC_89B941079E10,0.121821426
CC_89B97E9FF67A,0.094500266
CC_89C5162E8055,0.19068727
CC_89CA0F1E2DBF,0.2775168
CC_89DEE29A78AA,0.11585808
CC_89E089707730,0.14754438
CC_89F0B865A6D4,0.18046078
CC_8A04C5D4D02D,0.06484372
CC_8A081AA1FB92,0.40481457
CC_8A0C640E7A89,0.5537754
CC_8A12B68246A6,0.053011674
CC_8A14A46B280C,0.16392611
CC_8A165A18560F,0.25082332
CC_8A19196788FA,0.056890093
CC_8A25FA445037,0.09975231
CC_8A29EA87B295,0.12989148
CC_8A2AC87CB22A,0.060446594
CC_8A34634E7423,0.5749498
CC_8A38BC1AFE57,0.052972816
CC_8A4CAF0CD0F3,0.11013673
CC_8A5A0429CAB0,0.11666675
CC_8A6E60FAE870,0.083181195
CC_8A7DA054E397,0.67804575
CC_8A7F5FF4B421,0.20363584
CC_8A8249A44847,0.13098356
CC_8A8BCE16DF45,0.12044089
CC_8A8EC764734B,0.06968855
CC_8AB553BFA00A,0.100078404
CC_8AB57DC077EE,0.6583005
CC_8ABA5808D313,0.06298196
CC_8ABDD9A05C87,0.3658086
CC_8AC7520DBCCF,0.15542905
CC_8AC7F8BABF28,0.060488444
CC_8AD67FB3A5CC,0.7294502
CC_8ADDCF5EDCC1,0.10518349
CC_8AF1C3A0799E,0.7181739
CC_8B388FAED0B6,0.13967863
CC_8B46CA903D09,0.022410989
CC_8B5819403FC8,0.76232225
CC_8B581B8207A9,0.13491535
CC_8B6DBEF19F46,0.14519607
CC_8B8326C4C229,0.103780076
CC_8B850FDCFC83,0.070623465
CC_8B8F41F19B72,0.07654177
CC_8BAF98C60957,0.14296474
CC_8BB0824B181E,0.05073264
CC_8BB963DAD9E2,0.16048373
CC_8BBF5F939D7C,0.123802505
CC_8BCBDCF4DFF1,0.1459178
CC_8BCE343561CB,0.7541395
CC_8BDA87361657,0.11126665
CC_8BE68A4DB87C,0.08256743
CC_8BE9BBD879A5,0.036760855
CC_8BED85B91011,0.39762232
CC_8BF68E552DA2,0.1986921
CC_8BF832E6464E,0.8043737
CC_8C1561920E84,0.23581536
CC_8C2A7D9A667A,0.14326046
CC_8C3A5DFE70B9,0.14098231
CC_8C534CCBDA4C,0.23189019
CC_8C6472A3EEAB,0.058918945
CC_8C6B4854D16C,0.261396
CC_8C76DE4F58D4,0.046756394
CC_8C7DA3F4F88F,0.08106664
CC_8C8527DE7DD7,0.079065904
CC_8C9416612FDE,0.45241058
CC_8C9973F02AD6,0.2916796
CC_8CA1DB61A2AC,0.06251437
CC_8CA59CAE22F6,0.22331661
CC_8CAFD04A6EDD,0.09721781
CC_8CCCC389913B,0.6319105
CC_8CCEF12DC7B9,0.21959493
CC_8CDCD714BD1F,0.7614055
CC_8CEC7987D1B1,0.07754373
CC_8CF621ADAC0A,0.2755599
CC_8CF8FE2A4B82,0.40759894
CC_8D048396D9D5,0.11372048
CC_8D1089C58563,0.47445542
CC_8D35A37FC4B1,0.12838568
CC_8D41E12FE5B6,0.16381332
CC_8D4A859839EF,0.17214356
CC_8D4AD431C55F,0.07732534
CC_8D4D882CA579,0.10843444
CC_8D6151025078,0.10423719
CC_8D637233FE54,0.14936572
CC_8D6AEBA2D7EC,0.098921195
CC_8D6E16DED971,0.17277266
CC_8D7329F79BBD,0.5492962
CC_8D7B7307C43F,0.10177139
CC_8D7B9D4936EC,0.7073568
CC_8D80B1B44AE1,0.52553844
CC_8D9516D61143,0.3786874
CC_8DBB8445786A,0.07862257
CC_8DC5B86D9DCC,0.67948014
CC_8DC6465998DD,0.18369804
CC_8DDD0EDA9CB2,0.15715268
CC_8DDEF0265CB4,0.07675593
CC_8DE06BEB95A1,0.07337234
CC_8DEBB5B14A14,0.17079301
CC_8DF5BE7F759C,0.059291508
CC_8E0ADCC71F85,0.049720444
CC_8E0BD86F6F0E,0.11070317
CC_8E143BFCF3E5,0.1391204
CC_8E170A60D71C,0.37291875
CC_8E1C3A21FAEE,0.10287328
CC_8E408E18F060,0.10299021
CC_8E42FB163DA5,0.8016508
CC_8E47536D29BE,0.20200622
CC_8E50AFFC5BBD,0.046762113
CC_8E5FB1035354,0.18096934
CC_8E7B9B8DD1A3,0.10593674
CC_8E85B08196AF,0.0356982
CC_8E96FC75AE5A,0.08490332
CC_8ECAB5A6C7B9,0.06677531
CC_8ECC4C7A6638,0.5365471
CC_8ED6F13C35F5,0.17229266
CC_8EE5E9467038,0.15116635
CC_8F037E5AE692,0.06387646
CC_8F1A418D96B3,0.24251243
CC_8F1C4014F91A,0.16249931
CC_8F30A5FC9D49,0.083510526
CC_8F3456F298F7,0.24319501
CC_8F393D485C29,0.18349074
CC_8F4A41130110,0.042596493
CC_8F7AA6E4D486,0.12542072
CC_8F887BE25314,0.16528997
CC_8F90CD1A5E00,0.18013303
CC_8F9B26042C4A,0.11952233
CC_8FA9423E65C6,0.09589419
CC_8FBA6C32E0A5,0.18966916
CC_8FC1C50C41E7,0.084216215
CC_8FD005425792,0.057947453
CC_8FD6A223135B,0.12466685
CC_9002450E1B5A,0.05481477
CC_901CE62199C7,0.39100838
CC_901D2136E1F9,0.15625863
CC_902648F62345,0.1445921
CC_902BF0612E70,0.13301721
CC_9036F7423277,0.20169511
CC_903AD2767BAE,0.6608929
CC_903E4BA690FA,0.23845735
CC_904386E31210,0.051523097
CC_904EA6C846F8,0.44472626
CC_90549DD3CC39,0.14770982
CC_905739E5494F,0.08632207
CC_906F852C69D6,0.66504425
CC_907911F4930A,0.27444968
CC_90798A7273BD,0.14694278
CC_907F3A8AFCFB,0.09392464
CC_907FA7722881,0.08596725
CC_90812D9F30FE,0.09599451
CC_90870A89F310,0.045824986
CC_90894CA021C3,0.7588068
CC_9092C5EBF5F6,0.0516744
CC_90A10D649D9C,0.5726187
CC_90BF8E127519,0.6276539
CC_90DBB385A7F3,0.7206317
CC_90EAD308012B,0.3148601
CC_90F4BF0B868D,0.11892273
CC_90FA39516EAF,0.0857275
CC_9117894F31C2,0.18318963
CC_911ED63BB556,0.3371492
CC_912730AE6E8F,0.2681127
CC_912CA7EE4C26,0.11483136
CC_912DA46AAED2,0.10283528
CC_9132E67EA479,0.18937522
CC_913D95FB31E0,0.17481314
CC_91529F20D461,0.8009614
CC_91586318C780,0.034895536
CC_915F2708219D,0.154267
CC_916CCF9CBC08,0.02965997
CC_916CF77A29CC,0.085335754
CC_9189E4FF82C5,0.1646467
CC_91A27CB6139A,0.15469867
CC_91B7A4A15A37,0.70050794
CC_91C2077BA6D7,0.04564538
CC_91C4CC43EEE5,0.1627786
CC_91C55BE33AC7,0.06215518
CC_91C81BC58B49,0.04473009
CC_91DE12EE18A7,0.39683223
CC_91DED13CDCD9,0.1356862
CC_91EF639761F8,0.15092449
CC_91F23A7E743A,0.33447495
CC_91F4C5E889C7,0.70272404
CC_920E91EB28A7,0.20132434
CC_921481F5F77E,0.12893447
CC_92221DB27176,0.16882315
CC_9224D5677C66,0.08953612
CC_9230B9656F93,0.2535271
CC_9231D0F8A993,0.7104645
CC_923727159A8F,0.05614482
CC_9248706729D9,0.053853653
CC_924AEB5DD991,0.16059175
CC_9250BA851692,0.2978038
CC_925BACE3417D,0.10391694
CC_9260CD0D7C0A,0.10061385
CC_9285EB21B38A,0.09240268
CC_92A09F03DAB5,0.7897214
CC_92BC35D7F9CD,0.09641571
CC_92C5FE9E5B12,0.6754699
CC_92DC8CF8C902,0.14221466
CC_92E006664648,0.22305617
CC_92E4EFB9F0DD,0.13336363
CC_92E621E0298E,0.1893495
CC_92F412AC7D22,0.06602494
CC_92F42886B7E4,0.23435669
CC_9301E23D376D,0.5705009
CC_931133320380,0.20115648
CC_9314B6D8B7F2,0.08015531
CC_9337E3B43211,0.20831093
CC_933E044F26DB,0.061582517
CC_934BB89938A3,0.095224544
CC_935296A995DA,0.12337046
CC_935326AF26E2,0.17736682
CC_935B72B8E7F0,0.049467765
CC_936FF3C9BE68,0.036863886
CC_937FFE1718BC,0.038786348
CC_939F92AEE460,0.8086937
CC_93A4365B25CF,0.7984981
CC_93AB9D6A7EFA,0.082614854
CC_93C719738590,0.8398683
CC_93CB48930B37,0.2042031
CC_93D24FAFD21D,0.09961541
CC_93DB5F477493,0.08937409
CC_93E1CAFAD44D,0.06630767
CC_93EC9F853123,0.19571279
CC_93FEAF515A8E,0.053305764
CC_94063A67F136,0.3461728
CC_9406E32819F5,0.06188677
CC_940971CBC1A4,0.12571836
CC_940ADC8DEA3F,0.15427312
CC_940C7E8E0C52,0.26510295
CC_941DD2E1DE56,0.13998899
CC_941FC1FD0D55,0.18435682
CC_943B720DB5BB,0.14238136
CC_9440309323A0,0.1126419
CC_944B461BC558,0.06636303
CC_9453654BACE9,0.17799641
CC_945888CEAF10,0.39064458
CC_9458D4A483A8,0.116850935
CC_9464BA7E98B9,0.08423135
CC_94794B478A5C,0.28208262
CC_947E58EFF90A,0.08161358
CC_948537FC17AA,0.7689356
CC_949576D25153,0.08304221
CC_949B8CEAD619,0.08349217
CC_94B4E05906A9,0.13211384
CC_94C3B6F3B0CC,0.1338328
CC_94C3D9D8FBF3,0.6610005
CC_94CD530B2099,0.11422359
CC_94E9D1E527E6,0.049863636
CC_950450C0845E,0.45240813
CC_95169A4360C6,0.057519354
CC_951A69571676,0.055303503
CC_95232636844F,0.19302726
CC_953A5913EDD3,0.14709252
CC_953B678083F9,0.069950745
CC_9541BD0604B6,0.14896098
CC_954404C1BEE6,0.313831
CC_95444ED71872,0.08738371
CC_9544B86C78A6,0.74575615
CC_954AD7E7C8F1,0.14518332
CC_95525CC6C854,0.1265758
CC_95573B318A91,0.031620074
CC_9569309DC18E,0.06865573
CC_956A2DF28600,0.23687683
CC_957C7A0D7B72,0.31928083
CC_958BECCA0BAB,0.43498755
CC_95A6C4DA2F12,0.6361992
CC_95AB75B5BBBB,0.13501695
CC_95C1274DD7DF,0.03162231
CC_95CD8F6A8CBA,0.03908901
CC_95DD4DC604BD,0.18636735
CC_95E1AC08266F,0.119154796
CC_95E3DDCB74EF,0.062507346
CC_9601384AC971,0.44039994
CC_9608A73A8025,0.16994773
CC_961F3BFBDDAC,0.83843344
CC_96206C1277EB,0.3120394
CC_96396AE6347C,0.22331038
CC_96416D2A937F,0.19807728
CC_964C2E0B00C1,0.22818048
CC_9657A2A04BAF,0.20181991
CC_9662D713B7BB,0.18464822
CC_9664F83B7F1D,0.18905465
CC_968AF836D0C4,0.056479752
CC_96A6735A4317,0.06678777
CC_96BC62A4A0AD,0.17844501
CC_96CD75668A6C,0.07232227
CC_96D928252719,0.33612993
CC_96E40BDE9A6C,0.1228454
CC_970116768415,0.23947117
CC_970E94875C2B,0.7629658
CC_9721C8A61D80,0.07992538
CC_972313B0F814,0.14367746
CC_972FD8FFFF63,0.5398072
CC_97478A77EC17,0.16364264
CC_974D14774BD8,0.06835979
CC_974D86BD39FD,0.06067179
CC_97508465AB76,0.13468726
CC_975689C0CD6E,0.063754044
CC_975967702106,0.037165288
CC_975F3F07ED23,0.051950496
CC_976E0D9A64ED,0.3411149
CC_977145B2B363,0.42599145
CC_9772CABFE1D2,0.76989603
CC_9773C1E6AC8B,0.71263397
CC_97832657396B,0.44042012
CC_97963C337FD3,0.49069354
CC_97978B581F20,0.1677458
CC_97A9ECF23955,0.16333522
CC_97ACD6D965F3,0.10223359
CC_97C69AF6E34B,0.72990996
CC_97D0E7256861,0.62781507
CC_97DEBFBE2BDE,0.33819038
CC_97ED469F2950,0.11815251
CC_97EE84ABA6BF,0.2884515
CC_9801B22BF375,0.106481336
CC_9803B6D4D780,0.26911703
CC_980E90C8A301,0.119054586
CC_9814B3D08A69,0.077715196
CC_9821BD45BB0D,0.21363275
CC_9829FA0350F7,0.03859567
CC_982CAA309A38,0.16126204
CC_98346EBF382E,0.18961313
CC_986698CCC6AA,0.11643381
CC_988FC580CD50,0.112434804
CC_989795BA3DD2,0.075955585
CC_9897A1DFE807,0.06584938
CC_98A2C8F4E956,0.06766122
CC_98A3E6CDC707,0.16695778
CC_98CE15EE1565,0.07914045
CC_98D036D16215,0.07216948
CC_98D09B14EE3D,0.37867853
CC_98DB782DF852,0.049433593
CC_98E2EA67BC97,0.06815786
CC_98E6E7CF74AF,0.08704827
CC_98EEEB2A83DF,0.6882689
CC_98F3D3194788,0.1286927
CC_98F8A8CF4F9C,0.3481076
CC_98F91BAB57EE,0.12831405
CC_98FA377070FB,0.18458827
CC_9900D0479959,0.2641153
CC_99061A735C6D,0.22906694
CC_99093EC1A2C2,0.14356126
CC_99376CA4DC26,0.039344423
CC_993A588895DA,0.1271177
CC_993EE6417CED,0.074968025
CC_99559319913F,0.053938985
CC_9970123DCC41,0.31241417
CC_998BB6848FDE,0.08899452
CC_99958287B2A9,0.4954296
CC_999BAB2D16FA,0.37740573
CC_999C7029261D,0.63350487
CC_99AA61D1896E,0.063334584
CC_99C03E7D99CE,0.0568341
CC_99C62022794F,0.08320311
CC_99D46BE6593A,0.17019692
CC_99D5A5371B39,0.12088675
CC_99D79709AD9F,0.7353089
CC_99D7DDAA460A,0.11286734
CC_99FC44B3C58A,0.10801941
CC_9A02B2A17C07,0.09452361
CC_9A05DE55D408,0.13145027
CC_9A0C42AA09BD,0.37789255
CC_9A2B390551F6,0.027269823
CC_9A2D66206BD1,0.4946137
CC_9A366E181FA0,0.14752464
CC_9A39365FA850,0.60377866
CC_9A42833BA860,0.037945125
CC_9A4911A0140F,0.07499909
CC_9A4FE1E8E0C5,0.34985545
CC_9A51017C734F,0.364232
CC_9A5DCCD62D0A,0.35807472
CC_9A602F492510,0.15825343
CC_9A66BDD34B89,0.03934808
CC_9A6AB0AB1E67,0.047368303
CC_9A7049ED5656,0.588928
CC_9A7AF31828E5,0.11231067
CC_9AA750377C6F,0.08096316
CC_9AB359C82202,0.043057762
CC_9AB7BF77EE83,0.7742811
CC_9ACAC8474B9F,0.01946987
CC_9ACCA4FB9101,0.055043794
CC_9AE1529AF9E0,0.17426576
CC_9AEE181F1156,0.22269857
CC_9AFD130D3725,0.103263795
CC_9B09C3353732,0.077869594
CC_9B0D37817EBB,0.104751945
CC_9B290B59155F,0.43930697
CC_9B2D487C64B0,0.102092445
CC_9B3DEC76ABF7,0.040545475
CC_9B4F778D0A6E,0.14476638
CC_9B581A92C2A3,0.4269302
CC_9B5CA8C38414,0.20690013
CC_9B6E82167593,0.19213243
CC_9B6F6B2BCC05,0.31172362
CC_9B7FC3DA1594,0.36387342
CC_9B957DC280F6,0.17692612
CC_9B997DF20042,0.30230466
CC_9B9BC4B83736,0.07703088
CC_9BBE1A16C04A,0.14197007
CC_9BC63F1A568C,0.23953038
CC_9BCB0166227D,0.31607047
CC_9BD3DC96ACC5,0.14923936
CC_9BDC5A0E43C7,0.45990255
CC_9BF9485A3F9D,0.2514889
CC_9BFE93FF2145,0.26414466
CC_9C0470A0536E,0.17759551
CC_9C205AF09E47,0.52836007
CC_9C30DC5C1E46,0.07535073
CC_9C325B6CAD11,0.04678087
CC_9C4A200D0BFB,0.4031959
CC_9C5EAF238007,0.23042212
CC_9C601C6BBD37,0.06483018
CC_9C606C2C92CC,0.08070845
CC_9C6192D3A16B,0.06350346
CC_9C84FB9B1469,0.059067834
CC_9C989433D637,0.18377705
CC_9C9B2FEB4937,0.13033974
CC_9CA7FBE1DD54,0.12310469
CC_9CACA50F80F2,0.15682733
CC_9CB40D552388,0.052879263
CC_9CB8127D17F0,0.03766246
CC_9CB9CE2989CF,0.6900259
CC_9CCE51CD83ED,0.8333627
CC_9CDD2F3D0BE7,0.04275993
CC_9CDEC693AA99,0.35548222
CC_9CE9091AA9A9,0.24138717
CC_9D007C60D29F,0.074695736
CC_9D017774D4FC,0.679858
CC_9D095EC1F232,0.28496167
CC_9D1A1281C8FB,0.343112
CC_9D23F42B7996,0.39769515
CC_9D2FBC479646,0.6198555
CC_9D363365CAFD,0.098562725
CC_9D44E4543573,0.15503107
CC_9D45F67E3B01,0.066698104
CC_9D535DD207D2,0.075831294
CC_9D53ED53A15A,0.6068912
CC_9D5D97AEE98B,0.6091011
CC_9D5F2A5B6913,0.06411009
CC_9D6BC1C470B0,0.48265007
CC_9D71FBDE765A,0.048515204
CC_9D73939E357F,0.10910052
CC_9D82F401BD88,0.58207333
CC_9D8B4454BE84,0.25894457
CC_9D92537645DB,0.05864477
CC_9D95ADE03ED1,0.14261241
CC_9D98FE7A1809,0.04437952
CC_9D9D59757786,0.049178552
CC_9DAEB38616AC,0.14395703
CC_9DD55CC0E928,0.016028974
CC_9DD6B460CDFB,0.2908278
CC_9DD80B5E3729,0.07336798
CC_9DD82B4310AC,0.41912562
CC_9DD9389E8AE0,0.079477556
CC_9DDA8ACEB3D8,0.08813579
CC_9DDCD898D01D,0.116854645
CC_9DDD90B42A27,0.8379836
CC_9DF1807A4316,0.034054272
CC_9DF786FD2620,0.5123992
CC_9DF7B9B3C8F8,0.08359485
CC_9DFF6E2AC586,0.13690758
CC_9E0546BD7BD6,0.10624133
CC_9E0BE8227931,0.102809705
CC_9E1A205BA261,0.45006207
CC_9E2967559B00,0.0365574
CC_9E323A031449,0.7245934
CC_9E377CC03D51,0.04167373
CC_9E3B83584C12,0.17507425
CC_9E3D46FF5709,0.61694956
CC_9E4FA91B86A9,0.09439541
CC_9E53534DCD6B,0.16257256
CC_9E73656FC8C0,0.70616245
CC_9E7430675033,0.19792975
CC_9E84CACDD7B6,0.40759894
CC_9E84E0E4C5BE,0.27400106
CC_9E9C65275B4C,0.087165795
CC_9E9CB6473D59,0.21776353
CC_9EA4F11BE6C2,0.15048757
CC_9EBE3F26F2FB,0.06102116
CC_9EC23AB6C573,0.2711841
CC_9EC34DDD0E53,0.060733456
CC_9ED8EDFE8C55,0.08793375
CC_9EF352F179D2,0.12702803
CC_9EF505400F8B,0.64738315
CC_9EF66D83B743,0.3720494
CC_9F051572BFE4,0.2180305
CC_9F151A782BAC,0.14766026
CC_9F1A5DF4619C,0.52658874
CC_9F1BF78ECD7A,0.07645115
CC_9F263092AD72,0.1455894
CC_9F36EC36A9E6,0.07617265
CC_9F3D52242888,0.13522421
CC_9F41F312CDBB,0.3174473
CC_9F425167F9ED,0.1303238
CC_9F6981E0009A,0.33608037
CC_9F706DFE0AE7,0.031270895
CC_9F7B525DD52D,0.3405414
CC_9F8D5A5A9DAC,0.1920502
CC_9F8FAE57E6A8,0.1065482
CC_9FD1AB8E65FE,0.033845633
CC_9FD2689202D5,0.11891987
CC_9FDBB5C2CD09,0.027135141
CC_9FE52BD71CA2,0.11237803
CC_9FE8E62EB24D,0.09099356
CC_9FEA59AEA00C,0.21658452
CC_9FEA77B36A29,0.39179426
CC_9FEE9701D16D,0.20867784
CC_9FF35BA60E6E,0.26367456
CC_A0003F08B22E,0.16055162
CC_A00AE2543224,0.0622252
CC_A02A29DECDC6,0.121918425
CC_A0336C21117C,0.6817465
CC_A053B42BBE0B,0.077489175
CC_A0591F16FA37,0.027488984
CC_A05F962C80FF,0.16796957
CC_A07B0549E53F,0.06007879
CC_A09F230CCF5D,0.66068614
CC_A0AED6346ECD,0.15390946
CC_A0C4A796643F,0.13032715
CC_A0D6DDFB430F,0.06747967
CC_A0DF672F9C4E,0.14601722
CC_A0E8C7C5558A,0.25242925
CC_A0E9269DF22C,0.5513862
CC_A0F1DB5CB28C,0.085107066
CC_A0F42B26F8F0,0.070950955
CC_A0F8F80EDFB0,0.07372521
CC_A10AD9550E4D,0.0388141
CC_A10EB26E5EE1,0.15474916
CC_A111B065F623,0.073668815
CC_A113D95B4AB2,0.12614004
CC_A1320C0F0129,0.8199217
CC_A1348D850EFD,0.7378727
CC_A13D08B372E8,0.05584321
CC_A143E64BD9D6,0.34655645
CC_A14B0A24DC3C,0.12474802
CC_A15137F25F7C,0.080266215
CC_A152DBEC5BE7,0.061737843
CC_A1591CFF6D81,0.04714114
CC_A168CCB582C6,0.29265577
CC_A17DC38133CE,0.7294627
CC_A185D5EA3DE8,0.6326835
CC_A19C842508E0,0.1298468
CC_A1B648DA406D,0.028966088
CC_A1BF7028CAA8,0.01807526
CC_A1D035FA36E1,0.08118191
CC_A1DD653D41A7,0.10100105
CC_A1E3AD4B934C,0.2839274
CC_A1E58421CE87,0.055732157
CC_A219144EDEFE,0.057888757
CC_A21FCEEBB3C3,0.47318017
CC_A220E4278D79,0.051143423
CC_A2231BDC961C,0.22514822
CC_A234E219EFC7,0.3792301
CC_A239B1BD81FF,0.06980364
CC_A23D8CFFA31F,0.092830494
CC_A23F463F4B4D,0.048918463
CC_A23FFDC4A7A4,0.073900804
CC_A2423E273F84,0.0914977
CC_A2493E6036AD,0.30645722
CC_A25C54470CED,0.1170081
CC_A25FA690BBBC,0.12691188
CC_A2636CF7C075,0.097816594
CC_A26C22870E3D,0.43274492
CC_A26F6A272B3F,0.09804522
CC_A27CDC9BCBAA,0.15076867
CC_A27E5269DA60,0.13990703
CC_A28D4A46B6FA,0.09837038
CC_A28EB319030E,0.060530923
CC_A294D3A59462,0.8330882
CC_A29D8034C304,0.060209174
CC_A2A109409963,0.04786113
CC_A2A4FA5F9962,0.12872548
CC_A2A7E30C59D0,0.13474461
CC_A2B5D2D4E269,0.5707704
CC_A2BB24180208,0.2671505
CC_A2CF1DFEFE46,0.42219415
CC_A2D6090EA5B8,0.1575199
CC_A300BC40BC9D,0.048856746
CC_A3212501F639,0.21674883
CC_A3278A566572,0.06635266
CC_A327EBE4F783,0.20159543
CC_A32FB6659B01,0.07278416
CC_A33915EE72B6,0.113700844
CC_A33D350BE79E,0.15858458
CC_A3553B8AA8F6,0.11994809
CC_A36EB077BF3C,0.022779847
CC_A3753EB66DEC,0.10277421
CC_A378342AC9BB,0.16921535
CC_A379E9455C60,0.15076421
CC_A387ADBD7249,0.109076254
CC_A39E961FC29F,0.16697113
CC_A39FA1EF0B16,0.29874152
CC_A3A4E39FB04D,0.20032415
CC_A3A751BE68D2,0.044862367
CC_A3ABB3C5E9D5,0.6823109
CC_A3AF9C2C68F1,0.23998763
CC_A3BEA14873AD,0.14906214
CC_A3C2FEE13C37,0.120458744
CC_A3D6435D5F17,0.14133918
CC_A3E3E51AD0E7,0.03996816
CC_A40566694D53,0.23345028
CC_A410C0DC7125,0.042546827
CC_A42168D2B94B,0.08631992
CC_A43CED9AFEF5,0.3717911
CC_A4475A788D13,0.12557146
CC_A44D677C0C07,0.037209727
CC_A44E2673E71E,0.03949104
CC_A44E79A96425,0.29583853
CC_A462CA147DB9,0.114615954
CC_A4660E424386,0.1829836
CC_A476C9F116F6,0.18662086
CC_A47C83B6EE2B,0.14926666
CC_A47F8594678C,0.21783288
CC_A48A7592F96A,0.06329809
CC_A49195E659EE,0.050585862
CC_A498A936AD21,0.103006296
CC_A4BE6692361C,0.5759339
CC_A4BF2115580C,0.068262264
CC_A4CACCD14A0E,0.12676641
CC_A4CE57A1AB74,0.09762284
CC_A4DE4F1B5F93,0.15592039
CC_A4E300558DAB,0.06733712
CC_A4E972915D89,0.7635494
CC_A4EEA04CF3D0,0.2235824
CC_A4F400E9A0ED,0.049996153
CC_A4F550D7F95B,0.22003384
CC_A4FB91B1BF31,0.18350595
CC_A500C1ED0A33,0.22104286
CC_A50471962A96,0.67771703
CC_A5161D8AA57D,0.13031726
CC_A519C84307D2,0.09337471
CC_A5277A9BE02B,0.6617356
CC_A53578FCEA71,0.12569657
CC_A54EAD1CCE27,0.15236916
CC_A5512DA239BF,0.16457365
CC_A5545DF298BE,0.05898391
CC_A556EEF3010C,0.41968927
CC_A56756C65136,0.4079267
CC_A5852E06D2D5,0.341517
CC_A5886994671C,0.18658765
CC_A594D8B41A99,0.061591886
CC_A59C6A6B71C3,0.056970183
CC_A5A06987AF5C,0.1709172
CC_A5A1512FEEFD,0.18389268
CC_A5ACE4284283,0.12914544
CC_A5B10F07BCD5,0.10780207
CC_A5BC9ACDB4CD,0.062092666
CC_A5BF8B260922,0.49948257
CC_A5C52379AE06,0.30876642
CC_A5DD4441568D,0.028841777
CC_A5FE3BE2949D,0.055537447
CC_A60EF94F09C4,0.35044584
CC_A628BE74CB45,0.13989563
CC_A6292E9B43AD,0.06861222
CC_A638610BF8F8,0.08325483
CC_A63BBA86CE9A,0.2773007
CC_A63BDDAC43CB,0.070609055
CC_A6409E37A735,0.1584035
CC_A655EC341406,0.15982798
CC_A6562E47BFC7,0.1919418
CC_A6563A22D668,0.6692791
CC_A6601278C1BD,0.0996409
CC_A683678AC9FC,0.34696904
CC_A6864FE80A94,0.094084755
CC_A69117CC3C24,0.12675525
CC_A69928C7D217,0.21769674
CC_A6A8BAF7124A,0.2574162
CC_A6B7DFC69AAE,0.5413118
CC_A6BB595B55AA,0.06803906
CC_A6C5284C4586,0.10294309
CC_A6CB0D0191D3,0.13188487
CC_A6FA3FA9F0FB,0.13322374
CC_A6FDADD23BD7,0.041379202
CC_A6FE3938F001,0.17555833
CC_A71DB65F0BBA,0.62751704
CC_A730F4964FD4,0.094548896
CC_A73C02C58DDA,0.101485394
CC_A746BC2289C7,0.30368373
CC_A766C3608214,0.11749772
CC_A76F48111A8D,0.111018784
CC_A77AEC8AD2D1,0.01832287
CC_A781174166B3,0.18022983
CC_A79024286DFF,0.075852394
CC_A792720B875E,0.0709343
CC_A7952C2BC5B6,0.06766235
CC_A7954EE1A1C4,0.05730191
CC_A7991E6B3CAD,0.21414092
CC_A7B141DF4AAF,0.05822163
CC_A7BE2CED0B93,0.04550536
CC_A7CF446093DD,0.24683283
CC_A7D1C6692090,0.0799436
CC_A7D6CAB54328,0.4761785
CC_A7D8D1DA4EA6,0.08879239
CC_A8102BA6933F,0.06657716
CC_A81C1EDC5FE0,0.067207254
CC_A82C0FDDC303,0.422107
CC_A83F92C0CABC,0.12315226
CC_A849B0F60EEC,0.06313813
CC_A852AAB180D7,0.037009057
CC_A8536626873D,0.1516697
CC_A85F953FFD40,0.27479625
CC_A865A3F1E28A,0.70935374
CC_A867253FC73C,0.5702223
CC_A877592FE1AF,0.05269874
CC_A8AE26057851,0.16287021
CC_A8D50530622B,0.2020398
CC_A8D5C834B061,0.77962214
CC_A8DF49EED27D,0.7575853
CC_A8FB53A944AA,0.10187739
CC_A8FF19BCFB18,0.18568628
CC_A9042AA97760,0.06649055
CC_A917D68B7F33,0.05540376
CC_A925B3023F01,0.14407207
CC_A93A49678A0E,0.65687317
CC_A944C14551E0,0.12300706
CC_A949A4D6CFDF,0.027495077
CC_A96085AAACBB,0.52629834
CC_A968E7B519AC,0.6133785
CC_A96F61DA3920,0.25186607
CC_A98AA461487F,0.047511037
CC_A98DE37F48B1,0.023858896
CC_A99526CAE7B8,0.08790947
CC_A9997F50D935,0.13189395
CC_A99C3B09B728,0.05618091
CC_A9A0DADE60F5,0.28448588
CC_A9E27E0F8BF7,0.110660784
CC_AA06B8C44B08,0.51426095
CC_AA078692F54D,0.056497965
CC_AA3181148667,0.16197793
CC_AA36C8AD0AD4,0.10077553
CC_AA36F0397FF6,0.070952445
CC_AA3A8989A632,0.69719833
CC_AA4A1B7522D9,0.088527806
CC_AA4AE0378324,0.22217867
CC_AA5E4D5A692F,0.15893109
CC_AA68EABEE4B1,0.08859635
CC_AA6B5A7A5B67,0.10737636
CC_AA6BD423C239,0.42046598
CC_AA7074B42A4C,0.50574654
CC_AA7A7F3159DC,0.094373785
CC_AA7BDEB972E4,0.11543101
CC_AA83426311A1,0.08386531
CC_AA8F7D307212,0.10877466
CC_AA994120654B,0.07270152
CC_AA99CC1D0A77,0.07990098
CC_AA9DF917E958,0.17263258
CC_AA9FC6678135,0.3491347
CC_AAA47EC0D4CE,0.070726395
CC_AAD9F600283C,0.107308574
CC_AADF003A3927,0.07633853
CC_AAECFE806C8D,0.17373732
CC_AAF2022B9CD1,0.2141431
CC_AAF445E4CCF4,0.07581875
CC_AAFDCAA5CA06,0.52493304
CC_AB0384E131D8,0.21945715
CC_AB0A4F4A2968,0.15979819
CC_AB108580856A,0.072818585
CC_AB10FED15FC0,0.8006786
CC_AB176233A184,0.07693566
CC_AB250982887C,0.09262081
CC_AB25C565EA6F,0.06070267
CC_AB31BDAE74E0,0.21390903
CC_AB38A76F5698,0.35796824
CC_AB38F588BDD4,0.19450216
CC_AB3DB55C9A2E,0.13924
CC_AB42A7DA8FAE,0.18435882
CC_AB486E8855F7,0.13805623
CC_AB4A79BF0F21,0.029599316
CC_AB7472FE1C8B,0.06467471
CC_AB78F64D1DA0,0.11661952
CC_AB821E2FB031,0.049865905
CC_AB873276D910,0.052613474
CC_AB8CF3C05B61,0.15587085
CC_AB8DD8448ABE,0.32013977
CC_AB953366A38C,0.07858764
CC_ABB193697B23,0.6390083
CC_ABB3F0A040BD,0.1241259
CC_ABB618AD3E52,0.21919449
CC_ABC0DA7DAFA5,0.03646368
CC_ABC49E43DF40,0.6302355
CC_ABD89F61734F,0.12068711
CC_ABE04CDC2866,0.51217186
CC_ABE98746DB91,0.49206132
CC_ABFDF22BBD97,0.063590825
CC_AC0498A54CAD,0.17790976
CC_AC1C23EA2767,0.3235963
CC_AC1E028B2A1A,0.100851014
CC_AC255B902EEB,0.13779794
CC_AC44A88F7869,0.07953812
CC_AC51CBCACA63,0.12974818
CC_AC723E5F5EFA,0.048989616
CC_AC7994A5FDC4,0.15357511
CC_AC7EFDBCF2E8,0.65699583
CC_AC8A45716CD8,0.1274508
CC_AC8FB78319A0,0.040179167
CC_AC95C517E726,0.093804896
CC_ACA4C6C9316D,0.036308303
CC_ACAD97A186F4,0.062682666
CC_ACC12168D6A9,0.15399249
CC_ACC53294D3A0,0.09574339
CC_ACC6A74A8BEC,0.0824346
CC_ACD94D2B1200,0.06254273
CC_ACD988315902,0.049699847
CC_ACDA59536C9B,0.06611083
CC_ACE5A4081F6E,0.19041552
CC_ACF4F9A2CCFC,0.17305033
CC_AD0D7D212968,0.34472403
CC_AD131D09EB0F,0.097074136
CC_AD13C87CF26E,0.17238398
CC_AD2050A0C79D,0.18005988
CC_AD276D71D3A7,0.31361786
CC_AD2C54521FE4,0.20586264
CC_AD2E59624FEC,0.41220677
CC_AD3A36AF2840,0.27016607
CC_AD3D286D0B68,0.20643759
CC_AD46818E459F,0.6205704
CC_AD4BB2E22EA9,0.18871415
CC_AD4F7F88242F,0.35805613
CC_AD58ADCD54CE,0.63255405
CC_AD71619FA389,0.0926823
CC_AD84592B950B,0.07032324
CC_AD9898C0E8D2,0.17432328
CC_ADC70A21D661,0.25968713
CC_ADCF16189AF2,0.23697889
CC_ADD894E6E4F4,0.26397875
CC_ADE899835555,0.12104986
CC_AE0D73A1EE19,0.39191374
CC_AE0F08EA3935,0.20802516
CC_AE23B59E6FC8,0.31866384
CC_AE289E013D60,0.09744818
CC_AE34D3F7F224,0.7939305
CC_AE4069D8B4F6,0.20641674
CC_AE4896E2BE76,0.7408983
CC_AE51DCFE0671,0.066917814
CC_AE69FEA8DA68,0.18090533
CC_AE7C129CC90F,0.15084364
CC_AE7CD49F20AB,0.1637226
CC_AE89526E0335,0.12272228
CC_AE8D62CF30C0,0.10890374
CC_AE8D9CE8D6FE,0.032376584
CC_AEB019CB9065,0.194427
CC_AED1D50AF584,0.087796815
CC_AEE546316FB0,0.22832732
CC_AEE5FA00FA6C,0.35744736
CC_AEEC765D157B,0.052734528
CC_AEEE44D6C8A4,0.023177031
CC_AF14FF3EF570,0.30614024
CC_AF1C3ACBA6B2,0.12521444
CC_AF1E911C98B6,0.3189498
CC_AF337F410520,0.089424916
CC_AF3C7BC3BA40,0.08495572
CC_AF41E4075C87,0.21390644
CC_AF6B4405276D,0.7127653
CC_AF78FE0BDBEE,0.08927585
CC_AF8238D9082F,0.060586676
CC_AF8CA6EE53C3,0.06740852
CC_AF9AFA7C49A8,0.10518186
CC_AFA1E3D3C685,0.17350297
CC_AFA680030CB4,0.5871881
CC_AFB351270B8B,0.035871692
CC_AFC405AE0029,0.072382964
CC_AFF90422E4FC,0.35931483
CC_AFFBE2744B87,0.7985303
CC_B0043CA53FCE,0.068921775
CC_B01B2BD4EFD7,0.22422473
CC_B01E87EB9940,0.14477953
CC_B0273E66E2A5,0.16666394
CC_B03E98085A9F,0.06926812
CC_B0420D8C42DC,0.36253107
CC_B0497BEB9F6B,0.147438
CC_B04A5E60B69D,0.077623345
CC_B04D5517A193,0.12963888
CC_B05FF3A960A0,0.23760612
CC_B06A532EC131,0.25555205
CC_B06D33A6761F,0.12577918
CC_B074D4472CE4,0.04727581
CC_B07CE95BCD88,0.3084465
CC_B07D79368225,0.10865256
CC_B07DD1ABABCE,0.7322806
CC_B086C2D77820,0.20380796
CC_B088DE9C9E3B,0.2757853
CC_B0CD7932067B,0.11404677
CC_B0CF90073A5E,0.6163136
CC_B0D397D86639,0.58742225
CC_B0EF4FD19FEA,0.09212217
CC_B0F2F9514AA3,0.07411511
CC_B0F3B79F51C8,0.18131204
CC_B0F4041B1C76,0.034310404
CC_B10FE31C61D5,0.15038304
CC_B114E8F19D65,0.13365205
CC_B117F0E3CAAE,0.14114068
CC_B11D58F331A9,0.044581518
CC_B1262188BC41,0.09577924
CC_B12FFB2FF21F,0.082056634
CC_B13253F34A9F,0.03858043
CC_B137E2BBB53B,0.08855817
CC_B13FEA7CDB99,0.061461385
CC_B1481ED21111,0.0304998
CC_B15BE5C9976A,0.22880192
CC_B15EB6933578,0.07530975
CC_B163CCB3BE4D,0.18051696
CC_B16DC354FD71,0.38502198
CC_B1777349EB15,0.13414477
CC_B17C6CE0231F,0.25733274
CC_B17CA8C22E5C,0.12605736
CC_B18F3C9C30E4,0.1439902
CC_B19CD93DDC96,0.075022906
CC_B1A647674B84,0.102170914
CC_B1AEC2E5E33B,0.23222362
CC_B1B5C81AC0A6,0.06409572
CC_B1B932EFD646,0.14348365
CC_B1C3C0B52B88,0.25234166
CC_B1C7216344F3,0.07333815
CC_B1C982DBBD12,0.25979868
CC_B1D81F8197B3,0.35954458
CC_B1DF1DCBDC7E,0.544518
CC_B1E2C36607CB,0.06642094
CC_B21351C93D8C,0.14455268
CC_B2174860AB11,0.68293774
CC_B235818E6A04,0.22186314
CC_B23CDE30F00B,0.06218936
CC_B23DE4971DF0,0.37805045
CC_B23ECF574D8E,0.09283849
CC_B24C41DDFBDA,0.23057745
CC_B25EC73B9510,0.13448691
CC_B25F69904D0F,0.091583036
CC_B25FB6C11D05,0.6481329
CC_B264F2B92259,0.48394087
CC_B26B8FC23F1B,0.056147307
CC_B272E29922B5,0.1410632
CC_B27AA8E27BE7,0.11742585
CC_B2A68FD3C236,0.08476947
CC_B2AC50C00979,0.086979575
CC_B2B16D7B821C,0.19652593
CC_B2B32F1511E4,0.15611355
CC_B2C241A93527,0.080008425
CC_B2CB104FED6B,0.61279845
CC_B2D352013F92,0.13349569
CC_B2DF694BAB08,0.086898975
CC_B2E993A9343F,0.21331704
CC_B2EF61C93AB6,0.13508134
CC_B2F94405EA89,0.13643111
CC_B2FC07BF6251,0.05543275
CC_B301A65B4164,0.09642578
CC_B313E3A208A2,0.18450148
CC_B318FF5D976D,0.13605198
CC_B32AEF0A2299,0.062214464
CC_B33BD3C618EA,0.09107951
CC_B348627365A2,0.13882421
CC_B35109450BDD,0.055377748
CC_B3528B870544,0.10287781
CC_B3530E7CF8F5,0.1182179
CC_B35C5B1DB9C1,0.072029695
CC_B35FF59389D4,0.22129382
CC_B3812C6700F2,0.6231788
CC_B38280B483B8,0.12839834
CC_B38B694A18EF,0.45805448
CC_B392BDECD913,0.35044584
CC_B398DF1ABAD4,0.03252403
CC_B39E75E151A1,0.09802917
CC_B39FD0E249E8,0.042415194
CC_B3AA0891CA5E,0.36764985
CC_B3B1C8EBE5C1,0.115298934
CC_B3BBA28E2D39,0.46638212
CC_B3C4DB0303A7,0.11133897
CC_B3D32FE823B2,0.033755343
CC_B3DA429C6C8F,0.093977936
CC_B3DC5786AB0F,0.21987817
CC_B3EA537531A3,0.16030191
CC_B4096D3A38CE,0.03294025
CC_B41EADCCC95F,0.04788025
CC_B421940B9A48,0.68694115
CC_B42B3B83935C,0.82738185
CC_B436B1CA6B2F,0.058039244
CC_B439B06AF274,0.2606757
CC_B4482E7879F4,0.06172383
CC_B4660022C612,0.120180644
CC_B46B899B4A63,0.13406487
CC_B470280A580D,0.12756798
CC_B471D3BF0C72,0.46784025
CC_B4751DEE43CD,0.18512605
CC_B482C254BAA5,0.04810918
CC_B4889D036D3C,0.7174114
CC_B4950F811C90,0.15876584
CC_B49A6DE7A340,0.29842737
CC_B49CD4C13DE8,0.35934448
CC_B4A90370CA96,0.48230553
CC_B4ADE6BC8A10,0.67842144
CC_B4B6F805888C,0.031937804
CC_B4B8F66BF4ED,0.6320675
CC_B4C6F80DEE44,0.044606473
CC_B4CCE78C09EE,0.108769335
CC_B4D68D1C1C55,0.21309145
CC_B4DAED63089A,0.14073071
CC_B4DD9841E6FD,0.2133894
CC_B4EF6743DDCF,0.06768603
CC_B4F67F73D097,0.09802102
CC_B50EB15EBA18,0.10664262
CC_B51DCAAF4549,0.13356578
CC_B51DFF8702D0,0.47806448
CC_B520A001BF69,0.090116665
CC_B529919BF24E,0.62543684
CC_B542342650A1,0.07335138
CC_B54A106E91E4,0.034739103
CC_B54CFFC21F2B,0.12771977
CC_B55C134C04A5,0.17582536
CC_B55C2DBF6D3C,0.21557698
CC_B569705352B4,0.115672745
CC_B56E74A967C3,0.052963294
CC_B57519F33EEF,0.05036328
CC_B582E4405D85,0.07582858
CC_B585A11F7BA7,0.14352086
CC_B59726D36AEF,0.21934882
CC_B5995E4F1A21,0.13226691
CC_B5AC2AAF871B,0.75447625
CC_B5AD19125E1B,0.20272923
CC_B5B1E42858AC,0.06928308
CC_B5B7599E8BC6,0.06444128
CC_B5CAE0595637,0.17350589
CC_B5D49843A799,0.36852062
CC_B5DDFC7AEE78,0.10204588
CC_B5E29344F63C,0.24557312
CC_B5EE5AE6378A,0.6691904
CC_B5F2A93AD996,0.08884129
CC_B5F611613A78,0.07861243
CC_B6055039255A,0.77967554
CC_B607B2B0AFB7,0.050296206
CC_B60CFD0F39F9,0.072546564
CC_B620087B1C52,0.38248795
CC_B6203BBBD151,0.12202627
CC_B622662E664A,0.14768653
CC_B62C9A2BC846,0.16646963
CC_B636210548E5,0.28877804
CC_B642C6714501,0.060466796
CC_B64F81B8A263,0.20086941
CC_B65CA581B9BD,0.13881998
CC_B65D1B9B6F67,0.12064926
CC_B661A8FCA431,0.05668954
CC_B66AC40957D6,0.13191089
CC_B672B35D1162,0.7459613
CC_B68379D197F6,0.10171416
CC_B6923D10FDA2,0.16203041
CC_B69CC776BBE6,0.20946147
CC_B69E50D76B29,0.090626575
CC_B69EAA8C296F,0.20152843
CC_B69F7CB8CDA0,0.07016687
CC_B6B4AD157354,0.13639124
CC_B6BD764CB8B9,0.22300373
CC_B6BEC3F4BE91,0.12689175
CC_B6C13F4A610D,0.28162596
CC_B6C1C3B5766B,0.100491956
CC_B6C72241926C,0.15206443
CC_B6CB40E245D7,0.62666166
CC_B6EE58A108C5,0.078678235
CC_B706F631F5BA,0.042971294
CC_B71DC1206985,0.16225772
CC_B72284CED807,0.20959406
CC_B727865A5B5F,0.62679267
CC_B72FD7EFA6BD,0.21008044
CC_B7365B5A3392,0.73191434
CC_B73820D308C9,0.12947018
CC_B743560D847F,0.058967173
CC_B76EF26F7C9A,0.31619957
CC_B7764FC130E8,0.4619137
CC_B77B73B95532,0.17058316
CC_B77D6653C7D4,0.036250338
CC_B77DA6B77DEB,0.2650226
CC_B783AE19622D,0.13583085
CC_B78761738CAF,0.018553736
CC_B787BA135B5D,0.3453761
CC_B78B4449EA19,0.14373717
CC_B78B4B7F80B5,0.24237348
CC_B78BEE888CA6,0.09357955
CC_B791FEE1CF37,0.026781267
CC_B79A58AA4441,0.08880771
CC_B79BEC538198,0.12564625
CC_B79DD53178D3,0.08649894
CC_B7A7EFD85149,0.18770055
CC_B7B5F2A15C41,0.09887149
CC_B7BC46A7D4DF,0.082068995
CC_B7CBC65D9AF9,0.6284303
CC_B7D40C5C891F,0.07917171
CC_B7D4337C4797,0.35569644
CC_B7DA04826165,0.34824753
CC_B7DC19DA1440,0.14002372
CC_B829EC622F0D,0.54604346
CC_B82B9C0C7B85,0.69249433
CC_B82C55DEE5E6,0.2490454
CC_B8475B977AD2,0.7675463
CC_B84BD2F4EB01,0.25226235
CC_B86DA7D69F20,0.054549925
CC_B87989F406EB,0.19361271
CC_B88B702183E7,0.036067028
CC_B89B80945ADE,0.19917403
CC_B8A3A44BFE8A,0.43957844
CC_B8A7A6548AE6,0.15535818
CC_B8A8FB83065B,0.19979317
CC_B8AAC20D626E,0.18046217
CC_B8AC99873641,0.07430222
CC_B8C9673B7834,0.1161071
CC_B8D5FEB15CC8,0.07910737
CC_B8DA64A33076,0.5997096
CC_B8E912A01706,0.7026313
CC_B90869280808,0.14816746
CC_B908EC99951B,0.33716887
CC_B90CBF2A6775,0.05389678
CC_B91080C1ADA5,0.35371158
CC_B918FB42AFD2,0.20136364
CC_B92CA425080F,0.10197763
CC_B937F632B71D,0.14537908
CC_B94477C20476,0.361328
CC_B9483A5C922C,0.14445451
CC_B954EC1C63B5,0.3262198
CC_B95580F93537,0.04667223
CC_B96086044329,0.085388795
CC_B96EB0A91589,0.16739602
CC_B98357C70A41,0.6413912
CC_B9929A66C2FD,0.6686003
CC_B9BB52E4C529,0.09957527
CC_B9BD45744855,0.80284095
CC_B9BFDE4662AE,0.09269458
CC_B9CEAF324145,0.034571987
CC_B9E89F42B509,0.22707357
CC_B9E8A3887223,0.2251705
CC_B9FC67268C45,0.19835998
CC_B9FE9DFEB3DC,0.09368151
CC_BA041E14DD98,0.07704379
CC_BA0619F54427,0.12865609
CC_BA15072C4EC2,0.2157614
CC_BA183CDC5429,0.8425397
CC_BA43646012D2,0.37871563
CC_BA4F7E494E71,0.57264566
CC_BA557F75E2DD,0.2149011
CC_BA740903CBDF,0.1587003
CC_BA77722A827A,0.53710526
CC_BA78E47BB021,0.18125997
CC_BA8C427054F4,0.037629902
CC_BAA19F8D2563,0.06138051
CC_BAA1BBFF8C6C,0.33390132
CC_BABA44B5FB12,0.10093559
CC_BAC25BCCEAD2,0.060428195
CC_BAC74D0014D3,0.45434695
CC_BAD99E36CC71,0.21132733
CC_BADE7EB1D16D,0.7559306
CC_BAE7410803AC,0.22743185
CC_BAEBBF8054FB,0.11837863
CC_BB054686B6F2,0.04488814
CC_BB05D9DF72BD,0.061507434
CC_BB0D54068D07,0.84218657
CC_BB15DE5E0DA0,0.75957733
CC_BB1A57AA813F,0.14564843
CC_BB1CABE261EB,0.12959924
CC_BB2BC46FCF61,0.24285218
CC_BB2E5437EE04,0.055152256
CC_BB2EF1FF6131,0.07643455
CC_BB2F56C6BF57,0.11820889
CC_BB35CEC5314E,0.08688611
CC_BB39E3597B61,0.04317313
CC_BB3A9EECD51E,0.09565662
CC_BB44CDEE5103,0.18650416
CC_BB458116ABA4,0.32210413
CC_BB5F6936F6FE,0.17384589
CC_BB666F8A551E,0.063507654
CC_BB7355E735D2,0.11612954
CC_BB8A2F186D6A,0.061030492
CC_BB9FDED12C65,0.71718526
CC_BBA8C316C8F8,0.08412684
CC_BBADC7DC73EA,0.24143691
CC_BBAEA7980B09,0.35420966
CC_BBBA078A6429,0.77857107
CC_BBBFC3EC2C72,0.37033847
CC_BBD34B3225EE,0.022572579
CC_BBE6C58C59A4,0.38722706
CC_BBEBBE1E226D,0.12666892
CC_BBED56D34D38,0.12262161
CC_BC0244FBDAF6,0.19677453
CC_BC099E880236,0.13306008
CC_BC0F05C89E25,0.11269541
CC_BC1BD06C1085,0.08967643
CC_BC21E8824A34,0.44142926
CC_BC23655B2BF4,0.059186347
CC_BC24F9024F49,0.051444914
CC_BC2A58939715,0.0831231
CC_BC2B90F226E0,0.17313787
CC_BC31382964E4,0.063252866
CC_BC31DA3EAFFF,0.15096621
CC_BC3A6CF6FD16,0.10706392
CC_BC410BDD9ED8,0.23354283
CC_BC458960887E,0.18109635
CC_BC484C329704,0.13968426
CC_BC4D6D6D4553,0.29579082
CC_BC5A59D88AFC,0.074395254
CC_BC736DA19A00,0.19669496
CC_BC7B9D13978F,0.17106101
CC_BC84BF34D69E,0.23540764
CC_BC95D473C9CE,0.16611093
CC_BC96FC9DCFE7,0.12867388
CC_BCA0D6159C23,0.16227925
CC_BCAE73132BA2,0.08598706
CC_BCBBF055366F,0.04859864
CC_BCC94F494979,0.074829
CC_BCF75F8B9A5D,0.0988344
CC_BD10F4F15094,0.08142304
CC_BD1A2052ACD5,0.80867887
CC_BD217C39702F,0.37158227
CC_BD2A9D4B9FAA,0.21340857
CC_BD3EDD1630E8,0.04888336
CC_BD4AAFE9EFEE,0.054019473
CC_BD59D1252975,0.1075065
CC_BD607BE97C17,0.09100123
CC_BD889F165227,0.104645744
CC_BD900B6BCF65,0.15872306
CC_BD9967660461,0.38056543
CC_BDABB99ADE2A,0.19019215
CC_BDB07C66EDBD,0.36295414
CC_BDB71DAAE50B,0.09465267
CC_BDCB91FACECF,0.12484608
CC_BDE1E398B4E4,0.06995033
CC_BDE8D325637B,0.70078075
CC_BDE9E7F390AE,0.10289161
CC_BDECF392D7F9,0.13546047
CC_BDF401C3BBCA,0.12125239
CC_BDF53C42C5BC,0.2255782
CC_BDFE5778530F,0.3374742
CC_BE05EB5976EC,0.78008485
CC_BE08A6D5E76D,0.05267088
CC_BE146CE5BEE6,0.0959361
CC_BE24C1EE877A,0.098855175
CC_BE27E98C4BED,0.07446297
CC_BE32DACBF6C2,0.12531506
CC_BE3F52F9C9EA,0.17000388
CC_BE3FC1024389,0.14833966
CC_BE4595898BF9,0.10696613
CC_BE4F1F53F4B6,0.07322102
CC_BE648663620C,0.18470988
CC_BE6627F3B9EE,0.6504264
CC_BE673F70B591,0.36845222
CC_BE704640727F,0.027935851
CC_BE7295B354DA,0.33826277
CC_BE760A430ACD,0.1350282
CC_BE8A340F3876,0.041050334
CC_BE9CB8845101,0.26771602
CC_BEA12286E57C,0.1600092
CC_BEB24EB997CA,0.11910443
CC_BEB80CCF2ED0,0.05223917
CC_BEB86014B5BF,0.16817416
CC_BEC035C8801A,0.1519987
CC_BEE1B858F0C3,0.2548706
CC_BEE664893442,0.18183291
CC_BEE75A33F038,0.07905341
CC_BEF22728402F,0.6815902
CC_BEF8AB2DF19D,0.3676314
CC_BF03683CC755,0.093327105
CC_BF066CB8F7A0,0.1567999
CC_BF154A9FEE8D,0.17879134
CC_BF17E635C67F,0.114197135
CC_BF196AFA6AE6,0.11148325
CC_BF2012FCFE14,0.19121373
CC_BF3733356D4B,0.45281658
CC_BF376C8D14ED,0.41664103
CC_BF3BF8B9F646,0.09973072
CC_BF588A5FF18D,0.6558854
CC_BF7C643B8874,0.05755426
CC_BF8919F14394,0.15770149
CC_BF8B759EE1EF,0.07306451
CC_BF971FA7A950,0.17050041
CC_BFACE960372A,0.099000335
CC_BFBF917EFEB7,0.57827646
CC_BFCAE2959708,0.039815262
CC_BFD80ECB739A,0.2279488
CC_BFDEC7E68821,0.084481224
CC_BFE3AD881F4C,0.04205865
CC_BFE511C0F9F3,0.5990483
CC_BFEE9CF8A6E9,0.078644596
CC_BFF8E82FE4BE,0.1611431
CC_BFF9E8C0FE28,0.67314035
CC_BFFCB2882E26,0.049097754
CC_BFFDCACC1E4F,0.10832876
CC_C003A15648F3,0.076190785
CC_C004160ABB18,0.15797171
CC_C012746F45D6,0.12497511
CC_C033B4EC89DA,0.15165156
CC_C03578357D0D,0.3704445
CC_C040C14F27A0,0.05413675
CC_C0474C48C443,0.15491177
CC_C04A1EF46A13,0.26738587
CC_C067DA2C5F99,0.39280054
CC_C0731DB0CD7F,0.6472418
CC_C07C70AA1AF0,0.15151435
CC_C0877F4DBC62,0.08906583
CC_C0896CE6B4E2,0.079024404
CC_C089B0517E81,0.083363585
CC_C08B9066A5BB,0.17748047
CC_C08DFB22BC71,0.089583725
CC_C0A2108BEC82,0.21043618
CC_C0A6B0787F91,0.10598815
CC_C0B29B279C90,0.12778802
CC_C0B7151247C2,0.09214637
CC_C0BEDCC974E6,0.102798685
CC_C0C6F913C2CB,0.72978973
CC_C0C7EAB055B1,0.21188225
CC_C0CCCF588BEB,0.284528
CC_C0D65A1BC1DF,0.65800786
CC_C0D6ADDF1E0F,0.081698984
CC_C0E49708EB44,0.19716287
CC_C0F32BA57D17,0.047581095
CC_C1094828B26C,0.31732124
CC_C124E4C094F3,0.29487428
CC_C12ECF48FA03,0.14368574
CC_C12F5F7E5C54,0.111738265
CC_C131509731A1,0.18344772
CC_C14173B64C58,0.18121222
CC_C14A4D39F494,0.39888942
CC_C14DC9106B7E,0.22395846
CC_C1624A910E58,0.03131933
CC_C1645FA6EE7C,0.087400444
CC_C165A26E7C1D,0.6569441
CC_C16824A69631,0.047055196
CC_C177831DEDC2,0.065161034
CC_C1815DD481ED,0.81231356
CC_C18313F97FC1,0.32260108
CC_C18A7BC23071,0.28970087
CC_C1941883C762,0.10612582
CC_C1A0989CDF23,0.027290517
CC_C1A8C99D910A,0.11959015
CC_C1B057BAE0BB,0.28703
CC_C1B5D9A95708,0.1324861
CC_C1C28181E30E,0.15497023
CC_C1E8CA45E983,0.08832979
CC_C1F4DD05F5FB,0.25053746
CC_C205BAC0D181,0.0913538
CC_C208790016F7,0.06773655
CC_C219E603FD0B,0.07888097
CC_C2323893E922,0.1314372
CC_C236A614F73D,0.11259476
CC_C241491551A8,0.102228865
CC_C247E0377048,0.118553735
CC_C24FBA584039,0.2677024
CC_C25078D044CC,0.22231881
CC_C255BE787955,0.24018656
CC_C25ECB5C5FD8,0.07326617
CC_C276E722FB1B,0.32979104
CC_C279090E1F74,0.7348689
CC_C279CA96D14A,0.14237733
CC_C283330B9999,0.036502335
CC_C289AF57EB24,0.26998368
CC_C29558864857,0.120344475
CC_C29846DE78AC,0.56734496
CC_C2AEE09D92AD,0.10977456
CC_C2BBFB603032,0.34549275
CC_C2C2B2EEBA69,0.032155734
CC_C2D1CBB42952,0.1564403
CC_C2D4587A871F,0.7459258
CC_C2D583F20739,0.33992416
CC_C2D9086A8C67,0.058685444
CC_C2E8FA308586,0.17254123
CC_C2EA104630E3,0.09411715
CC_C30ED2C6265A,0.045837276
CC_C31BA9FD4FFF,0.25385043
CC_C31DC3117984,0.18638621
CC_C33142B2E26E,0.35261887
CC_C340668CE604,0.072908536
CC_C36580241000,0.13197884
CC_C3664AFC710F,0.12494584
CC_C3676D2ADC91,0.23287225
CC_C368AC6AE19C,0.047019705
CC_C38B446B7432,0.20627458
CC_C38BE6D69E61,0.04527482
CC_C38FB634E7B9,0.055985127
CC_C3913A125FC9,0.12420687
CC_C392AC1AABDB,0.14671947
CC_C3A37C3EDCC5,0.31821954
CC_C3A42A96D260,0.2597512
CC_C3CA355F78BC,0.13138802
CC_C3CD972B25E9,0.18302765
CC_C3CE9FCB05EA,0.051092666
CC_C3DA12B31CD5,0.090467036
CC_C3EF46D2CF29,0.16275685
CC_C3F301EAE202,0.24101368
CC_C404C200B723,0.09652363
CC_C40BEE2EAD73,0.24023339
CC_C40CA3E960D9,0.13211823
CC_C40E0EEBA53A,0.1459186
CC_C42183D7A586,0.077950455
CC_C427199DAC5F,0.39895478
CC_C445AEF194CA,0.10620683
CC_C45051D20EC8,0.12513524
CC_C47FCA703A69,0.31517395
CC_C4965C6C6935,0.30949643
CC_C498BD798847,0.057439443
CC_C49A42D1C3CA,0.06721219
CC_C4A2F5B06976,0.06298461
CC_C4B632AEB96F,0.13055323
CC_C4D194378554,0.02523667
CC_C4D90E9CA5E9,0.1429525
CC_C4D941D5A5F9,0.12607722
CC_C4EB2486A9B1,0.22456858
CC_C4EC2923D96F,0.27188024
CC_C4EC9ACAE8C4,0.7375922
CC_C4FB2ECB13DD,0.30539742
CC_C50467EBCC58,0.10470504
CC_C50C5E2A77CA,0.13878477
CC_C50D7FAA75C1,0.045946296
CC_C51FE3F4D2F3,0.18411501
CC_C5234F4713B7,0.07520118
CC_C55110310E14,0.094500184
CC_C563D509181A,0.074500985
CC_C5736F4887D6,0.7141395
CC_C57C4F09442B,0.07049936
CC_C59D2CA55CAD,0.7741582
CC_C5AD04ABF022,0.09067922
CC_C5AF7BF4B951,0.027379287
CC_C5C5FD9FCFE4,0.689553
CC_C5D9A89022EF,0.20227832
CC_C5E1FA10BD6B,0.15295887
CC_C6039EF0459B,0.1450738
CC_C6133F44EB0E,0.09866873
CC_C637C1142503,0.7577282
CC_C65496C86EAE,0.17275815
CC_C67C2B86A807,0.14392158
CC_C690CF8AF3B4,0.08593971
CC_C69204FFED48,0.33122215
CC_C69DD80E5055,0.11880905
CC_C6AE389CA79C,0.081293866
CC_C6AFA8AF33BB,0.082290344
CC_C6B56B2869A6,0.39962673
CC_C6B61E03B42D,0.15928347
CC_C6C2B357FDF2,0.105490714
CC_C6C4A4A318E4,0.107066125
CC_C6DECDCC7956,0.17936671
CC_C6F134ABD932,0.47379345
CC_C6F24128D8D3,0.13700436
CC_C6F8C5E3D746,0.07420509
CC_C6FB2BDCC78F,0.36349896
CC_C70DBEB08378,0.8176613
CC_C71AAC6F9607,0.12001746
CC_C73D1C53BEC0,0.36790562
CC_C7423B380FD2,0.05298955
CC_C747ABF2B4BC,0.0923535
CC_C74F0C45C093,0.13337414
CC_C75307665BCF,0.26244503
CC_C76473DBFF83,0.33248454
CC_C7652C2D1CC7,0.18408008
CC_C77B38900325,0.26659015
CC_C782A94E6754,0.050624967
CC_C786E0FDA098,0.7155826
CC_C794632B3AAC,0.4633036
CC_C795250A7B3F,0.1234249
CC_C79BF5794AD9,0.06778351
CC_C7A2A7BF85C5,0.07513697
CC_C7A2CEDA36CD,0.49543357
CC_C7AAAC514CD0,0.065870896
CC_C7B39AE8206F,0.1209496
CC_C7BA884F8DCA,0.15585443
CC_C7BC592C11DB,0.052270018
CC_C7CB29EBCEE1,0.04211818
CC_C7D2BE35C77A,0.08246204
CC_C7E56C7FFA19,0.17414999
CC_C7ED63E403A8,0.05385402
CC_C7EFF4BBEE1E,0.057138614
CC_C7F1C90A261F,0.16009536
CC_C7F38C2DEDFF,0.20040669
CC_C807F881A35F,0.24331239
CC_C808346EF2A7,0.058883656
CC_C822401D05A0,0.103926666
CC_C82D0EB32984,0.11038279
CC_C82DE4520088,0.19569336
CC_C84080607284,0.069242656
CC_C85DEB66D6EC,0.2838585
CC_C8601860B3AB,0.3147485
CC_C86B56E5B000,0.13484497
CC_C874E7D8B96A,0.06343868
CC_C88F02C38654,0.12449499
CC_C895990DF270,0.15516242
CC_C896D6E93110,0.39469048
CC_C8A57920FB6B,0.08881275
CC_C8C2CEAC6750,0.4726312
CC_C8CBB38CF4B6,0.4534573
CC_C8DF2AEC8023,0.16257147
CC_C8E24B1925A2,0.16893212
CC_C8E2F0CA5050,0.7231138
CC_C8E875AAFD58,0.33557004
CC_C8EF7366016A,0.072442666
CC_C8F1FB9C56E5,0.08491686
CC_C8F2FF7E6DAF,0.16478921
CC_C916DC82A00B,0.324
CC_C91FF308D57A,0.07735819
CC_C9297D88CD26,0.36011937
CC_C932D885E1AA,0.22366539
CC_C947A66A6A34,0.15864187
CC_C953D19C82A6,0.2921409
CC_C960365C1125,0.19707295
CC_C96221203852,0.14729477
CC_C967937FC81A,0.71851504
CC_C97434767545,0.20320264
CC_C974620D4D4F,0.28712627
CC_C9749B07E3CC,0.10509599
CC_C979F86EC4EB,0.07816268
CC_C9882357496D,0.057990123
CC_C98B5F2B994A,0.094314106
CC_C98CA453DC7F,0.099372014
CC_C996515164AF,0.6157419
CC_C9A1B8F512F3,0.44566345
CC_C9E008678B77,0.105624124
CC_C9E89E3728DA,0.17637606
CC_C9EE0357CF4D,0.18051314
CC_C9F15C15BA6A,0.124033734
CC_C9F3BB887EB9,0.22043456
CC_CA0906B9B58E,0.0644777
CC_CA16B9133E4F,0.3492782
CC_CA2524A5C7AF,0.30311322
CC_CA2A17C9CD44,0.47878522
CC_CA32C61E255B,0.1115545
CC_CA37F92A8BC6,0.12268673
CC_CA3C9D0F42A2,0.55202335
CC_CA4669FF2379,0.085271165
CC_CA486E08F176,0.053178847
CC_CA5CF069C36C,0.06051987
CC_CA6AB58D2C8D,0.2562066
CC_CA6EDCBFA9E3,0.1616987
CC_CA6FB58C11F4,0.05773439
CC_CA7902338F91,0.15540616
CC_CA7BE11DCB92,0.094556734
CC_CA87A148C386,0.077613235
CC_CA8E7E45347C,0.12235422
CC_CA9214D0E170,0.15680996
CC_CAA07EABEF71,0.06293275
CC_CABC0190A9BF,0.497907
CC_CABF171B8582,0.5657908
CC_CAC2F989A2D6,0.22341476
CC_CAC50FF13A43,0.45191213
CC_CAC9C52B6FB8,0.31373578
CC_CAE19DE8446F,0.055591382
CC_CAE5F6D8328C,0.4748488
CC_CAFA0C6DBCEB,0.06855176
CC_CAFE5D6E3E1D,0.12863661
CC_CB02A97FAC1F,0.22227375
CC_CB1155AAC7EB,0.14573269
CC_CB1B2FC5769C,0.18014914
CC_CB1BD3C19303,0.15375571
CC_CB2423DD4809,0.79976004
CC_CB33381406F3,0.6896551
CC_CB3CBA971E97,0.07942779
CC_CB45CB5C940D,0.15101515
CC_CB4A2667F8CE,0.2132741
CC_CB4EA92BE238,0.05599086
CC_CB4EE5CC0B09,0.17858635
CC_CB50BDD92A4D,0.24556915
CC_CB6A55831080,0.07604411
CC_CB6CE149111A,0.13947448
CC_CB6F9DA78019,0.04494898
CC_CB722FAA608D,0.28887898
CC_CBA786C05C1C,0.7984633
CC_CBA9A6206DCB,0.1513465
CC_CBB7AE2847B6,0.19394189
CC_CBB9DDEAC819,0.02276044
CC_CBC30D127BA4,0.0924671
CC_CBE67EF0D3C5,0.5033531
CC_CBEC318365B3,0.37398887
CC_CBED6669EDA7,0.050387837
CC_CBF1B052FA7E,0.07323987
CC_CBFC7EFF2F94,0.12918282
CC_CC27394B5E35,0.07408807
CC_CC2A7B3D7A55,0.17063154
CC_CC34B2523794,0.13493505
CC_CC34E9023873,0.7030549
CC_CC37D81F02A7,0.5962869
CC_CC4822AEDB83,0.638332
CC_CC5D6CAE5ADB,0.27261686
CC_CC6D27804EF0,0.07924358
CC_CC71D4876B90,0.13634041
CC_CC75EA7F2C8F,0.1220476
CC_CC9214A5C0CF,0.070636936
CC_CCA2B8D2446C,0.41444743
CC_CCAB3E56FD92,0.16543786
CC_CCAF321D46D7,0.044750337
CC_CCB46EA56584,0.21390569
CC_CCB60CB8754C,0.1615387
CC_CCD759553325,0.058000125
CC_CCDC28D49832,0.16112523
CC_CCE55029E621,0.6463112
CC_CCEA133D7268,0.569302
CC_CCED6CEBC3D6,0.36381596
CC_CCEE76415B51,0.32815155
CC_CD1326D52AE1,0.6820529
CC_CD35EEA81CE8,0.37888035
CC_CD373485942B,0.09711784
CC_CD379DD39658,0.27934834
CC_CD37D5CF0EB0,0.18035771
CC_CD380545A7A4,0.038439684
CC_CD3A378249BA,0.30621728
CC_CD415B1C7741,0.041580472
CC_CD4976814F28,0.035056096
CC_CD4F5F1C357B,0.25146684
CC_CD54829713AF,0.06564396
CC_CD5E3556D5AB,0.1499991
CC_CD6C797F3C4F,0.07718668
CC_CD7BA8F6C4BD,0.09738487
CC_CD8352F0478D,0.24311826
CC_CD972E578564,0.83922166
CC_CDA1B20179B6,0.13812526
CC_CDA2A36B81B4,0.23881076
CC_CDF6354EC332,0.048898846
CC_CE01E17132E0,0.0423295
CC_CE1280B30475,0.108857505
CC_CE134F878294,0.04740567
CC_CE229894AC00,0.12224825
CC_CE26907B9D30,0.37793237
CC_CE2755B42DAC,0.07183087
CC_CE2BD7F74421,0.2778745
CC_CE3784121355,0.10537693
CC_CE41F9FF509E,0.15474759
CC_CE5AF0E9A157,0.08487902
CC_CE5EA019DCAA,0.08703137
CC_CE6460FE39F6,0.08256891
CC_CE72D1734761,0.56011075
CC_CE7FC560768D,0.42406535
CC_CE871DB3950F,0.32446167
CC_CE8D1564C4F1,0.15367283
CC_CE93240526A9,0.2759497
CC_CE980FCAB154,0.3557614
CC_CEA0FAD348F8,0.091695346
CC_CEA369A3451F,0.058222007
CC_CEBA67081418,0.31043342
CC_CEC0C00FE770,0.50504434
CC_CEC3B21D2982,0.3255241
CC_CECEC680F701,0.21679114
CC_CEDB263DB07B,0.033886313
CC_CEDF9C14DC79,0.28002596
CC_CEF23255BE06,0.05705825
CC_CEF8C71C4E8B,0.4800225
CC_CEF91FDD41AE,0.36868712
CC_CF0B68684C3D,0.11219175
CC_CF149865368F,0.084582314
CC_CF2A7A5582C2,0.18961549
CC_CF2B3E37CF2E,0.3106039
CC_CF2F163CE005,0.18460694
CC_CF3C063DF626,0.16340381
CC_CF3E91DB8220,0.34474853
CC_CF3FB5744443,0.73626816
CC_CF4991B8EFE9,0.122525424
CC_CF53FD3AC9AD,0.045155138
CC_CF5A140B279D,0.20459516
CC_CF613A7162B6,0.16112028
CC_CF6A8A460B19,0.106724545
CC_CF792E77A16D,0.043337863
CC_CF7BAF373E0A,0.033947945
CC_CF8B1D0015C4,0.14162536
CC_CF8D0517B79F,0.08814153
CC_CF92037ACA93,0.20595032
CC_CF960A300F40,0.31646293
CC_CF96B6335E6C,0.21915129
CC_CF9880D67A7D,0.19931547
CC_CF9B249283A7,0.7411162
CC_CFABF7407978,0.22598031
CC_CFB2AE99EABF,0.21024303
CC_CFC0BC440771,0.13132189
CC_CFC235739F25,0.5744118
CC_CFC6E8954325,0.051473055
CC_CFD37EDB214D,0.2906673
CC_CFD93C04478A,0.49577978
CC_CFE0AA5381FD,0.67450017
CC_CFEB021AA137,0.053959064
CC_CFF6E2A6A3F9,0.26824683
CC_CFFDC4947256,0.14819013
CC_D009368CE434,0.041432235
CC_D02E59E08B02,0.039650515
CC_D03848B7353E,0.055583544
CC_D03A69B1563D,0.13027819
CC_D0576802096E,0.07995256
CC_D0582E0F3440,0.05425641
CC_D059D0BEC5D5,0.39729345
CC_D05C4A8F2A25,0.14148907
CC_D05FBA9B9040,0.710007
CC_D0653EA71CAD,0.20916823
CC_D076A984B786,0.14926374
CC_D08FC2D99CF5,0.16622704
CC_D09942A02904,0.119119845
CC_D0A8EA2D37F2,0.12360715
CC_D0AAD35C800F,0.11024427
CC_D0D666EC0244,0.097000204
CC_D0F3F68F4452,0.4112857
CC_D0FBDE8ABAA7,0.100214735
CC_D103D50237D9,0.24388932
CC_D11E5A30CF3B,0.28545696
CC_D122B30AE7CB,0.48633975
CC_D1679B40D83A,0.1034748
CC_D1760785D631,0.25242725
CC_D18088587757,0.27464023
CC_D184160042B7,0.32385388
CC_D1886485E8B4,0.14980698
CC_D1893DD5B4D4,0.08832019
CC_D18B60E035CE,0.7390269
CC_D191D099789D,0.08756258
CC_D1BDB41E7FF6,0.07965008
CC_D1BE2E6E9C9F,0.16647623
CC_D1BFB29BF61C,0.0880742
CC_D1C259F80E13,0.08163839
CC_D1C63DA9CA93,0.11489038
CC_D1C931E4F305,0.08816605
CC_D1CE25F271BE,0.16980898
CC_D1D2127A0C67,0.044913977
CC_D1D31EA359F4,0.16513728
CC_D1DB888BD9B0,0.1085508
CC_D1E82B9DD102,0.1494431
CC_D1EF68A649AA,0.13865195
CC_D1F05E69F80F,0.06301986
CC_D1F6FE158DCF,0.19538327
CC_D205612FD566,0.6951988
CC_D21474C31E3C,0.7146639
CC_D2195A061A0E,0.7041522
CC_D2199CC1CB08,0.023044907
CC_D21FCD9DFE53,0.5465506
CC_D233B2C8062B,0.45248666
CC_D234CF2C21AE,0.70129377
CC_D2373015DF41,0.06524287
CC_D239CBE1012A,0.116055824
CC_D2591377E980,0.76034
CC_D25E25C831B5,0.054453406
CC_D262BB13DAAF,0.29350847
CC_D272BC699F38,0.05745376
CC_D2813C835750,0.77843624
CC_D285B0D67016,0.019125547
CC_D28FB525E310,0.28887975
CC_D2AFEE04E96F,0.024207003
CC_D2BBAA423304,0.13960157
CC_D2BE8B4011D7,0.057745714
CC_D2C49D2FEBF8,0.1752853
CC_D2D09498D333,0.13873899
CC_D2D187DA334A,0.18447977
CC_D2D47A5386CE,0.24103855
CC_D2E98F50621A,0.0480505
CC_D2F265035F0A,0.045069188
CC_D2F91355C6D0,0.14400813
CC_D2FC934F8324,0.11469288
CC_D3044C67CFFB,0.053274274
CC_D313F2C49E46,0.26362136
CC_D31FFB053D60,0.10589929
CC_D336DB6323BB,0.22294123
CC_D343A7CBA377,0.07858676
CC_D345AF4C4B61,0.18529643
CC_D34FA9410740,0.081623055
CC_D354C5D1665A,0.121263765
CC_D35E96480AF8,0.20081589
CC_D3616386D6D2,0.1558193
CC_D365173E852D,0.7980401
CC_D3683C6CFC5C,0.6188258
CC_D373463038E0,0.05294586
CC_D379CF8E3FAB,0.69805884
CC_D37B4CA7F3D8,0.058526304
CC_D37B5B3CA4BE,0.6793252
CC_D39265D7B6C9,0.06438089
CC_D39E3F732408,0.08335781
CC_D3A7B21165B3,0.3191668
CC_D3A9028A4660,0.04819409
CC_D3A948322BD5,0.6999512
CC_D3B95DB5E6C1,0.26210034
CC_D3C8C5014D5C,0.21664892
CC_D3D80929AF52,0.094501555
CC_D3F25136073A,0.15845162
CC_D4102AD032BE,0.21401751
CC_D416EFCEAD89,0.055884723
CC_D41C5030494A,0.7112841
CC_D42E477596A3,0.063662715
CC_D432C89BADA8,0.12196599
CC_D434638E9569,0.12839592
CC_D4518F98BB77,0.063437685
CC_D452847F2A4C,0.079636216
CC_D454056F92E6,0.21754242
CC_D461FB973AB2,0.7937877
CC_D462250B13D3,0.40776482
CC_D48E686A834A,0.7243553
CC_D48FFD985E51,0.070223175
CC_D49263A1BDF7,0.13396147
CC_D49668C65C33,0.021800244
CC_D49D9C57A849,0.06338164
CC_D4A029A150E4,0.17241484
CC_D4AC998C0BC8,0.6601429
CC_D4B02AAFC697,0.116346024
CC_D4BDF0F4FE9E,0.11139057
CC_D4BF2778371B,0.15447183
CC_D4C0F4DB3501,0.1613165
CC_D4C6DD8A364F,0.13348472
CC_D4CDE2A1E174,0.13834234
CC_D4E7EE35695B,0.15869866
CC_D4ED652E86DF,0.26553586
CC_D4F844B54B84,0.036878526
CC_D4FA0055DB4A,0.036081813
CC_D4FDCBAFEC74,0.70800036
CC_D517D90E105F,0.08339682
CC_D52B87A01028,0.2285299
CC_D530C3D1DBF8,0.6350453
CC_D5327E41EBA2,0.15150177
CC_D53C8BCA531F,0.08527003
CC_D540C7ABF683,0.6581979
CC_D54105FC1349,0.31001016
CC_D550CE8B9313,0.668331
CC_D55C5B432387,0.15406798
CC_D5646FCC5E14,0.49121994
CC_D56F34613338,0.1510384
CC_D573AF0F1674,0.11354143
CC_D586E2C2B3EF,0.30564147
CC_D589E388CA02,0.058500197
CC_D58EBD954E68,0.39695567
CC_D59AFE884BDD,0.49554777
CC_D5AC596A85E1,0.16391656
CC_D5B99B578573,0.037381988
CC_D5CBF4A4D3B3,0.11963228
CC_D5CE05EAA837,0.21525885
CC_D5D36A6C8DB3,0.07156675
CC_D5D8D545736F,0.08459508
CC_D5ECFAF8C1A3,0.0730428
CC_D605715F737A,0.124855354
CC_D617428B4B0E,0.35136744
CC_D61E8E5C4414,0.10925857
CC_D652B5F05769,0.19725522
CC_D6564D0CB9A8,0.19914658
CC_D66183657419,0.07652246
CC_D66BDD3E1AA7,0.11403465
CC_D66DA331534A,0.09351165
CC_D687A780C0E6,0.058026507
CC_D6AE871A4C9C,0.11335693
CC_D6B7AF1FBDD4,0.54279155
CC_D6B874308353,0.5538878
CC_D6B8F47FE484,0.57936984
CC_D6CB1BFDCEEA,0.17140509
CC_D6D47D7E1C51,0.038768478
CC_D6DE060699C6,0.15380764
CC_D6E06014457F,0.84252197
CC_D6E8E17EA449,0.32316464
CC_D6F216AB1C4A,0.1747639
CC_D6F5E3A51C8A,0.08931734
CC_D6FB3B76D7A0,0.6735122
CC_D6FBCD4BA3DA,0.26688996
CC_D70918916097,0.4695831
CC_D73B1B9B81A5,0.058840536
CC_D73E9E24BB48,0.12150462
CC_D74AA0F20466,0.1294966
CC_D750070C44BB,0.71703166
CC_D7529675CB7D,0.15410446
CC_D75C8CDB510B,0.71171606
CC_D76009C47709,0.33625537
CC_D771775A58F5,0.19757333
CC_D77F9D613EF7,0.166991
CC_D7999C3EDE22,0.20292619
CC_D79BF1D26499,0.20207441
CC_D79C05885899,0.10373732
CC_D79D4F15D10C,0.0380514
CC_D7A11E3512D2,0.046438716
CC_D7AD7A7279C4,0.16757195
CC_D7B35055AF0D,0.15552069
CC_D7D99409D57E,0.29383636
CC_D7E403181D8F,0.13121663
CC_D808C7BA9399,0.12308891
CC_D80DE8B544F3,0.037446525
CC_D81D19AEFB77,0.021802716
CC_D81F317F6384,0.12060388
CC_D844D9DF962C,0.11091585
CC_D847D978387D,0.05550435
CC_D85C7B85C440,0.26888713
CC_D885591596E7,0.092727564
CC_D887D07BDE23,0.35581562
CC_D88ACC0CFDA5,0.12946278
CC_D88BDD0F510C,0.0475209
CC_D8956424CB37,0.5120553
CC_D8959BB99A7F,0.36372253
CC_D89A9A14B5E8,0.054897297
CC_D8AD01F3CCE7,0.045553766
CC_D8B4122DC296,0.13045669
CC_D8C38B187875,0.7889709
CC_D8E55509595E,0.055920888
CC_D8E6B90C37A3,0.10739597
CC_D8F1AECFCC2F,0.05903966
CC_D8F7672C70D7,0.05280411
CC_D8F7E904E7DF,0.1962847
CC_D8FEF1C99F88,0.69373536
CC_D90761F9E9C9,0.37225887
CC_D90D9D5C8FEB,0.08953561
CC_D912917A4F4E,0.73645955
CC_D91ECE64FD0C,0.113344975
CC_D9325E5695D5,0.06095988
CC_D9563654A397,0.22519913
CC_D95766A6C24F,0.14464346
CC_D95939B1BBFA,0.07098686
CC_D96729C38BC9,0.100973494
CC_D9791EFF766C,0.1985553
CC_D97AA7C54F6D,0.1301425
CC_D98BA5CE8EE6,0.40887177
CC_D991DAD5413D,0.1293565
CC_D995C89AA359,0.22029792
CC_D9A54F55AD6A,0.10670991
CC_D9B87A96C353,0.3155055
CC_D9C42B0B6A0C,0.194155
CC_D9D487E78FAF,0.64112705
CC_D9D744A66B09,0.103029944
CC_D9DA3F6E2E7E,0.13520794
CC_D9E5792258E4,0.089156605
CC_D9E6B9CBEB77,0.048466057
CC_D9F0CDB02AC6,0.13260028
CC_DA0201D1BCF2,0.09376212
CC_DA0500AFE692,0.06117675
CC_DA0E0BD3880D,0.33472064
CC_DA10F53AE655,0.64064753
CC_DA1643A835A2,0.104722925
CC_DA1C5BAB7E35,0.48098707
CC_DA1DC6A6371D,0.19344647
CC_DA1E6B31DD2A,0.6993315
CC_DA1F282809D0,0.024229173
CC_DA226442D919,0.76242954
CC_DA31EC318B1F,0.05879939
CC_DA33597C6459,0.11575415
CC_DA43CFB5CC2F,0.17049544
CC_DA481C72B8A4,0.20973244
CC_DA55447636EB,0.039675124
CC_DA5AE34842E3,0.11596896
CC_DA6880B018AC,0.20049974
CC_DA700A961616,0.14477709
CC_DA7E65F1E6AA,0.05943671
CC_DA80FAA7FE30,0.12181908
CC_DA8DCCC1199D,0.32446167
CC_DA8EA724C1D3,0.37147915
CC_DA8FA65D1924,0.025514036
CC_DA99D1E41C3E,0.07709842
CC_DA9C3BEFD0B3,0.2033122
CC_DAA3B7FE1C62,0.08515044
CC_DAACE4211B34,0.16981614
CC_DAD239E56638,0.7726478
CC_DAD4BC090253,0.06599787
CC_DAEDBA26BA12,0.27960736
CC_DB1EB08EB40E,0.11970756
CC_DB2314ED6960,0.09796718
CC_DB25E05EC5CD,0.4243885
CC_DB3BE0C87882,0.059720058
CC_DB44628BC147,0.14189692
CC_DB562E602BA8,0.1327311
CC_DB61D7F5F8F2,0.70726866
CC_DB6498598C32,0.15003705
CC_DB6B59FB6E30,0.034862038
CC_DB801B947698,0.3450294
CC_DBB8C467FF1D,0.09312097
CC_DBCD21C2C322,0.06443748
CC_DBDB148E45DD,0.0865618
CC_DBDF9BFA7E87,0.120031506
CC_DBF5CD2D854F,0.22999658
CC_DC0077DE6E39,0.22493266
CC_DC23159A1F99,0.061386343
CC_DC2458827FD8,0.20088418
CC_DC2BE35D58AC,0.23981561
CC_DC49C8D3F7EC,0.61049324
CC_DC5DE66826E9,0.10146265
CC_DC6063FC6464,0.078859545
CC_DC771AE1B4BA,0.66519713
CC_DC7DEBC30E17,0.43475977
CC_DC978F3A711F,0.72469074
CC_DCA2140C7BC4,0.19925821
CC_DCA5CE7C9DC3,0.12124313
CC_DCB5798049B2,0.13717584
CC_DCD10C95C942,0.4876652
CC_DCD145E8E729,0.31043926
CC_DCE0BFC03B86,0.04884721
CC_DCE75AE2FB52,0.040260606
CC_DCFCEEF21BA7,0.2953827
CC_DD12A8C462FA,0.082772516
CC_DD14867350AC,0.14950967
CC_DD232BC8881D,0.22503702
CC_DD2473D34D68,0.17708205
CC_DD2B5C4CD318,0.06705053
CC_DD4EC06C3A92,0.26578474
CC_DD5299DA8C1C,0.065602735
CC_DD59BFF18ABC,0.16676204
CC_DD6777E1B05C,0.052822743
CC_DD6EE1501B89,0.08029445
CC_DD78B52AE022,0.124940604
CC_DD7983A07B43,0.69046146
CC_DD80B5CC495F,0.11608113
CC_DD8956B71825,0.68462205
CC_DD8D40E7E2A9,0.12413789
CC_DD9972D0B63E,0.12530395
CC_DDAE70634ED3,0.10819082
CC_DDB4A9FF2B03,0.09853317
CC_DDB68302DA2A,0.15546899
CC_DDB9DEC9C037,0.059980582
CC_DDC610D2B2F0,0.09313715
CC_DDCAEC6BD9F0,0.2277987
CC_DDDF665EBD93,0.2962924
CC_DDE66EBF2157,0.064294934
CC_DDE8B7E9C7F4,0.32427987
CC_DE019FC36D28,0.4338248
CC_DE07076B04D5,0.12270528
CC_DE07AECD2361,0.045354027
CC_DE08A4514010,0.51856995
CC_DE093FAC5293,0.49499032
CC_DE17BC1C2324,0.051553737
CC_DE1B13B3E504,0.040727943
CC_DE4264861B73,0.09023986
CC_DE4810B88C51,0.30707514
CC_DE4EE8A16896,0.17720394
CC_DE523A2403BB,0.07961679
CC_DE52860CFBBE,0.16529004
CC_DE593193FB9C,0.19223136
CC_DE5A9B499ED4,0.06931477
CC_DE6AFFA63ABD,0.10684162
CC_DE7CEC14CCD5,0.61635524
CC_DE7D7B5BBB14,0.67440236
CC_DE81AAB7BF48,0.054562625
CC_DE8956D433E2,0.6696165
CC_DE8FB8D1CB71,0.35561115
CC_DE90D07B269D,0.2262727
CC_DE9A62529780,0.18634625
CC_DEA425EA8441,0.11127517
CC_DEBE01582EFF,0.19416167
CC_DEBFD4E79A38,0.038595695
CC_DEC97F13CB8C,0.18847442
CC_DECF1507C86D,0.15360166
CC_DED24C8D047A,0.10372534
CC_DEF4AEBD31C8,0.330676
CC_DF062F698349,0.08419977
CC_DF13D5CB626A,0.102451
CC_DF15C526CDC5,0.04467184
CC_DF1F6C68F7D2,0.14220905
CC_DF3EB88F509B,0.117813915
CC_DF4E332C886F,0.03293133
CC_DF514171DC30,0.14190233
CC_DF536CEAE5C0,0.07383048
CC_DF5806CC2CFF,0.15636274
CC_DF715690EF20,0.2893724
CC_DF718A37AF15,0.102197364
CC_DF7276DD74AA,0.107357845
CC_DF750B2D6872,0.33287114
CC_DF9FB6670627,0.07201204
CC_DFA65A0125D9,0.050880235
CC_DFAE355359B8,0.20089741
CC_DFEA562F7BCF,0.28001538
CC_DFEDAF0F0D6E,0.028915575
CC_DFF6F74C64B5,0.6800006
CC_DFF87DF16763,0.13303101
CC_E00D8ECE9FA9,0.13298507
CC_E027E36615C0,0.5089739
CC_E02E23CE49A8,0.09710354
CC_E030B3AEBF19,0.15852146
CC_E031A4C862C1,0.19559413
CC_E0339B331F4F,0.105229214
CC_E038981B2FEE,0.10939635
CC_E0463868968B,0.17857927
CC_E05A8621B581,0.32446167
CC_E07FB0312232,0.15648594
CC_E088594E0624,0.14730279
CC_E09AC3B1E534,0.09736138
CC_E0AC29AFCF97,0.14406914
CC_E0BAC6E0D0DA,0.048270013
CC_E0DDDA07F0A1,0.12861438
CC_E0DF45AB72B6,0.21663141
CC_E0E1F8E7379E,0.09394835
CC_E0EF095444A5,0.1656263
CC_E102E4F7F8B4,0.18179417
CC_E109B4CA6A8D,0.11884303
CC_E11470A2D92C,0.47878274
CC_E117B8A6ADC6,0.03230313
CC_E128015073F3,0.10169553
CC_E131D5EB9237,0.21047501
CC_E14A24095E9F,0.13037105
CC_E14CADF89123,0.5386421
CC_E16876025011,0.053635668
CC_E16C71C15D04,0.7506082
CC_E16F1BB83653,0.05633396
CC_E17448FB08EF,0.46703675
CC_E17AAACEB07D,0.0743898
CC_E1875522DC57,0.15063123
CC_E18A0734641A,0.12280208
CC_E18A22453843,0.08013541
CC_E1B4E3360C0F,0.17466184
CC_E1B5AE645169,0.057927556
CC_E1B71F6B7DD2,0.30677864
CC_E1D073F693A2,0.32355314
CC_E1EA83C31C66,0.09762465
CC_E1ECAE226485,0.25742534
CC_E1F0C5076481,0.058598574
CC_E1F78CE289D8,0.0370109
CC_E1FBCECE0A54,0.205955
CC_E1FD46CA26D5,0.09989108
CC_E20E7C7164A6,0.7439327
CC_E211E2698C14,0.037462477
CC_E21B4F587C45,0.14917469
CC_E22A278A1386,0.06679233
CC_E24078C03B7C,0.15928932
CC_E2452737F950,0.1540594
CC_E246119AA09C,0.7379766
CC_E246942C7310,0.08700419
CC_E2474A334F3D,0.06496701
CC_E2489637D0E8,0.14756262
CC_E2521AF9C2A2,0.089185804
CC_E253F4AC4762,0.5924977
CC_E257805D0F0A,0.19091998
CC_E25A924EDB70,0.0955362
CC_E25B5D5502AD,0.10381839
CC_E2619E24BEDD,0.73861045
CC_E274DAF3C064,0.06061772
CC_E2787CBDFBF1,0.14826624
CC_E28AE2E68BB7,0.7021503
CC_E2C3E272D059,0.19918007
CC_E2D653061523,0.4233514
CC_E2ECDC7D23EE,0.118781686
CC_E2F0E725C3AB,0.059683368
CC_E2F7712CD056,0.16966753
CC_E2FD7FCF0AD5,0.79745185
CC_E308C7DFB2F2,0.13773818
CC_E30B791D5F11,0.19438043
CC_E315F7A94400,0.35044584
CC_E31DAB1E73F5,0.06626515
CC_E32034C97E83,0.24621095
CC_E32DBED5EAC1,0.24060239
CC_E32DDDDEE3CB,0.18999374
CC_E343EC3EB052,0.7208655
CC_E34A04E78D60,0.10663112
CC_E3503B565AD0,0.3355821
CC_E356B05ADD56,0.16813758
CC_E35D02BE6780,0.018328356
CC_E369AAECB2B1,0.49797383
CC_E36ACDB4F96F,0.49524462
CC_E36C7F0E1657,0.8409095
CC_E381FD4674D5,0.030444315
CC_E38E3835121E,0.051916204
CC_E3A70438A0C1,0.2604905
CC_E3B5C76189F3,0.2121288
CC_E3B7B7E57889,0.14943494
CC_E3CCC0D886D9,0.19947845
CC_E3DD8AD10171,0.28580964
CC_E3E230CF20A1,0.21689342
CC_E3E4B2543CCB,0.06818059
CC_E3E5DF01E014,0.17701834
CC_E3EB157288A2,0.08724344
CC_E3FBDA203EDF,0.15016155
CC_E404FCA6CB2B,0.67271745
CC_E4054F9C8442,0.3075005
CC_E405D808772F,0.03495469
CC_E4137B250609,0.27622765
CC_E41482A7E968,0.07911123
CC_E421FA1874F4,0.09418
CC_E42C38BBBD04,0.16696233
CC_E42D90BFB285,0.04937292
CC_E42EFC05C891,0.077840365
CC_E430F3C75969,0.11252156
CC_E4576D6B6478,0.117916204
CC_E46B27A13728,0.33915535
CC_E4783FB590D4,0.16181256
CC_E489009C6500,0.15038005
CC_E493CB46177D,0.09436075
CC_E496AFA9B40A,0.34264967
CC_E4A2FFE0EE1F,0.12803951
CC_E4C553538385,0.3204493
CC_E4C7B5501ED1,0.18795907
CC_E4C8A5A60F51,0.16884911
CC_E4C94AB69214,0.4407087
CC_E4D75244E8B8,0.24483337
CC_E4D9A8EEDBAE,0.20030254
CC_E4DF787730AA,0.13396026
CC_E4E0DC070132,0.13940114
CC_E4E3C08B7F86,0.058138996
CC_E4FEEB4389C9,0.48202583
CC_E50598344DD9,0.40050128
CC_E50C634A9A18,0.030683763
CC_E5107337FDD7,0.04204111
CC_E511BFCFEC9E,0.679456
CC_E51318749E09,0.11382392
CC_E53FE6708AD9,0.63804805
CC_E54290FEA34D,0.11989733
CC_E54B723C018B,0.05190896
CC_E554618F383B,0.09190792
CC_E557336955A2,0.103802025
CC_E55B48E73651,0.17828193
CC_E55D8DC645B9,0.058819756
CC_E575DA02C575,0.23749445
CC_E576BD98A727,0.19640768
CC_E578DC77656B,0.16235518
CC_E57F3EAFD9A3,0.13527897
CC_E59A01603B7D,0.27149346
CC_E59B2D974CB3,0.24899176
CC_E5A1C44F0F07,0.71540374
CC_E5A8BDF6BFC1,0.15964514
CC_E5B284DA0E5D,0.10395898
CC_E5B8363BB378,0.5837618
CC_E5D8BFFA5F88,0.04883165
CC_E5DA04902EFD,0.24989973
CC_E5F53CFC20EC,0.061651256
CC_E5FAECE63C59,0.5631392
CC_E5FB6E872C58,0.04127325
CC_E6045565E7ED,0.10230337
CC_E60845ADC7F1,0.033449735
CC_E61567D6B392,0.10971818
CC_E62174AFA94C,0.13278575
CC_E6247DD14641,0.11195182
CC_E6289A61F0ED,0.09317399
CC_E62E32FB6FBB,0.019929074
CC_E62F6BE942DC,0.18429422
CC_E63E49B128AE,0.087571576
CC_E63F89885A3E,0.7679879
CC_E6466E6A92CB,0.27984753
CC_E64BC95F8B2A,0.8166229
CC_E64C652BBAB2,0.08032414
CC_E659DB355476,0.17604019
CC_E65C8BA5A7CE,0.07436749
CC_E65F39446752,0.36804578
CC_E67395791589,0.16026601
CC_E67622A69EEF,0.083599456
CC_E680830CAEF3,0.053890217
CC_E6823643AC4C,0.71979064
CC_E683F33931BB,0.11944432
CC_E68841DEB163,0.08035006
CC_E68B2C33D180,0.119556524
CC_E68EE6EC2618,0.048401486
CC_E69508D3D3F1,0.2697412
CC_E698F1348426,0.22313106
CC_E6A178F3709D,0.13860992
CC_E6A4B6E8619C,0.6930484
CC_E6B3887C66BB,0.27604347
CC_E6B6BBBDBEDB,0.34364054
CC_E6DBD0F9DC3B,0.075388685
CC_E6F090F70DDD,0.25562936
CC_E6F2D8CB45C6,0.11433965
CC_E6F8FBEDA2A7,0.09362482
CC_E70854CDFE9C,0.060996916
CC_E71C05F07F85,0.052990016
CC_E72797CABC60,0.063323565
CC_E727C1153226,0.08666605
CC_E73489D828C7,0.11027954
CC_E7355465CE6A,0.10564294
CC_E73CDBC743FF,0.23198327
CC_E74F00E75A4F,0.07577101
CC_E751F7E19192,0.11661128
CC_E7522AD6431A,0.562876
CC_E7523630D2D9,0.24400225
CC_E767372DD95A,0.6344892
CC_E76C5DFD3BA6,0.23482649
CC_E77326438575,0.19971277
CC_E77E29E11EB1,0.16160846
CC_E78F20B3223F,0.7580798
CC_E79A23E64518,0.07401432
CC_E7AC69AEA182,0.8444842
CC_E7B754CA9668,0.05682412
CC_E7BA60365AE8,0.13751568
CC_E7C95D4A741C,0.09263267
CC_E7D3D728EC5B,0.2240423
CC_E7E4D5F851D3,0.04518372
CC_E7EA49D37B64,0.35967055
CC_E7EF11A24F73,0.77962923
CC_E7F6F9A7EC65,0.056891512
CC_E7FBC7F69DBB,0.20519288
CC_E80B1A55A74D,0.15728885
CC_E824AB0AFDBB,0.21275535
CC_E826DAC92D9D,0.19969286
CC_E83AB7100D06,0.122772664
CC_E83E6D31EC76,0.24245922
CC_E86650461FBE,0.19966175
CC_E868A3754B11,0.85196245
CC_E86A993F7D05,0.07725011
CC_E87992FBEE80,0.67007214
CC_E87B909C4DDD,0.18385795
CC_E8828BA7EE08,0.14727932
CC_E886157F6FBD,0.2977503
CC_E88711C5C98E,0.10098916
CC_E887680BB6CC,0.15752348
CC_E8909BF77D8D,0.10993323
CC_E8A82DA3A246,0.1281577
CC_E8AC7545DBD3,0.08270163
CC_E8BA6B224C3E,0.107629105
CC_E8C6CA45BF72,0.22660525
CC_E8D2E3126A8F,0.66440654
CC_E8E55DAC4FF9,0.050481316
CC_E8EB77AF3F78,0.8414953
CC_E8F2C6905503,0.36077067
CC_E90831F897A9,0.2188972
CC_E90B14D51185,0.4793648
CC_E9188329C9E7,0.08715992
CC_E91E1C0C0C61,0.76740825
CC_E91E9D34C5F3,0.11432761
CC_E91F555DBA96,0.13895342
CC_E932CFF4B4A4,0.21999975
CC_E93643CB34CA,0.18100491
CC_E937CA493910,0.11697322
CC_E9409A50B4BF,0.54420316
CC_E96711AD5512,0.049540054
CC_E96A3E6912B4,0.3900619
CC_E98AEE74B9BC,0.21998535
CC_E992FB78BC2D,0.31600636
CC_E9A3AECEE3A9,0.07533865
CC_E9BDA7766728,0.23928076
CC_E9BF1AFE86C3,0.18840107
CC_E9CA055AD1A3,0.10517479
CC_E9CA0A56E917,0.21022625
CC_E9D3453F53AC,0.61640865
CC_E9D46EFFA839,0.2133068
CC_E9ED872B6037,0.050612822
CC_E9F40C1B559E,0.14919862
CC_EA06928C0AA9,0.26801857
CC_EA0A46F64C80,0.17201617
CC_EA114B15FC04,0.57062376
CC_EA1F3F67BA2E,0.0929497
CC_EA21618614D1,0.6934756
CC_EA26B5A89181,0.21210426
CC_EA26C6C27662,0.2346091
CC_EA3B5AC76649,0.23015219
CC_EA4E669C8528,0.08161529
CC_EA6917E7A5C2,0.7941374
CC_EA8A25862433,0.11190051
CC_EA901D7CA670,0.18209822
CC_EAA2BCE323EE,0.71677047
CC_EAA6D5189190,0.09596228
CC_EAAA8DD7FAAF,0.13934171
CC_EAB7408CCE0E,0.34586596
CC_EABEDB3C4827,0.13382009
CC_EAC6D83D1BFC,0.023267275
CC_EAD7F3E9DAD1,0.05830522
CC_EADC7D8196C2,0.23746003
CC_EAE608E24E29,0.03768721
CC_EB05AD2C7C27,0.04660915
CC_EB1DA337E2D1,0.16507974
CC_EB1F425EC937,0.13224451
CC_EB2FE764BF6D,0.13951503
CC_EB55483587DE,0.10638697
CC_EB569B3E2E12,0.578227
CC_EB57E6E6C96C,0.16505611
CC_EB5A0FE0605C,0.1486941
CC_EB64EC97D01D,0.14784907
CC_EB691249B91A,0.1505577
CC_EB7C50A7D4C1,0.49883792
CC_EB7C52FDBEC3,0.27336115
CC_EB86FED24535,0.26716435
CC_EB89DECC2021,0.12293981
CC_EB999F9D6095,0.17441475
CC_EBA2F85924CE,0.068892084
CC_EBAC5A53FD11,0.058623962
CC_EBB109EF7619,0.17452402
CC_EBBD00C18763,0.050410815
CC_EBCA68C7854D,0.07345812
CC_EBCBDE122879,0.13618797
CC_EBDF6C88BBA5,0.08690966
CC_EBEDAC91ED43,0.069593966
CC_EBEEC4183FDE,0.050871566
CC_EBFD9D007253,0.45168728
CC_EC1ABC58E09A,0.20160277
CC_EC26EABA68DC,0.778236
CC_EC2A485A3E71,0.19220221
CC_EC3B9E2FE47B,0.09530098
CC_EC505F03EE5F,0.028286139
CC_EC5317EC6706,0.16482541
CC_EC5B7FBD1EA7,0.14774771
CC_EC5C7471FFC5,0.053860724
CC_EC5D92B3617B,0.17597307
CC_EC5E214BFED0,0.6818832
CC_EC6406527201,0.10799744
CC_EC79022358C6,0.2816924
CC_EC831A90189F,0.061325744
CC_EC87C131FADC,0.03968209
CC_EC88785D6F39,0.20430994
CC_EC9173F5284E,0.024338076
CC_ECB7B3B6272E,0.06454479
CC_ECBF4CED56D1,0.10191906
CC_ECBF80B94EAE,0.7930479
CC_ECC78B7AE3F1,0.5179325
CC_ECC7E9E691F5,0.13384888
CC_ECC9235F612E,0.2682726
CC_ECCB0BD557DC,0.1433604
CC_ECCCB1B4EA8F,0.07776381
CC_ECDDF4983DD9,0.05467256
CC_ECEE93C4F564,0.58353937
CC_ED07BD8B2CB3,0.05611014
CC_ED0F4A02A01C,0.292882
CC_ED11D72A1D3B,0.06700667
CC_ED165FC5A06F,0.05656111
CC_ED2B6A40ABC7,0.21479043
CC_ED390F22A931,0.09985096
CC_ED40E7CE5177,0.18687566
CC_ED4E4B13DB1A,0.048602577
CC_ED4F22572419,0.15649825
CC_ED5AE5CB1DC5,0.056025855
CC_ED6090A4E6E4,0.25307217
CC_ED645D91E6A5,0.10687434
CC_ED6B045B6075,0.20116462
CC_ED9313C71C57,0.14423616
CC_ED9BCE7C776F,0.70501167
CC_ED9D4644716C,0.1746007
CC_EDA794402358,0.25682244
CC_EDAADACD4DED,0.09215504
CC_EDBAD2E989FB,0.15008216
CC_EDC98B474E76,0.31965894
CC_EDD1FD49A66A,0.7309239
CC_EDD448008C0C,0.70162314
CC_EDDA3B790095,0.06769834
CC_EDF95BF0E3D6,0.20086211
CC_EE03D7C2BC69,0.0666229
CC_EE0D95184E81,0.032348335
CC_EE0FF690C214,0.5011771
CC_EE2412C352D5,0.10254867
CC_EE2A010019CF,0.06765008
CC_EE2AC730827E,0.057122935
CC_EE3236E6A9FD,0.122645274
CC_EE3759EA49FF,0.15525502
CC_EE38C78AD88B,0.43776748
CC_EE3CE0FD6B77,0.53473663
CC_EE6B7E58FC63,0.03773137
CC_EE6E02464067,0.25634044
CC_EE6E1FA7A753,0.13462715
CC_EE6FCE6C233A,0.25110427
CC_EE88C07B9333,0.0799714
CC_EE9004165810,0.071953885
CC_EE9BD17AD343,0.050379064
CC_EEA608D5A455,0.13860369
CC_EEAFDB1BB486,0.5203441
CC_EEB482736C41,0.19474562
CC_EEBD9DA093E1,0.044956326
CC_EEF23DDD2262,0.13441738
CC_EEFBDC9AD94A,0.08968361
CC_EF05000895F4,0.51049477
CC_EF16B2CE0988,0.37131247
CC_EF1DD3F0CBDF,0.060127314
CC_EF2D82085BB9,0.110462606
CC_EF2DBE79D656,0.25930047
CC_EF3000C48A4C,0.06581727
CC_EF359AF608EA,0.056008037
CC_EF362432D758,0.31150666
CC_EF548B30F1B6,0.21846418
CC_EF5B403DFD7E,0.103476375
CC_EF66DA0DDF9C,0.3322039
CC_EF70BA4AEEC4,0.15993941
CC_EF83DD56FCC5,0.071485385
CC_EF8B642A6F8D,0.05224443
CC_EFA1EB27DA19,0.04508399
CC_EFAE84EA9BDE,0.08225193
CC_EFB26BEA106E,0.34433693
CC_EFBB51CD8502,0.2350741
CC_EFC18E9B3B55,0.11886942
CC_EFC4B0020E2D,0.11891153
CC_EFC9FA5108D9,0.17588484
CC_EFE45D9B9D9C,0.03992522
CC_EFF27FA98DF1,0.05801667
CC_F000DA497736,0.26987225
CC_F00107DE219E,0.62991875
CC_F009FC54A64B,0.7982261
CC_F01DF28C6BFF,0.08830094
CC_F037C91F63BF,0.11586094
CC_F03FADA95A03,0.74670815
CC_F05235F3C894,0.1168909
CC_F0649FEBFEB8,0.43870816
CC_F066C78B5C0D,0.13934723
CC_F07313626618,0.67529935
CC_F0783F6A56F5,0.7732631
CC_F0791523691A,0.21501291
CC_F080750455CE,0.06482189
CC_F0809EBB0B51,0.022216855
CC_F08259F86E23,0.19717562
CC_F0929F859702,0.1570303
CC_F0A7203CCA39,0.12266544
CC_F0CD4DD9C63C,0.16947865
CC_F0D29AD328E5,0.14306194
CC_F0D339E5B80C,0.060044598
CC_F0D3BC14FA77,0.08644399
CC_F0E16D28D49D,0.1506432
CC_F0EBE2C00A7B,0.06759978
CC_F0F137758DC2,0.05775313
CC_F0F6BD40CA43,0.2474198
CC_F0F6FCF6010F,0.1738164
CC_F0FBC9D4ECA1,0.028724873
CC_F0FEE924096C,0.19556867
CC_F1074E035DE6,0.067633875
CC_F108D26930FF,0.28566596
CC_F10DB853B9DF,0.40246573
CC_F10E06D52D76,0.1345883
CC_F11F5F477B91,0.7184539
CC_F14913B5BE1B,0.722067
CC_F156C1647E3D,0.0856768
CC_F1598097E314,0.64886564
CC_F1641E3AAB3C,0.046047095
CC_F166878FB959,0.058244042
CC_F17540FE7C9F,0.101619326
CC_F175BB08B29E,0.052605595
CC_F1782AF286D0,0.33374777
CC_F1796AD4B774,0.58338374
CC_F17B3A3A5E56,0.59705037
CC_F1858D6F0080,0.18320897
CC_F18689FA8E29,0.062089056
CC_F18A82B0F153,0.12010101
CC_F1AE7142A128,0.10434151
CC_F1B43DD57C9C,0.10787988
CC_F1BCB7676492,0.09499733
CC_F1C8B8BB90AE,0.17294668
CC_F1E044CD2D75,0.21248318
CC_F1FCB96B5E14,0.26311237
CC_F2067E92A939,0.14081134
CC_F21512554CC9,0.09434081
CC_F243956B7575,0.0824503
CC_F24FBC9FD3F7,0.32090503
CC_F252EB3F208B,0.06535335
CC_F25D793346CA,0.35701787
CC_F25EB1ED5AD9,0.0825929
CC_F265A0AE845F,0.7713112
CC_F274BB4AEBE0,0.06250305
CC_F28BF2185131,0.075492136
CC_F29077E45AF0,0.24593757
CC_F2988560CAB8,0.3593443
CC_F2993AB36C56,0.094251655
CC_F29D6C65779E,0.07375236
CC_F2D2BADD0000,0.07292409
CC_F2E4AEB73D57,0.12347
CC_F2E630BAF431,0.036299113
CC_F2EFCB40AE74,0.1487089
CC_F2F085891915,0.72945637
CC_F3030E2C80A0,0.19293025
CC_F3044C7C16BB,0.045208048
CC_F30B21CB4603,0.11056127
CC_F3140FCE870A,0.089905955
CC_F32A84B321FC,0.16190408
CC_F339FF584607,0.24509612
CC_F33CEE0F6DBE,0.40609628
CC_F33DAF3E9CF0,0.1171131
CC_F34EC3FF202F,0.066335954
CC_F35A6C383B39,0.23480834
CC_F360E0FF27CA,0.06539622
CC_F36B7AEC0086,0.11947117
CC_F370665BECB8,0.6134804
CC_F373A60E53E8,0.037349958
CC_F373BDAE18B2,0.068487376
CC_F3745BC63340,0.06578141
CC_F37DC9169301,0.17052068
CC_F394E57C5243,0.21082956
CC_F39E98FD418D,0.080996834
CC_F39F51452381,0.035431698
CC_F3A52465664E,0.06860153
CC_F3A8CF761A0F,0.23034215
CC_F3BF1709E29A,0.3964566
CC_F3BF72C29211,0.065652795
CC_F3CF35465CF1,0.057046447
CC_F3E2186DBD4F,0.26367456
CC_F3F0F9B9B56E,0.13373688
CC_F3F185395BE1,0.12753658
CC_F3F68E6599E7,0.06402676
CC_F3F7763C9DFE,0.11301187
CC_F3FFF13592CE,0.06650025
CC_F410C3CE89E1,0.124792114
CC_F410C8B811FE,0.061781805
CC_F4132072D78E,0.11428761
CC_F4157B8E5B32,0.5338432
CC_F41CF067E828,0.102139816
CC_F41DC456E539,0.049544938
CC_F41EEF55A0EC,0.043812513
CC_F426B5C1F07D,0.33557612
CC_F437875F9000,0.2044963
CC_F43C961F8A30,0.14308627
CC_F43D9BF23472,0.044291638
CC_F444BE033109,0.16302446
CC_F4481124F17A,0.15973021
CC_F44EAAF80F70,0.11120031
CC_F4521F6D3492,0.41789192
CC_F46BD9AB1B68,0.12871948
CC_F4763AA0B824,0.6019516
CC_F47976F33E20,0.16961676
CC_F47E588D4470,0.19935732
CC_F4A2777912C2,0.13400015
CC_F4A6C2B23685,0.07091221
CC_F4B3EAEEEA8B,0.04058211
CC_F4C6CD1E720C,0.075410776
CC_F4D05DA98C83,0.07237438
CC_F4D15889CDE0,0.130688
CC_F4DEC1E6173D,0.049301397
CC_F4EFAD6AF8BD,0.30532533
CC_F4F7835A1FA2,0.19904138
CC_F500597795FB,0.15888226
CC_F5197FA9580F,0.69048977
CC_F5240F59146F,0.08648686
CC_F534A0B87C3B,0.1710733
CC_F536972BFE98,0.12901683
CC_F54FDFE5A5C8,0.08763753
CC_F55727F65F86,0.19704467
CC_F558EBDCDD6D,0.12408408
CC_F56D569AC51F,0.10565242
CC_F5714D180EE1,0.109960064
CC_F576ED9554AD,0.27731928
CC_F57C2559358E,0.18628836
CC_F5AA72FC0972,0.10532119
CC_F5AE7DEA2B48,0.08945977
CC_F5C6A5E9D495,0.19191946
CC_F5E0731F2181,0.21358503
CC_F5F4F3B03FE8,0.7743841
CC_F604D7B9CBD9,0.19737984
CC_F60F13391D61,0.17128403
CC_F618D72DF162,0.09025137
CC_F620B15ACC5D,0.07325395
CC_F62D426D6614,0.11187166
CC_F634999D5C1D,0.024089135
CC_F636E5BAEE47,0.18626438
CC_F6461B692240,0.69053465
CC_F65BAD63AED0,0.1964474
CC_F65DD2AC57E8,0.2643559
CC_F66C6577674C,0.048083708
CC_F670896FE959,0.15358594
CC_F67376F272EA,0.6708803
CC_F67FFE9E884E,0.24492429
CC_F683C99F06C1,0.12657838
CC_F68523E2CE7A,0.74540573
CC_F68E62F9AA0F,0.020842852
CC_F69604E05962,0.07787548
CC_F6B8913740B3,0.086756244
CC_F6BB4952DD35,0.25059667
CC_F6C0B7AC57B5,0.63118595
CC_F6D2B06E6E8B,0.6673839
CC_F6EB30A84C9F,0.2650226
CC_F70345A4792A,0.11784644
CC_F7068C1F77B3,0.33963063
CC_F70B0EA8C0E7,0.058250424
CC_F71CC97FCE83,0.09383277
CC_F722224A84F4,0.70129573
CC_F72D1046063A,0.24591509
CC_F72DAB32A281,0.067605264
CC_F733AA5C0ED9,0.07235401
CC_F74043C1BBEB,0.053304996
CC_F74A31E36137,0.059256125
CC_F756B167634F,0.21169865
CC_F75CBE8E1B92,0.48467144
CC_F761F7EEAD39,0.13701439
CC_F79303D62FCD,0.063481554
CC_F795134B52E6,0.63278013
CC_F79533E83ECA,0.09009297
CC_F79F9A7ED432,0.7623441
CC_F7B2FC73E020,0.04067018
CC_F7CF24594B20,0.06994907
CC_F7D31937AA89,0.04299196
CC_F7EFD378035D,0.32858318
CC_F8014B1E00D6,0.047735732
CC_F80ADE95A7C8,0.055609036
CC_F82E58E476A9,0.13107671
CC_F82EB123CC19,0.31956893
CC_F83088660331,0.13539855
CC_F83C6DF6A815,0.5168014
CC_F8620C4F7581,0.14462388
CC_F869F4DA5077,0.8070183
CC_F86B1C53EAF4,0.29205468
CC_F87B7F26FF51,0.25225395
CC_F8803D1C899B,0.072012655
CC_F892E51AC9DD,0.034604467
CC_F89C185743F0,0.14008065
CC_F8A4D45C3769,0.09253275
CC_F8AD68EA5A16,0.22043973
CC_F8B4DBD0CE8A,0.3680937
CC_F8F3E551F166,0.26799253
CC_F8F9FE2C9B65,0.29009604
CC_F912A50D0DD1,0.17126054
CC_F91B7C2B1AFD,0.11192774
CC_F925251D4BF0,0.37307057
CC_F925ADD60E7B,0.0653487
CC_F9282C144479,0.057812102
CC_F92EE3287CC8,0.09177365
CC_F93332608FE1,0.12295835
CC_F94070DE3B81,0.058854934
CC_F94C81428D20,0.22495317
CC_F95DFFDA9B12,0.37612015
CC_F96A53B02447,0.56424105
CC_F96A965CDCB0,0.62344676
CC_F9721FEDBE9E,0.15731743
CC_F97C3E145882,0.24622092
CC_F97C64C64052,0.09514725
CC_F98660A07E6A,0.7893656
CC_F98BA4B13724,0.08327361
CC_F9A3F3A76B1A,0.113731675
CC_F9A8E2B3A703,0.10559076
CC_F9B3E7E7F2A9,0.4084632
CC_F9D7D0B1E4A8,0.6680459
CC_F9EDA4EDDD44,0.052009888
CC_F9F2176B12FE,0.053487763
CC_F9F90E76CA5B,0.09764561
CC_FA0157249C01,0.09834769
CC_FA169BCA835F,0.10182465
CC_FA19B61BCABB,0.1389622
CC_FA1DD203C293,0.3016407
CC_FA2E30269BC1,0.19475655
CC_FA304CE8E045,0.21316476
CC_FA310759A257,0.62595344
CC_FA32397E7B8C,0.10582916
CC_FA33D97B84D4,0.099257514
CC_FA38991B9434,0.0432474
CC_FA4079FFF1E5,0.19797719
CC_FA716665CD8F,0.07505367
CC_FA770268B207,0.15680367
CC_FA7A2F59245B,0.44085884
CC_FA8205104EBF,0.091666736
CC_FA8370AF8740,0.044356376
CC_FA858F1025FF,0.13857974
CC_FA86320CF6B0,0.057295304
CC_FA8B341CD3EA,0.2550741
CC_FA9057AAF95B,0.0989661
CC_FA97314C666C,0.05026089
CC_FA974C1D91AD,0.37968934
CC_FAA0E5BC9F44,0.6953725
CC_FAA2694D8578,0.24805492
CC_FAAFFC74BC35,0.6894853
CC_FABA6DCF8E45,0.037899233
CC_FABC53294AC1,0.19192995
CC_FAC52B8E66DA,0.08860735
CC_FAD284D8DAC8,0.87482464
CC_FAE70CA5999C,0.13014159
CC_FAF1CCB40132,0.10520046
CC_FAF93D8B3B59,0.05395748
CC_FB09E5481B64,0.09868792
CC_FB150A1F7C3B,0.13243932
CC_FB1808471515,0.38270524
CC_FB296D823CF6,0.07483484
CC_FB301E1FA7FF,0.039348595
CC_FB33C958A19E,0.38845587
CC_FB40D63FC3D3,0.13789204
CC_FB45A1837AD7,0.099130355
CC_FB45B79CED15,0.1071959
CC_FB52260232E3,0.06225156
CC_FB6A0A7B8813,0.2341563
CC_FB6ED10D82D2,0.07857125
CC_FB78DE84AF05,0.025533814
CC_FB8DF8F93E7F,0.19516736
CC_FB8F89048B89,0.07641019
CC_FB9C3E77A49E,0.12751305
CC_FBA40CEAEA18,0.073887214
CC_FBA998938FE5,0.14859651
CC_FBADBAFCD1B3,0.26674175
CC_FBCB85E21ADD,0.12878323
CC_FBCD00EE4402,0.17910056
CC_FBD40DFBA5D5,0.20248458
CC_FBDECF3DACAE,0.24652168
CC_FBE4E2F652EB,0.18537058
CC_FBEA9510C687,0.23774824
CC_FBED1E2E1CC0,0.16095062
CC_FBF54E48EB13,0.057079073
CC_FC1E279EF320,0.053571228
CC_FC2E1D460089,0.084184185
CC_FC31CBD20CDF,0.1498134
CC_FC41D8134A1C,0.07004582
CC_FC44D7EF257E,0.053295363
CC_FC4A649BDD07,0.2576098
CC_FC51BCDBB6B2,0.12164504
CC_FC57B6E79AAC,0.19480374
CC_FC6AA879D9CF,0.12048014
CC_FC7A926F3A64,0.6994421
CC_FC83CB9C71CD,0.050596774
CC_FC9E6D511294,0.14903897
CC_FCA657E69930,0.31738698
CC_FCB451237214,0.7853044
CC_FCC7E51DF812,0.32799828
CC_FCD42ECC012B,0.053610455
CC_FCE8FAEAAEF1,0.11360107
CC_FCFAE9BE2522,0.3639734
CC_FCFDB5DFE5D4,0.08422561
CC_FD24FC7961A5,0.07315674
CC_FD2793DCB5EF,0.12722477
CC_FD2EEF724088,0.15004367
CC_FD3205367675,0.08548628
CC_FD3A21CDCA7C,0.09144886
CC_FD3C4C2FB68C,0.15974605
CC_FD41687DC1A0,0.12744772
CC_FD44B4E31EFE,0.07565179
CC_FD5721556AB7,0.08311106
CC_FD643C174587,0.32658365
CC_FD6BFA30DD9E,0.20328654
CC_FD7C9DD7F11B,0.16445735
CC_FD7F2D90CF8C,0.06191356
CC_FD8C4F601909,0.04202109
CC_FD90B45AA24E,0.10039084
CC_FD95457772AB,0.074129805
CC_FD9D9B58DB1A,0.21046445
CC_FDA918AEB5D6,0.5334047
CC_FDD4C2065540,0.33876285
CC_FDE57A2C5156,0.23521832
CC_FDE9920975F6,0.23985757
CC_FDEC856F9C6D,0.061071698
CC_FDEED2AA92A3,0.45802227
CC_FDF5607ECC1B,0.05879591
CC_FDFED3D7E70E,0.12025762
CC_FE0324F99784,0.11526934
CC_FE0A18D6570D,0.05137985
CC_FE0DACAC84BC,0.23916706
CC_FE16586C9FAB,0.23909429
CC_FE16FBC86237,0.15868983
CC_FE1C808C4515,0.06426657
CC_FE1E64201B9F,0.11628934
CC_FE33D60E29EB,0.03127625
CC_FE3ACE674BEA,0.13743806
CC_FE468E9AA9D9,0.030677024
CC_FE5AA923C220,0.1895436
CC_FE6C777DDC19,0.067466244
CC_FE6DD8C8EC90,0.25974417
CC_FE7A84AAA8F7,0.13095827
CC_FE7DB6B410A4,0.16417456
CC_FE8691B1F3D9,0.070636846
CC_FE874279A94B,0.10870817
CC_FEA61499305D,0.20132777
CC_FEC22B334AC5,0.1558091
CC_FF045F9508F2,0.16139042
CC_FF0EFF711598,0.25990367
CC_FF12F53D5676,0.057586487
CC_FF13D426EC1C,0.18637042
CC_FF16A7C8600F,0.22458747
CC_FF2236DC115C,0.40599614
CC_FF2725428B6F,0.07267916
CC_FF3176D91690,0.14030269
CC_FF393D295D66,0.055475563
CC_FF4598202C5F,0.6355652
CC_FF463A4B3D04,0.23427694
CC_FF4703F7664E,0.04522088
CC_FF86EC3C0851,0.4567095
CC_FF8A580DD831,0.16988277
CC_FF8BD8697ADE,0.122447304
CC_FFA681A2054A,0.056282792
CC_FFB6B2D2BB2A,0.36099932
CC_FFBFA27643F8,0.1512126
CC_FFC81CC80F9D,0.14868
CC_FFCC9C0763D4,0.09624526
CC_FFD4E33DC920,0.5457052
CC_FFDE11143038,0.061976634
CC_FFEF28047C4F,0.28834954
